0 1074 222880722
1 1296 223246872
2 1111 223474336
3 1112 223593115
4 1297 223783209
5 1315 224073581
6 1055 224192898
7 1277 224408566
8 1037 224530363
9 1092 224703143
10 1278 224876422
11 1222 225116331
12 1075 225299349
13 1056 225466217
14 1388 225584642
15 1111 225764550
16 981 225938089
17 1297 226158349
18 1408 226346850
19 1370 226567852
20 1371 226793186
21 1130 226965595
22 1111 227138578
23 1315 227316190
24 1093 227486895
25 1204 227668193
26 1296 227812325
27 1445 227990937
28 1111 228166088
29 1259 228340165
30 1129 228513242
31 1074 228684448
32 1315 228805821
33 1111 228986307
34 1112 229164051
35 1351 229334832
36 1111 229461518
37 1074 229631020
38 1574 229751262
39 1093 229920023
40 982 230044784
41 1259 230213341
42 1056 230328213
43 1074 230448011
44 1297 230633123
45 1074 230853736
46 1111 231017496
47 1389 231148127
48 1092 231323777
49 1093 231502815
50 1167 231721224
51 1129 231956856
52 1056 232131153
53 1259 232301246
54 1092 232526839
55 1092 232697580
56 1333 232865933
57 1111 233000193
58 1074 233263917
59 1278 233439159
60 1148 233609290
61 1111 233782347
62 1259 233956423
63 1111 234081739
64 1129 234259574
65 1259 234432946
66 1130 234605651
67 1111 234724838
68 1222 234852876
69 1296 235026600
70 1444 235149398
71 1277 235326270
72 1297 235446456
73 1092 235617514
74 1333 235737942
75 1092 235911092
76 1352 236040130
77 1260 236169280
78 1259 236343912
79 1055 236492544
80 1148 236665805
81 1056 236842158
82 1055 237015345
83 1352 237138754
84 1074 237308663
85 1130 237479405
86 1259 237668759
87 1167 237887038
88 1074 238109522
89 1704 238344598
90 1092 238516619
91 1093 238690380
92 1352 238862197
93 1092 238981199
94 1055 239155349
95 1352 239328036
96 1092 239503149
97 1093 239682798
98 1352 239888300
99 1074 239999098
100 1111 240222396
101 1260 240410508
102 1111 240581603
103 1129 240704401
104 1408 240875624
105 1074 240997848
106 963 241171887
107 1167 241395481
108 1093 241620242
109 1149 241788058
110 1148 242020634
111 1074 242204895
112 1055 242435267
113 1278 242558157
114 1056 242729251
115 1093 242847863
116 1352 243097031
117 1037 243268255
118 1482 243448664
119 1259 243620851
120 1130 243788297
121 1129 243958262
122 1259 244127319
123 1444 244294950
124 1055 244462600
125 1352 244631842
126 1370 244801381
127 981 244974401
128 1277 245091903
129 1111 245265719
130 1315 245434221
131 1407 245616019
132 1093 245804817
133 1130 245986115
134 1278 246157691
135 1074 246342526
136 1093 246515324
137 1315 246682363
138 1092 246902846
139 1056 247078329
140 1352 247246979
141 1167 247365517
142 1055 247539871
143 1204 247712187
144 1074 247940356
145 1111 248116283
146 1296 248360433
147 1259 248530601
148 1055 248733307
149 1259 248908864
150 1111 249091810
151 1111 249258756
152 1630 249378757
153 1111 249554518
154 1074 249740335
155 1519 249861651
156 1093 250035634
157 1092 250207099
158 1277 250378193
159 1111 250549157
160 1130 250719399
161 1389 250938956
162 1130 251164254
163 1074 251444718
164 1296 251665664
165 1075 251836017
166 1241 252011389
167 1314 252136854
168 1148 252332077
169 1111 252450986
170 1296 252622469
171 1074 252741063
172 1111 252912139
173 1297 253074529
174 1111 253202383
175 1093 253428810
176 1148 253549330
177 1111 253723536
178 1093 253849333
179 1185 254021576
180 1056 254149892
181 1203 254338246
182 1277 254448229
183 1055 254578175
184 1056 254757398
185 1352 255000159
186 1111 255173920
187 1111 255298588
188 1240 255515645
189 1093 255685072
190 1074 255908314
191 1445 256108871
192 1111 256291983
193 1111 256514594
194 1352 256708630
195 1093 256884964
196 1092 257111929
197 1130 257281041
198 1074 257457839
199 1092 257684174
200 1296 257857120
201 1074 258029046
202 1074 258203695
203 1444 258362678
204 1074 258541438
205 1056 258719495
206 1259 258958071
207 1074 259129257
208 1093 259254573
209 1259 259420019
210 1130 259590391
211 1351 259765078
212 1260 259988301
213 1074 260261340
214 1222 260479619
215 1352 260699602
216 1074 260833011
217 1055 261000383
218 1352 261125736
219 1112 261300663
220 1148 261425554
221 1334 261595092
222 1074 261799409
223 1074 261965984
224 1351 262137801
225 1074 262371729
226 1167 262503212
227 1519 262736881
228 1093 262959587
229 1019 263133903
230 1241 263306942
231 1204 263479240
232 1092 263652890
233 1222 263824429
234 1426 264005875
235 1111 264174710
236 1351 264289064
237 1130 264461435
238 1074 264637955
239 1352 264810179
240 1111 264983403
241 1370 265156923
242 1277 265328147
243 1314 265508982
244 1074 265677576
245 1278 265843799
246 1241 266066375
247 1111 266237543
248 1500 266366656
249 1075 266539194
250 1371 266660029
251 1352 266836512
252 1074 266958385
253 1093 267136460
254 1278 267255869
255 1277 267435501
256 1111 267609095
257 1426 267779300
258 1092 268002487
259 1056 268174081
260 1278 268300138
261 1074 268472899
262 1093 268598623
263 1370 268794347
264 1056 268967145
265 1314 269183221
266 1296 269347130
267 1111 269561131
268 1074 269735485
269 1296 269960357
270 1093 270130469
271 1074 270355952
272 1260 270554509
273 1074 270777715
274 1296 270949235
275 1370 271170366
276 1092 271402312
277 1463 271624017
278 1370 271790611
279 1092 272028261
280 1129 272272855
281 1371 272492781
282 1111 272667097
283 1148 272841542
284 1314 272968858
285 1111 273141840
286 1074 273318212
287 1278 273440972
288 1277 273675437
289 1148 273847308
290 1481 274070254
291 1093 274293884
292 1093 274516904
293 1259 274755720
294 1092 274926388
295 1315 275101296
296 1259 275271353
297 1056 275436428
298 1093 275625596
299 1352 275861672
300 1167 276060284
301 1055 276253562
302 1556 276428673
303 1074 276622155
304 1259 276796527
305 1278 276968658
306 1056 277091381
307 1055 277309087
308 1315 277437588
309 1074 277656923
310 1111 277827314
311 1444 278030112
312 1074 278229743
313 1408 278456577
314 1296 278681431
315 1075 278803654
316 1074 279034471
317 1648 279206897
318 1111 279372398
319 1111 279546472
320 1296 279721807
321 1092 279839679
322 1111 279970069
323 1166 280151330
324 1111 280324609
325 1111 280492777
326 1130 280666501
327 1037 280788910
328 1093 280962485
329 1259 281095874
330 1093 281291559
331 1074 281460059
332 1296 281647893
333 1111 281809821
334 1074 282030545
335 1259 282245066
336 1055 282467383
337 1055 282677459
338 1333 282849405
339 1297 283023110
340 1093 283192186
341 1334 283324151
342 1092 283571524
343 1074 283769489
344 1278 283897990
345 1092 284069011
346 1074 284250383
347 1352 284367403
348 1093 284539608
349 1111 284703795
350 1296 284871408
351 1075 285353483
352 1407 285527800
353 1519 285708431
354 1093 285847007
355 1074 286017176
356 1315 286139381
357 1130 286360142
358 1111 286481644
359 1259 286645572
360 1130 286779814
361 1111 286908372
362 1315 287139614
363 1241 287462486
364 1092 287640525
365 1148 287819415
366 1111 287993380
367 1111 288120159
368 1185 288255809
369 1111 288425866
370 1093 288591201
371 1277 288755240
372 1074 288933778
373 1130 289165909
374 1333 289343448
375 1075 289473690
376 1056 289640488
377 1389 289853471
378 1111 290014843
379 1074 290136104
380 1296 290297902
381 1092 290469367
382 1074 290643776
383 1333 290821722
384 1074 290994316
385 1445 291150743
386 1352 291364541
387 1056 291583302
388 1093 291803581
389 1297 292014916
390 1444 292181696
391 1074 292350086
392 1334 292514106
393 1111 292690978
394 1111 292863443
395 1351 292983667
396 1092 293152872
397 1074 293318966
398 1296 293485023
399 1092 293651136
400 1148 293815138
401 1278 293976102
402 982 294140011
403 1093 294309420
404 1426 294568774
405 1129 294797517
406 1074 294931166
407 1222 295169946
408 1074 295335466
409 1093 295501116
410 1129 295718748
411 1074 295888379
412 1111 296098936
413 1296 296270142
414 1074 296440569
415 1111 296711460
416 1314 296878980
417 1130 297100851
418 1093 297264519
419 1408 297431076
420 1408 297660059
421 1093 297878431
422 1666 298046896
423 1055 298168638
424 1056 298349380
425 1315 298590808
426 1074 298765995
427 1149 299045292
428 1259 299181813
429 1111 299346222
430 1093 299462056
431 1371 299639243
432 1333 299755504
433 1111 299919654
434 1352 300081952
435 1111 300285991
436 1407 300510252
437 1333 300732976
438 1111 300995199
439 1074 301159090
440 1223 301327943
441 1092 301491686
442 1093 301654039
443 1315 301871615
444 1092 301992098
445 1426 302154488
446 1445 302333582
447 1111 302527584
448 1092 302718586
449 1352 302913309
450 1111 303079996
451 1148 303244553
452 1111 303414351
453 1130 303582464
454 1111 303745151
455 1278 303855189
456 1111 304028395
457 1111 304253730
458 1333 304474435
459 1093 304666288
460 1074 304832623
461 1352 305005458
462 1129 305163441
463 1093 305274831
464 1278 305438462
465 1074 305546797
466 1074 305707725
467 1148 305831115
468 1093 306011950
469 1481 306188211
470 1648 306334398
471 1075 306502269
472 1093 306611623
473 1149 306772513
474 1092 306891867
475 1056 307059794
476 1149 307234851
477 1093 307451038
478 1111 307670688
479 1333 307845727
480 1130 308028691
481 1129 308298860
482 1278 308412769
483 1075 308579159
484 1111 308749754
485 1630 308916311
486 1093 309034979
487 1092 309203352
488 1278 309323168
489 1093 309547040
490 1185 309668690
491 1130 309789265
492 1092 309962823
493 1111 310126861
494 1203 310291567
495 1074 310454587
496 1074 310618829
497 1166 310786368
498 1111 310958610
499 1129 311150371
500 1334 311368224
501 1093 311551281
502 1111 311741913
503 1352 311904025
504 1093 312067749
505 1333 312290140
506 1259 312455215
507 1056 312668013
508 1093 312792144
509 1408 312963701
510 1092 313182722
511 1166 313466890
512 1315 313740058
513 1056 313954356
514 1074 314116932
515 1259 314283989
516 1093 314397305
517 1093 314559047
518 1389 314676586
519 1074 314793495
520 1092 314925015
521 1389 315150627
522 1166 315286296
523 1056 315467686
524 1241 315630225
525 1111 315839023
526 1074 316001265
527 1371 316165859
528 1111 316329231
529 1129 316538733
530 1334 316710419
531 1111 316928699
532 1148 317046089
533 1241 317272683
534 1093 317451148
535 1093 317665520
536 1315 317832114
537 1074 318045949
538 1075 318209265
539 1204 318439452
540 1074 318608472
541 1111 318785696
542 1407 318957309
543 1111 319176070
544 1093 319348960
545 1407 319517777
546 1129 319729686
547 1148 319891502
548 1352 320009374
549 1093 320238764
550 1074 320456951
551 1463 320600953
552 1093 320823676
553 1074 321055789
554 1259 321232680
555 1056 321457255
556 1074 321572572
557 1314 321738296
558 1092 321905816
559 1074 322067002
560 1259 322186782
561 1093 322357950
562 1277 322524415
563 1296 322751620
564 1074 322934084
565 1074 323108790
566 1278 323276569
567 1074 323393126
568 1056 323567220
569 1352 323685833
570 1277 323853298
571 1129 323970207
572 1185 324135134
573 1166 324307173
574 1111 324503304
575 1203 324635102
576 1055 324824622
577 1111 325025883
578 1278 325200014
579 1352 325367886
580 1204 325542091
581 1537 325707482
582 1092 325927113
583 1111 326156022
584 1222 326429709
585 1092 326602340
586 1111 326782193
587 1333 326950676
588 1055 327116159
589 1148 327280586
590 1333 327397477
591 1055 327563849
592 1111 327683350
593 1333 327899426
594 1092 328015150
595 1111 328244318
596 1667 328419708
597 1093 328604654
598 1056 328773137
599 1371 328892898
600 1129 329061715
601 1000 329224994
602 1371 329388662
603 1074 329502831
604 1092 329723999
605 1352 329947741
606 1259 331037094
607 1074 331224151
608 1574 331390782
609 1092 331513395
610 1074 331685415
611 1277 331859176
612 1111 332026288
613 1111 332209420
614 1259 332372366
615 1241 332491108
616 1111 332668424
617 1592 332842870
618 1111 333021890
619 1092 333239058
620 1518 333415337
621 1130 333587134
622 1111 333703192
623 1260 333870878
624 1111 334033750
625 1093 334207622
626 1278 334437512
627 1240 334704366
628 1056 334890700
629 1278 335509627
630 1092 335675166
631 1093 335838037
632 1112 336001666
633 1111 336165827
634 1092 336334216
635 1278 336495939
636 1074 336671774
637 1129 336896832
638 1277 337071815
639 1129 337214224
640 1111 337403781
641 1166 337571375
642 1111 337739728
643 1111 337859137
644 1278 338074601
645 1111 338188732
646 1092 338355882
647 1315 338550901
648 1093 338732995
649 1444 338926478
650 1167 339116905
651 1111 339285518
652 1074 339501853
653 1278 339748872
654 1055 339914448
655 1092 340080653
656 1259 340294376
657 1111 340465803
658 1074 340692138
659 1667 340926676
660 1111 341109585
661 1075 341280975
662 1259 341502310
663 1444 341666219
664 1112 341838368
665 1166 341957111
666 1092 342121872
667 1092 342289077
668 1166 342409227
669 1092 342634321
670 1204 342765470
671 1259 342962916
672 1092 343133510
673 1130 343350289
674 1148 343548902
675 1074 343763014
676 1092 343930423
677 1315 344095480
678 1148 344275926
679 1129 344498113
680 1408 344626466
681 1092 344806931
682 1074 345050636
683 1278 345212415
684 1074 345431639
685 1074 345601844
686 1260 345720068
687 1074 345935107
688 1111 346101702
689 1315 346280092
690 1074 346522556
691 1093 346698076
692 1129 346875504
693 1092 347043913
694 1129 347206266
695 1278 347370897
696 1056 347490083
697 1166 347659826
698 1333 347828179
699 1111 347993847
700 1111 348178330
701 1389 348364017
702 1093 348543222
703 1112 348786390
704 1297 348950799
705 1093 349112375
706 1074 349281710
707 1648 349398767
708 1111 349568379
709 1111 349734381
710 1203 349910642
711 1093 350188254
712 1093 350329311
713 1259 350460628
714 1093 350628259
715 1333 350795113
716 1259 350963355
717 1092 351132672
718 1055 351296766
719 1333 351460879
720 1093 351626343
721 1111 351805179
722 1352 351977847
723 1148 352177127
724 1074 352361628
725 1278 352549593
726 1074 352716094
727 1092 352936374
728 1167 353058819
729 1408 353218691
730 1111 353392526
731 1370 353564509
732 1092 353741844
733 1130 353914197
734 1240 354040477
735 1074 354205849
736 1075 354350572
737 1333 354517963
738 1092 354632465
739 1092 354746133
740 1333 354910153
741 1093 355076858
742 1093 355254730
743 1297 355471509
744 1426 355596492
745 1130 355769160
746 1334 355938828
747 1112 356160885
748 1093 356380498
749 1148 356546278
750 1130 356716557
751 1148 356882596
752 1203 357056172
753 1111 357282895
754 1148 357410730
755 1296 357642824
756 1074 357938900
757 1185 358105772
758 1296 358269792
759 1093 358438793
760 1129 358562517
761 1352 358723296
762 1111 358884538
763 1111 359061799
764 1407 359284486
765 1111 359456006
766 1056 359582822
767 1352 359747490
768 1093 359911288
769 1092 360078401
770 1296 360211662
771 1111 360377904
772 1093 360496406
773 1222 360661148
774 1111 360780539
775 1111 361008077
776 1352 361200097
777 1130 361437506
778 1278 361601804
779 1352 361768398
780 1074 361937585
781 1111 362154401
782 1333 362330736
783 1093 362493441
784 1296 362688720
785 1555 362913481
786 1093 363100964
787 1111 363281762
788 1352 363455782
789 1167 363676746
790 1130 363845970
791 1630 364059527
792 1130 364245065
793 1111 364468475
794 1296 364634791
795 1092 364808293
796 1130 365030683
797 1741 365255944
798 1093 365384853
799 1093 365549410
800 1278 365712319
801 1093 365876784
802 1111 366095619
803 1278 366262824
804 1222 366423529
805 1074 366643197
806 1352 366861643
807 1445 367043367
808 1074 367169720
809 1296 367422037
810 1130 367642260
811 1092 367854003
812 1297 368067115
813 1111 368246543
814 1222 368414804
815 1296 368531343
816 1130 368757992
817 1093 368927549
818 1296 369151329
819 1129 369377849
820 1092 369554406
821 1352 369716037
822 1333 369829705
823 963 369994170
824 1130 370113930
825 1111 370275451
826 1092 370387971
827 1259 370608065
828 1167 370795178
829 1223 370984920
830 1204 371170737
831 1111 371334183
832 1093 371501555
833 1314 371666446
834 1445 371779743
835 1130 371943800
836 1148 372059802
837 1111 372190897
838 1222 372420880
839 1352 372596382
840 1111 372724236
841 1112 372895848
842 1204 373014498
843 1111 373182944
844 1111 373407853
845 1148 373577929
846 1426 373690653
847 1259 373852988
848 1315 373970471
849 1148 374228454
850 1093 374397956
851 1648 374622828
852 1093 374791700
853 1092 375008573
854 1297 375173945
855 1185 375288096
856 1112 375452801
857 1297 375598784
858 1055 375774064
859 1074 375950047
860 1371 376126585
861 1111 376359550
862 1111 376604774
863 1277 376719072
864 1092 376930981
865 1130 377144593
866 1148 377365021
867 1093 377529708
868 1074 377742562
869 1389 377994508
870 1111 378175232
871 1111 378372641
872 1241 378606957
873 1092 378775663
874 1092 378991165
875 1352 379159963
876 1092 379379428
877 1093 379550392
878 1148 379716783
879 1130 379844673
880 1111 380015656
881 1315 380232861
882 1092 380448845
883 1092 380601124
884 1130 380768829
885 1111 380935997
886 1074 381051184
887 1278 381214667
888 1111 381380484
889 1056 381544781
890 1352 381658246
891 1056 381833877
892 1111 382008138
893 1148 382135399
894 1463 382300234
895 1111 382471569
896 1185 382634848
897 1074 382799757
898 1278 382964740
899 1352 383127297
900 1074 383343651
901 1149 383513948
902 1241 383689339
903 1203 383911989
904 1112 384147860
905 1296 384314436
906 1055 384480771
907 1093 384647513
908 1500 384865292
909 1074 385034368
910 1111 385202962
911 1259 385474426
912 1092 385694594
913 1111 385917280
914 1277 386100393
915 1093 386313801
916 1074 386481691
917 1593 386658730
918 1111 386832732
919 1445 386951881
920 1038 387120086
921 1129 387341977
922 1389 387520886
923 1296 387696313
924 1130 387819666
925 1093 387997279
926 1277 388171892
927 1093 388295615
928 1111 388461395
929 1685 388628193
930 1074 388796268
931 1222 388961103
932 1278 389125327
933 1074 389292736
934 1093 389515811
935 1574 389746535
936 1148 389936759
937 1092 390120668
938 1352 390287651
939 1093 390456393
940 1129 390572210
941 1148 390739137
942 1426 390854824
943 1092 391030696
944 1185 391211271
945 1445 391380865
946 1055 391505497
947 1352 391726720
948 1056 391899370
949 1074 392066279
950 1333 392181225
951 1093 392396430
952 1112 392510524
953 1333 392672989
954 1055 392789824
955 1111 392962122
956 1388 393083494
957 1240 393260403
958 1075 393451737
959 1277 393569443
960 1111 393734426
961 1111 393899261
962 1574 394066670
963 1093 394184282
964 1092 394362321
965 1297 394586822
966 1111 394710620
967 1148 394891844
968 1407 395067346
969 1092 395237644
970 1111 395402923
971 1278 395574314
972 1093 395791630
973 1130 396011854
974 1351 396176597
975 1074 396294654
976 1074 396465248
977 1278 396631805
978 1093 396763973
979 1000 396930864
980 1704 397048532
981 1389 397211386
982 1092 397381221
983 1259 397543945
984 1093 397656076
985 1074 397819744
986 1315 397956079
987 1111 398139618
988 1167 398314730
989 1371 398511176
990 1092 398680882
991 1260 398849031
992 1204 399069607
993 1093 399245997
994 1111 399412332
995 1352 399578241
996 1297 399801298
997 1129 400022115
998 1222 400146413
999 1130 400306618
1000 1092 400480231
1001 1351 400645677
1002 1296 400813734
1003 1130 400926476
1004 1166 401094052
1005 1314 401260961
1006 1074 401425444
1007 1334 401594630
1008 1111 401780743
1009 1592 402000726
1010 1277 402198098
1011 1111 402414451
1012 1148 402535082
1013 1129 402708954
1014 1093 402827029
1015 1112 402995919
1016 1278 403114439
1017 1092 403292071
1018 1111 403465850
1019 1463 403639074
1020 1112 403774797
1021 1111 404034799
1022 1296 404211689
1023 1074 404326672
1024 944 404493155
1025 1129 404613768
1026 1092 404779695
1027 1111 404894696
1028 1296 405067605
1029 1074 405295234
1030 1111 405418826
1031 1297 405541734
1032 1333 405710402
1033 1092 405877345
1034 1185 406091121
1035 1407 406251882
1036 1093 406419531
1037 1277 406633922
1038 1055 406810442
1039 1093 406961980
1040 1408 407145759
1041 1093 407320909
1042 1129 407558522
1043 1352 407730875
1044 1167 407896877
1045 1111 408061323
1046 1334 408181287
1047 1112 408349677
1048 1112 408512308
1049 1278 408683939
1050 1112 408857107
1051 1092 409034072
1052 1018 409166481
1053 1093 409382834
1054 1093 409550687
1055 1204 409717078
1056 1074 409883061
1057 1111 410105433
1058 1297 410325156
1059 1055 410494473
1060 1074 410670233
1061 1352 410893346
1062 1111 411037569
1063 1111 411181274
1064 1315 411349646
1065 1093 411512629
1066 1093 411678371
1067 1315 411797743
1068 1130 412020022
1069 1093 412208301
1070 1278 412384617
1071 1093 412598600
1072 1129 412766750
1073 1203 412903733
1074 1074 413102308
1075 1074 413267995
1076 1241 413385181
1077 1111 413547349
1078 1093 413713295
1079 1296 413929297
1080 1074 414274557
1081 1093 414497466
1082 1222 414667616
1083 1241 414788303
1084 1075 414934656
1085 1352 415150973
1086 1389 415269604
1087 1093 415431606
1088 1352 415651589
1089 1111 415823610
1090 1334 415946111
1091 1148 416114947
1092 1389 416309448
1093 1259 416581894
1094 1407 416760729
1095 1093 416895712
1096 1093 417066287
1097 1148 417233567
1098 1074 417456716
1099 1278 417578458
1100 1074 417747460
1101 1056 417915017
1102 1093 418145871
1103 1370 418334799
1104 1074 418510375
1105 1092 418688304
1106 1315 418855399
1107 1093 419021494
1108 1093 419192366
1109 1593 419305923
1110 1111 419471091
1111 1112 419585259
1112 1352 419751409
1113 1074 419918374
1114 1111 420093153
1115 1315 420267969
1116 1111 420440934
1117 1092 420609658
1118 1296 420729252
1119 1111 420947068
1120 1074 421119681
1121 1186 421290145
1122 1055 421456888
1123 1111 421632908
1124 1518 421856558
1125 1241 422027263
1126 1074 422160061
1127 1333 422352322
1128 1111 422577934
1129 1111 422701380
1130 1241 422870567
1131 1092 422988643
1132 1093 423155885
1133 1371 423323275
1134 1074 423500240
1135 1130 423726334
1136 1278 423901465
1137 1130 424076892
1138 1148 424247931
1139 1222 424414636
1140 1092 424579008
1141 1111 424696343
1142 1240 424864252
1143 1092 424982883
1144 1093 425146810
1145 1259 425321608
1146 1389 425495498
1147 1148 425639314
1148 1278 425840575
1149 1111 426007354
1150 1111 426218429
1151 1259 426378652
1152 1056 426501746
1153 1093 426675599
1154 1704 426792193
1155 1093 426969454
1156 1074 427145271
1157 1426 427268420
1158 1130 427501014
1159 963 427672497
1160 1389 427786980
1161 1074 427957630
1162 1111 428182095
1163 1666 428346115
1164 1092 428509431
1165 1056 428673765
1166 1482 428789988
1167 1055 428962749
1168 1092 429085028
1169 1259 429263974
1170 1093 429429623
1171 1296 429542273
1172 1481 429711682
1173 1092 429888554
1174 1074 430058722
1175 1315 430175075
1176 1111 430362410
1177 1092 430536653
1178 1296 430665914
1179 1371 430796341
1180 1093 430977917
1181 1370 431163678
1182 981 431333291
1183 1130 431496533
1184 1167 431712831
1185 1093 431931185
1186 1092 432099724
1187 1389 432283411
1188 1074 432505209
1189 1130 432733914
1190 1259 432855620
1191 1093 433020103
1192 1186 433135716
1193 1389 433305125
1194 1092 433518998
1195 1075 433686647
1196 1259 433800168
1197 1074 433988262
1198 1111 434117078
1199 1500 434291358
1200 1111 434424581
1201 1111 434658601
1202 1574 434852214
1203 1056 434968123
1204 1185 435133884
1205 1297 435301422
1206 1130 435465294
1207 1093 435580518
1208 1482 435758612
1209 1463 435979762
1210 1092 436101634
1211 1611 436245117
1212 1297 436458470
1213 1092 436576509
1214 1093 436739084
1215 1278 436853993
1216 1111 437022828
1217 1129 437193460
1218 1352 437408776
1219 1111 437628574
1220 1093 437805686
1221 1482 437980484
1222 1130 438160486
1223 1074 438342025
1224 1037 438461841
1225 1130 438630398
1226 1111 438749363
1227 1296 438920365
1228 1111 439037311
1229 1093 439222072
1230 1555 439393334
1231 1092 439570373
1232 1093 439752134
1233 1278 440014228
1234 1093 440180304
1235 1112 440297657
1236 1130 440464307
1237 1111 440625383
1238 1074 440791310
1239 1278 440954349
1240 1296 441125480
1241 1222 441299537
1242 1389 441419057
1243 1074 441544355
1244 1092 441716505
1245 1315 441882320
1246 1166 442079006
1247 1000 442193024
1248 1389 442371784
1249 1092 442543675
1250 1278 442712139
1251 1370 442849252
1252 1093 443027809
1253 1093 443208273
1254 1204 443448719
1255 1130 443615554
1256 1111 443730111
1257 1296 443947891
1258 1093 444173300
1259 1408 444340468
1260 1741 444458748
1261 1259 444633657
1262 1111 444859770
1263 1333 445083901
1264 1092 445213940
1265 1148 445384571
1266 1352 445503184
1267 1111 445670927
1268 1149 445791317
1269 1259 445958097
1270 1204 446175617
1271 1111 446369248
1272 1278 446533657
1273 1092 446754936
1274 1074 446888493
1275 1278 447025883
1276 1055 447191162
1277 1111 447361348
1278 1556 447531553
1279 1111 447654517
1280 1093 447818944
1281 1296 447983150
1282 1111 448158762
1283 1092 448330579
1284 1722 448457432
1285 1111 448792286
1286 1482 449084935
1287 1352 449252548
1288 1074 449423754
1289 1111 449588644
1290 1296 449743757
1291 1074 449957647
1292 1093 450127500
1293 1314 450301947
1294 1074 450522967
1295 1129 450694080
1296 1259 450820896
1297 1111 450984731
1298 1111 451150455
1299 1185 451319827
1300 1075 451438069
1301 1093 451605219
1302 1203 451768221
1303 1148 451935241
1304 1111 452076520
1305 1408 452317392
1306 1093 452448412
1307 1130 452737247
1308 1370 452960805
1309 1093 453186343
1310 1074 453355641
1311 1314 453573717
1312 1130 453743607
1313 1129 453959609
1314 1204 454136295
1315 1092 454323686
1316 1074 454452984
1317 1351 454632004
1318 1092 454798098
1319 1093 454910247
1320 1351 455077231
1321 1093 455247306
1322 1093 455407789
1323 1259 455615069
1324 1093 455779274
1325 1278 455955832
1326 1333 456183223
1327 1092 456352410
1328 1093 456537782
1329 1333 456706969
1330 1056 456831970
1331 1241 456995731
1332 1333 457112603
1333 1074 457307475
1334 1111 457424550
1335 1351 457600959
1336 1092 457774164
1337 1092 457900054
1338 1445 458095314
1339 1241 458336575
1340 1111 458451762
1341 1204 458620652
1342 1277 458787543
1343 1093 459010822
1344 1296 459176694
1345 1111 459389103
1346 1075 459555215
1347 1351 459732347
1348 1111 459907274
1349 1445 460087627
1350 1333 460260907
1351 1093 460428167
1352 1074 460603335
1353 1723 460767244
1354 1074 460944690
1355 1130 461058599
1356 1130 461225045
1357 1093 461417065
1358 1518 461598234
1359 1297 461773957
1360 1055 462012922
1361 1259 462179257
1362 1241 462347980
1363 1093 462517500
1364 1185 462681650
1365 1278 462841355
1366 1111 463001338
1367 1130 463189303
1368 1296 463414879
1369 1130 463602732
1370 1407 463827363
1371 1296 463996587
1372 1111 464166088
1373 1092 464382794
1374 1333 464496888
1375 1111 464661019
1376 1278 464773002
1377 1315 464937337
1378 1075 465052116
1379 1129 465223674
1380 1352 465394509
1381 1074 465571344
1382 1093 465741882
1383 1092 465872310
1384 1130 466044774
1385 1111 466160609
1386 1259 466337111
1387 1111 466546557
1388 1074 466768614
1389 1722 466990912
1390 1149 467219172
1391 982 467452896
1392 1278 467693453
1393 1093 467861788
1394 1093 468078012
1395 1037 468243884
1396 1130 468475904
1397 1112 468643868
1398 1352 468811981
1399 1093 468991612
1400 1111 469165836
1401 1315 469288300
1402 1093 469517913
1403 963 469686118
1404 1240 469799250
1405 1389 470010436
1406 1074 470128142
1407 1759 470295143
1408 1093 470412015
1409 1093 470579720
1410 1278 470697796
1411 1111 470868705
1412 1074 471046817
1413 1297 471190652
1414 1074 471358654
1415 1111 471524581
1416 1296 471642694
1417 1093 471808769
1418 1129 471975049
1419 1296 472137569
1420 1093 472270089
1421 1111 472443961
1422 1370 472569370
1423 1426 472701834
1424 1278 472966391
1425 1370 473130208
1426 1074 473348413
1427 1074 473511100
1428 1111 473685657
1429 1093 473800399
1430 1408 473966789
1431 1481 474136680
1432 1111 474375330
1433 1129 474544072
1434 1704 474721166
1435 1111 474888816
1436 1148 475103780
1437 1537 475274522
1438 1074 475443542
1439 1093 475653858
1440 1056 475856934
1441 1093 476066639
1442 1223 476294214
1443 1166 476477068
1444 1092 476655421
1445 1111 476940404
1446 1130 477110220
1447 1093 477280055
1448 1074 477492371
1449 1297 477658465
1450 1111 477826671
1451 1092 477941839
1452 1314 478115600
1453 1111 478285323
1454 1092 478407177
1455 1296 478533993
1456 1056 478705346
1457 1203 478872200
1458 1352 479091442
1459 1111 479260740
1460 1093 479473167
1461 1389 479633650
1462 1111 479810892
1463 1111 479977301
1464 1370 480150617
1465 1092 480324674
1466 1092 480504972
1467 1185 480672010
1468 1074 480791178
1469 1092 480959532
1470 1352 481127496
1471 1111 481290294
1472 1129 481405870
1473 1296 481582964
1474 1092 481752836
1475 1111 481927467
1476 1296 482109561
1477 1093 482435618
1478 1092 482602268
1479 1260 482719454
1480 1092 482888845
1481 1148 483054439
1482 1278 483220811
1483 1111 483387831
1484 1093 483567869
1485 1259 483792186
1486 1463 483960521
1487 1092 484129337
1488 1408 484306912
1489 1075 484433080
1490 1093 484696100
1491 1296 484809509
1492 1074 484971418
1493 1296 485131012
1494 1278 485297180
1495 1093 485472052
1496 1185 485652572
1497 1556 485830610
1498 1129 486014686
1499 1093 486178242
1500 1185 486355373
1501 1426 486522634
1502 1204 486689079
1503 1370 486904914
1504 1074 487069434
1505 1074 487236398
1506 1297 487417603
1507 1093 487592179
1508 1092 487724440
1509 1277 487888349
1510 1111 488001350
1511 1093 488170203
1512 1389 488336445
1513 1074 488505891
1514 1130 488670485
1515 1389 488780505
1516 1314 488900396
1517 1111 489120193
1518 1463 490934991
1519 1000 491070677
1520 1074 491241994
1521 1334 491358865
1522 1074 491525997
1523 1074 491640035
1524 1130 491806388
1525 1074 491962427
1526 1260 492176409
1527 1259 492398355
1528 1186 492522615
1529 1092 492703930
1530 1296 492888207
1531 1093 493056189
1532 1074 493224413
1533 1315 493390544
1534 1092 493504231
1535 1407 493667047
1536 1333 493783845
1537 1093 493956661
1538 1111 494184607
1539 1333 494364368
1540 1111 494542259
1541 1093 494708371
1542 1296 494874965
1543 1092 495040837
1544 1129 495156135
1545 1537 495320210
1546 1093 495428137
1547 1111 495592732
1548 1278 495711455
1549 1074 495948401
1550 1278 496071347
1551 1259 496244219
1552 1092 496409091
1553 1093 496620666
1554 1630 496834649
1555 1092 497051003
1556 1092 497214986
1557 1370 497422395
1558 1074 497602841
1559 1130 497777046
1560 1314 497897493
1561 1093 498078475
1562 1130 498350773
1563 1334 498517904
1564 1093 498643313
1565 1111 498811111
1566 1296 498929132
1567 1092 499098152
1568 1111 499215098
1569 1389 499397118
1570 1093 499570064
1571 1130 499694621
1572 1167 499915956
1573 1111 500080402
1574 1111 500246959
1575 1277 500464850
1576 1074 500684370
1577 1093 500845964
1578 1426 501012744
1579 1092 501284505
1580 1130 501490321
1581 1370 501719675
1582 1130 501896398
1583 1333 502131567
1584 1259 502319254
1585 1222 502483459
1586 1074 502648312
1587 1315 502763184
1588 1074 502928575
1589 1148 503091484
1590 1389 503267245
1591 1389 503440543
1592 1111 503616452
1593 1352 503791250
1594 1074 503956826
1595 1074 504076661
1596 1259 504248107
1597 1278 504362775
1598 1370 504536647
1599 1314 504654186
1600 1074 504819613
1601 1111 504986615
1602 1537 505161616
1603 1093 505297988
1604 1148 505483008
1605 1185 505646658
1606 1092 505813993
1607 1111 505978476
1608 1056 506194977
1609 1074 506457979
1610 1111 506669574
1611 1278 506885890
1612 1093 507110910
1613 1111 507232616
1614 1166 507410803
1615 1092 507605953
1616 1000 507725195
1617 1297 507893511
1618 1074 508010013
1619 1093 508176940
1620 1296 508341664
1621 1074 508506332
1622 1129 508623186
1623 1371 508844076
1624 1092 509019097
1625 1092 509143043
1626 1259 509313507
1627 1074 509430064
1628 1074 509597677
1629 1370 509765456
1630 1111 509930550
1631 1130 510098607
1632 1278 510266979
1633 1111 510439129
1634 1148 510620593
1635 1314 510762984
1636 1111 510908911
1637 1074 511076654
1638 1166 511195878
1639 1129 511362528
1640 1111 511480641
1641 1278 511645568
1642 1093 511756310
1643 1093 511934219
1644 1648 512157499
1645 1111 512383336
1646 1130 512562321
1647 1204 512732156
1648 1055 512851047
1649 1093 513021270
1650 1241 513143346
1651 1092 513260959
1652 1148 513429331
1653 1222 513596092
1654 1111 513719575
1655 1130 513894613
1656 1389 514066041
1657 1129 514243098
1658 1092 514427266
1659 1351 514543471
1660 1056 514708990
1661 1092 514917159
1662 1408 515081308
1663 1111 515189514
1664 1074 515415719
1665 1297 515634461
1666 1092 515806741
1667 1093 515937316
1668 1092 516130133
1669 1111 516297005
1670 1092 516413414
1671 1259 516582915
1672 1093 516796787
1673 1055 516962215
1674 1463 517078309
1675 1129 517255292
1676 1093 517428608
1677 1315 517651906
1678 1074 517874500
1679 1056 518090261
1680 1277 518313152
1681 1130 518524468
1682 1130 518784840
1683 1297 518975638
1684 1093 519152714
1685 1074 519323697
1686 1389 519444884
1687 1111 519617645
1688 1111 519757406
1689 1204 519957407
1690 1055 520127335
1691 1149 520245447
1692 1444 520415838
1693 1407 520580136
1694 1111 520744545
1695 1260 520961157
1696 1074 521150566
1697 1148 521376142
1698 1407 521499903
1699 1111 521683423
1700 1259 521994536
1701 1574 522164037
1702 1445 522338279
1703 1074 522502985
1704 1278 522620560
1705 1074 522787858
1706 1130 522903545
1707 1352 523113250
1708 1093 523282659
1709 1093 523487568
1710 1351 523613922
1711 1112 523783645
1712 1296 523948869
1713 1314 524114649
1714 1408 524327798
1715 1093 524500633
1716 1278 524634746
1717 1111 524801858
1718 1130 524975063
1719 1203 525195824
1720 1129 525419214
1721 1111 525653512
1722 1296 525873995
1723 1111 525985922
1724 1111 526155479
1725 1130 526332295
1726 1093 526497685
1727 1093 526661131
1728 1334 526835558
1729 1074 527057467
1730 1111 527182654
1731 1166 527309137
1732 1093 527476675
1733 1130 527640769
1734 1259 527809086
1735 1111 528026643
1736 1092 528210515
1737 1389 528325035
1738 1371 528491110
1739 1148 528633186
1740 1352 528802910
1741 1130 528973633
1742 1111 529154672
1743 1260 529386006
1744 1074 529560860
1745 1055 529729139
1746 1648 529894344
1747 1037 530055253
1748 1130 530171439
1749 1241 530400088
1750 1203 530618164
1751 1129 530793980
1752 1296 530982129
1753 1074 531222149
1754 1166 531337688
1755 1648 531507004
1756 1055 531675302
1757 1074 531841396
1758 1315 531956564
1759 1111 532120602
1760 1241 532269937
1761 1537 532492105
1762 1111 532616403
1763 1055 532737238
1764 1204 533010887
1765 1056 533226648
1766 1074 533395909
1767 1297 533508669
1768 1074 533675597
1769 1111 533842580
1770 1333 534006433
1771 1092 534136842
1772 1093 534335880
1773 1259 534592882
1774 1092 534780865
1775 1074 534945496
1776 1315 535167460
1777 1130 535380554
1778 1315 535599222
1779 1185 535814039
1780 1111 535929781
1781 1370 536109227
1782 1333 536326803
1783 1092 536507434
1784 1111 536693028
1785 1315 536861733
1786 1371 537030123
1787 1111 537193829
1788 1296 537413682
1789 1111 537536980
1790 1074 537700314
1791 1426 537813334
1792 1074 537988094
1793 1111 538210888
1794 1537 538335350
1795 1092 538463630
1796 1093 538631668
1797 1389 538794595
1798 1074 539009745
1799 1093 539128857
1800 1259 539292859
1801 1074 539454064
1802 1092 539635399
1803 1333 539808993
1804 1093 539928494
1805 1111 540109607
1806 1278 540397330
1807 1093 540616424
1808 1074 540787870
1809 1352 540956705
1810 1092 541124688
1811 1111 541287319
1812 1463 541528839
1813 1111 541821248
1814 1333 541995527
1815 1315 542121343
1816 1111 542299141
1817 1259 542509717
1818 1408 542693551
1819 1092 542860016
1820 1130 543077517
1821 1296 543242889
1822 1482 543402742
1823 1093 543568151
1824 1278 543749430
1825 1092 543919543
1826 1093 544056044
1827 1241 544247194
1828 1111 544418010
1829 1000 544634900
1830 1240 544802328
1831 1074 544967181
1832 1055 545137053
1833 1389 545249758
1834 1092 545474519
1835 1315 545699983
1836 1555 545874503
1837 1111 546006393
1838 1129 546219654
1839 1574 546379655
1840 1277 546499046
1841 982 546668806
1842 1259 546833030
1843 1093 547093716
1844 1111 547263514
1845 1352 547440645
1846 1092 547611369
1847 1093 547737481
1848 1241 547911205
1849 1092 548077985
1850 1351 548246357
1851 1444 548411488
1852 1130 548571934
1853 1111 548743343
1854 1371 548855770
1855 1112 549068679
1856 1130 549241792
1857 1574 549472016
1858 1111 549645147
1859 1130 549881167
1860 1092 550052484
1861 1296 550222893
1862 1093 550387746
1863 1296 550510877
1864 1130 550682545
1865 1148 550847399
1866 1629 551025660
1867 1130 551250624
1868 1075 551427255
1869 1445 551606701
1870 1093 551776332
1871 1111 551893093
1872 1130 552065020
1873 1314 552302763
1874 1093 552516412
1875 1259 552676932
1876 1092 552843008
1877 1092 553014825
1878 1278 553187623
1879 1222 553314662
1880 963 553457201
1881 1148 553637147
1882 1315 553750500
1883 1055 553916243
1884 1278 554033041
1885 1425 554201543
1886 1111 554323211
1887 1370 554501176
1888 1092 554722733
1889 1167 554899160
1890 1426 555081328
1891 1092 555330256
1892 1093 555495961
1893 1277 555658315
1894 1111 555776557
1895 1092 555991170
1896 1389 556108005
1897 1092 556322692
1898 1093 556440174
1899 1259 556614195
1900 1241 556877733
1901 1074 557054364
1902 1315 557216588
1903 1074 557335256
1904 1093 557502128
1905 1334 557620074
1906 1111 557788669
1907 1111 557908615
1908 1296 558090413
1909 1130 558315284
1910 1130 558544619
1911 1203 558676547
1912 1111 558915789
1913 1092 559085550
1914 1111 559205848
1915 1129 559375794
1916 1111 559494444
1917 1444 559654575
1918 1092 559823688
1919 1093 559941060
1920 1352 560115580
1921 1130 560272989
1922 1037 560397324
1923 1278 560617826
1924 1260 560790068
1925 1111 560953774
1926 1278 561117849
1927 1093 561280258
1928 1223 561395537
1929 1426 561570780
1930 1074 561735170
1931 1111 561911042
1932 1296 562129452
1933 1111 562350996
1934 1092 562519721
1935 1555 562636593
1936 1092 562809039
1937 1130 562922540
1938 1259 563091042
1939 1074 563252581
1940 1093 563431638
1941 1352 563660937
1942 1148 563884940
1943 963 564079627
1944 1648 564331407
1945 1130 564524779
1946 1093 564705929
1947 1260 564828597
1948 1074 565047173
1949 1111 565214786
1950 1297 565378065
1951 1074 565495271
1952 1111 565717846
1953 1315 565892366
1954 1111 566066015
1955 1093 566239053
1956 1203 566407703
1957 1130 566604444
1958 1093 566772056
1959 1241 566940650
1960 1111 567063614
1961 1092 567301060
1962 1352 567521654
1963 1111 567702100
1964 1074 567885342
1965 1278 568172288
1966 1093 568340623
1967 1111 568450939
1968 1333 568623052
1969 1074 568738701
1970 1056 568899609
1971 1297 569114684
1972 1426 569293593
1973 1111 569518965
1974 1500 569649040
1975 1111 569824727
1976 1314 569993266
1977 1389 570162267
1978 1074 570336731
1979 1112 570521306
1980 1296 570743512
1981 1074 570908865
1982 1092 571072996
1983 1371 571246460
1984 1093 571473554
1985 1111 571658278
1986 1167 571852150
1987 1111 572023244
1988 1130 572146653
1989 1333 572312099
1990 1093 572431433
1991 1092 572596472
1992 1111 572758602
1993 1130 572930617
1994 1130 573207651
1995 1555 573385781
1996 1074 573531171
1997 1111 573782524
1998 1630 573949877
1999 1148 574118953
2000 1111 574289473
2001 1352 574459122
2002 1129 574602235
2003 1092 574772514
2004 1315 574945293
2005 1130 575169683
2006 1112 575294425
2007 1315 575419075
2008 1111 575589465
2009 1111 575759800
2010 1296 575925931
2011 1074 576042488
2012 1111 576212101
2013 1352 576369936
2014 1222 576537383
2015 1241 576703404
2016 1314 576884055
2017 1130 577061593
2018 1129 577250780
2019 1371 577413392
2020 1056 577578838
2021 1093 577746562
2022 1130 577858305
2023 1074 578025455
2024 1111 578195716
2025 1407 578374403
2026 1093 578546682
2027 1129 578720740
2028 1370 578852723
2029 1148 579015965
2030 1093 579135466
2031 1278 579306227
2032 1092 579522007
2033 1111 579750268
2034 1296 579866399
2035 1074 580080993
2036 1111 580275847
2037 1148 580449478
2038 1111 580574202
2039 1092 580765111
2040 1352 580938316
2041 1111 581110133
2042 981 581274432
2043 1371 581447915
2044 1074 581667603
2045 1111 581834327
2046 1315 582011902
2047 1130 582236811
2048 1148 582363202
2049 1407 582542833
2050 1240 582709742
2051 1111 582826836
2052 1278 582995041
2053 1093 583158339
2054 1055 583324600
2055 1704 583437564
2056 1055 583603455
2057 1111 583771716
2058 1407 583948088
2059 1093 584121312
2060 1093 584252054
2061 1334 584419204
2062 1093 584631224
2063 1000 584799744
2064 1333 584918635
2065 1074 585085063
2066 1148 585195972
2067 1351 585413400
2068 1111 585638050
2069 1444 585865718
2070 1352 586080590
2071 1259 586386573
2072 1111 586507389
2073 1204 586729576
2074 1093 586895781
2075 1111 587115801
2076 1667 587283173
2077 1111 587498416
2078 1092 587675584
2079 1204 587850493
2080 1111 587970735
2081 1092 588211811
2082 1296 588380961
2083 1111 588550425
2084 1092 588720575
2085 1167 588933058
2086 1111 589096356
2087 1166 589267691
2088 1074 589436785
2089 1093 589693397
2090 1093 589918288
2091 1371 590165567
2092 1167 590319217
2093 1074 590541052
2094 1296 590655887
2095 1093 590826314
2096 1130 590945575
2097 1259 591107558
2098 1055 591218449
2099 1111 591386950
2100 1630 591560729
2101 1093 591684842
2102 1056 591861751
2103 1333 592078697
2104 1074 592259921
2105 1093 592503922
2106 1314 592674202
2107 1092 592841185
2108 1111 592960390
2109 1278 593123428
2110 1112 593243448
2111 1092 593417876
2112 1407 593683044
2113 1111 593860731
2114 1130 594025565
2115 1185 594240604
2116 1074 594405901
2117 1148 594619883
2118 1277 594787773
2119 1111 594954977
2120 1130 595124385
2121 1463 595349794
2122 1167 595527536
2123 1093 595660130
2124 1259 595912299
2125 1074 596079893
2126 1222 596249542
2127 1444 596423025
2128 1092 596594508
2129 1333 596778991
2130 1111 596945455
2131 1111 597122197
2132 1111 597295569
2133 1333 597420570
2134 1093 597598201
2135 1074 597766499
2136 1278 597931093
2137 1092 598101984
2138 1130 598217911
2139 1260 598383190
2140 1093 598601914
2141 1093 598780082
2142 1444 599003936
2143 1111 599133641
2144 945 599318864
2145 1389 599563884
2146 1074 599731719
2147 1112 599852850
2148 1333 600024204
2149 1111 600241205
2150 1130 600405836
2151 1371 600517671
2152 1092 600740710
2153 1129 600914582
2154 1444 601090861
2155 1111 601219122
2156 1074 601387901
2157 1445 601554513
2158 1111 601752089
2159 1111 601922645
2160 1481 602097165
2161 1074 602270796
2162 1093 602436668
2163 1371 602567984
2164 1092 602756412
2165 1093 602985950
2166 1185 603223007
2167 1093 603393379
2168 1111 603564992
2169 1519 603780530
2170 1259 603951254
2171 1092 604123904
2172 1166 604286924
2173 1148 604462092
2174 1111 604684760
2175 1481 604810502
2176 1093 604942892
2177 1074 605111894
2178 1334 605282228
2179 1093 605500526
2180 1111 605674102
2181 1333 605841622
2182 1129 606056494
2183 1055 606222236
2184 1278 606344682
2185 1093 606569331
2186 1333 606773833
2187 1611 606978686
2188 1074 607149521
2189 1093 607315670
2190 1277 607481876
2191 1093 607652821
2192 1074 607867008
2193 1259 608032306
2194 1130 608215492
2195 1111 608392160
2196 1389 608568699
2197 1093 608741885
2198 1074 608909887
2199 1333 609026111
2200 1111 609247260
2201 1149 609371576
2202 1203 609540171
2203 1111 609705857
2204 1333 609920877
2205 1333 610098175
2206 1093 610287176
2207 1111 610410493
2208 1352 610591772
2209 1111 610811681
2210 1111 611030127
2211 1370 611199758
2212 1092 611417167
2213 1111 611587131
2214 1315 611803780
2215 1129 611986615
2216 1130 612160301
2217 1277 612286877
2218 1371 612485859
2219 1092 612712639
2220 1370 612882992
2221 1074 613049901
2222 1056 613217661
2223 1555 613853293
2224 1092 614102461
2225 1074 614268573
2226 1296 614388945
2227 1111 614560354
2228 1074 614685948
2229 1371 614813764
2230 1056 614980414
2231 1129 615098601
2232 1315 615315380
2233 1093 615486548
2234 1093 615649679
2235 1296 615763218
2236 1093 615932145
2237 1444 616121128
2238 1370 616290500
2239 1166 616470853
2240 1408 616663113
2241 1259 616854966
2242 1074 617018449
2243 1111 617188209
2244 1444 617311377
2245 1129 617476286
2246 1166 617643880
2247 1389 617866603
2248 1093 618037734
2249 1092 618249514
2250 1334 618426663
2251 1093 618594183
2252 1074 618710166
2253 1556 618884834
2254 1093 619009576
2255 1093 619177837
2256 1038 619293227
2257 1129 619457470
2258 1093 619577193
2259 1315 619752417
2260 1111 619877678
2261 1093 620102327
2262 1278 620319940
2263 1092 620488423
2264 1093 620658646
2265 1185 620825574
2266 1074 620994094
2267 1111 621106169
2268 1260 621288837
2269 1055 621513043
2270 1130 621639581
2271 1371 621824971
2272 1093 622091621
2273 1111 622260530
2274 1685 622380772
2275 1315 622547588
2276 1093 622668497
2277 1278 622830443
2278 1093 622944963
2279 1241 623141335
2280 1759 623361578
2281 1111 623533561
2282 1074 623704618
2283 1148 623875101
2284 1111 624134307
2285 1167 624300234
2286 1148 624416458
2287 1111 624581422
2288 1092 624700739
2289 1149 624875351
2290 1129 625069798
2291 1111 625246336
2292 1204 625472338
2293 1093 625663339
2294 1426 625829008
2295 1296 625950621
2296 1111 626121215
2297 1130 626283920
2298 1370 626497644
2299 1130 626661738
2300 1112 626782147
2301 1222 626956612
2302 1111 627083873
2303 1093 627271337
2304 1260 627485616
2305 1389 627652377
2306 1111 627818212
2307 1630 628031362
2308 2518 628193290
2309 1111 628370254
2310 1314 628623849
2311 1074 628742943
2312 1111 628917890
2313 1389 629138120
2314 1111 629264124
2315 1092 629436811
2316 1334 629560034
2317 1111 629729036
2318 1093 629888408
2319 1222 630046891
2320 1241 630159837
2321 1111 630357820
2322 1259 630533026
2323 1111 630662138
2324 1092 630798566
2325 1351 630988938
2326 1111 631105828
2327 1093 631273607
2328 1259 631442683
2329 1370 631611499
2330 1092 631727686
2331 1315 631898206
2332 1296 632019763
2333 1148 632223228
2334 1148 632393174
2335 1111 632619379
2336 1093 632788566
2337 1185 633005642
2338 1111 633173643
2339 1111 633389330
2340 1222 633559054
2341 1111 633771389
2342 1111 633946798
2343 1259 634073818
2344 1111 634303801
2345 1074 634440080
2346 1129 634629786
2347 1074 634799046
2348 1112 634970992
2349 1277 635136624
2350 1111 635306903
2351 1112 635468756
2352 1296 635634647
2353 1130 635857204
2354 1111 636081039
2355 1389 636262133
2356 1130 636390375
2357 1075 636563284
2358 1241 636772101
2359 1074 636986065
2360 1111 637255011
2361 1296 637416365
2362 1075 637530884
2363 1074 637744645
2364 1370 637914517
2365 1111 638136741
2366 1055 638366020
2367 1222 638553762
2368 1074 638722745
2369 1148 638886043
2370 1352 639053081
2371 1111 639173287
2372 1092 639337807
2373 1259 639500864
2374 1111 639727754
2375 1111 639900219
2376 1352 640118202
2377 1093 640298018
2378 1112 640513686
2379 1370 640730540
2380 1092 640899301
2381 1111 641112543
2382 1259 641324526
2383 1203 641493139
2384 1093 641664140
2385 1222 641834364
2386 1075 642053717
2387 1130 642225534
2388 1241 642345702
2389 1260 642513240
2390 1093 642677186
2391 1389 642843928
2392 1074 642960652
2393 1148 643126727
2394 1444 643288432
2395 1315 643466544
2396 1111 643635953
2397 1297 643812954
2398 1074 643993789
2399 1074 644184920
2400 1259 644348792
2401 1075 644515700
2402 1092 644684517
2403 1667 644850036
2404 1074 645022630
2405 1111 645138835
2406 1592 645313004
2407 1111 645486283
2408 1111 645663377
2409 1315 645836508
2410 1074 646002528
2411 1111 646121622
2412 1704 646289753
2413 981 646448348
2414 1111 646612608
2415 1630 646729239
2416 1075 646964685
2417 1111 647186520
2418 1445 647422040
2419 1093 647559653
2420 1092 647744229
2421 1259 647912749
2422 1129 648085658
2423 1129 648259363
2424 1222 648423994
2425 1111 648640681
2426 1333 648757256
2427 1185 648932628
2428 1315 649152703
2429 1092 649327705
2430 1111 649567114
2431 1129 649732449
2432 1111 649853321
2433 1277 650026452
2434 1111 650145768
2435 1056 650323362
2436 1537 650441549
2437 1092 650609421
2438 1092 650729256
2439 1315 650946924
2440 1130 651164962
2441 1056 651322112
2442 1259 651488354
2443 1093 651654078
2444 1055 651821487
2445 1241 651985377
2446 1074 652153101
2447 1130 652266510
2448 1260 652445326
2449 1426 652667994
2450 1241 652796996
2451 1481 652937294
2452 1093 653195721
2453 1111 653359038
2454 1241 653570576
2455 1093 653732670
2456 1408 653948727
2457 1278 654109636
2458 1074 654327823
2459 1111 654508769
2460 1296 654733641
2461 1129 654906087
2462 982 655130514
2463 1352 655302460
2464 1074 655520684
2465 1092 655690797
2466 1259 655858706
2467 1111 656029466
2468 1111 656244264
2469 1666 656410229
2470 1112 656591026
2471 1500 656774269
2472 1129 656962863
2473 1315 657201105
2474 1130 657371273
2475 1166 657538516
2476 1129 657712610
2477 1111 657876371
2478 1370 658039224
2479 1240 658201541
2480 1056 658378579
2481 1296 658607470
2482 1093 658776730
2483 1112 658891250
2484 1611 659012067
2485 1111 659224735
2486 1093 659392403
2487 1278 659563090
2488 1093 659679740
2489 1296 659874501
2490 1333 660035132
2491 1130 660212948
2492 1130 660434931
2493 1314 660654137
2494 1111 660883490
2495 1222 661047769
2496 1333 661209197
2497 1148 661415735
2498 1111 661577218
2499 1296 661741331
2500 1093 661855943
2501 1093 662033889
2502 1371 662249761
2503 1092 662425763
2504 1314 662609450
2505 1204 662836247
2506 1092 663053842
2507 1111 663225232
2508 1333 663392067
2509 1093 663557346
2510 1111 663724477
2511 1593 663842460
2512 1130 664071721
2513 1129 664299038
2514 1407 664421910
2515 1111 664651837
2516 1074 664832265
2517 1222 665000655
2518 1093 665168638
2519 1130 665338362
2520 1278 665505271
2521 1074 665616587
2522 1111 665780459
2523 1408 665905701
2524 1092 666079166
2525 1130 666360334
2526 1370 666497095
2527 1112 666657133
2528 1093 666825783
2529 1333 666989303
2530 1130 667139934
2531 1092 667310825
2532 1351 667479697
2533 1092 667657439
2534 1130 667879940
2535 1333 668053053
2536 1074 668181980
2537 1074 668346982
2538 1389 668464279
2539 1074 668635207
2540 1296 668758486
2541 1741 668923728
2542 1092 669037841
2543 1093 669201231
2544 1111 669373936
2545 1093 669596567
2546 1500 669715624
2547 1186 669896551
2548 1093 670066608
2549 1130 670233980
2550 1389 670401482
2551 1093 670569409
2552 1093 670738966
2553 1352 670902449
2554 1111 671081469
2555 1370 671304934
2556 1722 671478269
2557 1111 671658140
2558 1000 671950549
2559 1204 672121050
2560 1111 672344737
2561 1111 672547498
2562 1370 672709796
2563 1074 672870038
2564 1111 673081354
2565 1277 673254356
2566 1093 673475246
2567 1463 673647970
2568 1296 673778749
2569 1092 673947899
2570 1111 674065789
2571 1278 674283920
2572 1055 674451663
2573 1074 674610701
2574 1630 674775073
2575 1093 674938852
2576 1130 675056002
2577 1277 675234615
2578 1074 675358653
2579 1111 675592803
2580 1259 675765286
2581 1093 675986657
2582 1111 676153918
2583 1277 676317679
2584 1315 676483717
2585 1352 676704755
2586 1389 676897257
2587 1093 677115999
2588 1111 677245019
2589 1111 677524299
2590 1111 677659874
2591 1092 677828913
2592 1260 677997562
2593 1055 678213879
2594 1092 678382325
2595 1240 678548493
2596 1111 678715902
2597 1111 678884348
2598 1259 679059664
2599 1111 679233017
2600 1093 679416926
2601 1167 679633983
2602 1148 679797874
2603 1130 679967764
2604 1241 680140043
2605 1111 680303656
2606 1111 680466824
2607 1389 680643474
2608 1055 680816494
2609 1130 680991921
2610 1259 681181460
2611 1130 681422702
2612 1074 681596018
2613 1296 681762187
2614 1056 681925466
2615 1093 682091838
2616 1759 682258284
2617 1074 682374693
2618 1074 682546806
2619 1296 682722085
2620 1222 682897161
2621 1111 683083125
2622 1166 683255701
2623 1074 683422665
2624 1111 683593389
2625 1315 683759816
2626 1092 683924133
2627 1074 684038393
2628 1315 684214617
2629 1111 684385082
2630 1111 684557269
2631 1259 684715178
2632 1093 684860346
2633 1334 685027755
2634 1537 685193257
2635 1204 685360147
2636 1426 685533686
2637 1537 685703576
2638 1093 685869615
2639 1111 686047376
2640 1297 686220544
2641 1240 686346935
2642 1092 686475177
2643 1167 686696530
2644 1074 686912847
2645 1074 687077848
2646 1148 687240479
2647 1092 687457018
2648 1148 687625760
2649 1296 687791558
2650 1056 687914763
2651 1389 688135283
2652 1556 688395840
2653 1407 688573620
2654 1426 688739603
2655 1259 688911308
2656 1111 689074495
2657 1092 689231793
2658 1278 689463498
2659 1075 689631462
2660 1111 689813946
2661 1759 689984429
2662 1130 690239560
2663 1092 690421062
2664 1223 690658137
2665 1093 690825824
2666 1111 690988252
2667 1352 691163754
2668 1111 691283237
2669 1259 691514257
2670 1334 691628240
2671 1092 691853631
2672 1130 692073336
2673 1314 692246653
2674 1111 692367506
2675 1111 692488822
2676 1259 692657694
2677 1111 692873418
2678 1093 693093475
2679 1278 693261291
2680 1111 693438830
2681 1092 693602313
2682 1371 693838425
2683 1130 694014390
2684 1222 694199058
2685 1167 694398763
2686 1130 694569302
2687 1111 694688618
2688 1129 694856083
2689 1111 695019881
2690 1092 695189475
2691 1667 695305717
2692 1056 695486422
2693 1093 695710164
2694 1389 695883870
2695 1111 696058445
2696 1092 696241614
2697 1277 696404969
2698 1055 696572250
2699 1092 696739642
2700 1723 696906513
2701 1092 697119552
2702 1148 697298053
2703 1370 697533221
2704 1111 697754889
2705 1148 697926557
2706 1334 698099021
2707 1075 698312726
2708 1111 698529598
2709 1352 698698229
2710 1093 698869916
2711 1093 699035751
2712 1537 699202734
2713 1148 699377569
2714 1093 699550348
2715 1167 699675627
2716 1222 699854444
2717 1093 700108704
2718 1111 700363909
2719 1314 700631096
2720 1167 700826930
2721 1111 700990210
2722 1260 701159155
2723 1111 701275213
2724 1074 701453510
2725 1278 701675401
2726 1130 701843402
2727 981 701967645
2728 1111 702143572
2729 1074 702268611
2730 1093 702438371
2731 1185 702560021
2732 1111 702728004
2733 1130 702944431
2734 1352 703111933
2735 1074 703353268
2736 1093 703529158
2737 1759 703722956
2738 1111 703857272
2739 1093 704028255
2740 1278 704188979
2741 1111 704399592
2742 1130 704562241
2743 1297 704724187
2744 1092 704890226
2745 1074 705068579
2746 1315 705241803
2747 1129 705408842
2748 1092 705630084
2749 1296 705850678
2750 1092 706017402
2751 1074 706188644
2752 1352 706361368
2753 1092 706528666
2754 1111 706698575
2755 1426 706818539
2756 1093 706994355
2757 1129 707167135
2758 1426 707286266
2759 1112 707463693
2760 1093 707634713
2761 1388 707753271
2762 1111 707920031
2763 1111 708037700
2764 1648 708213275
2765 1074 708378832
2766 1093 708553556
2767 1315 708727854
2768 1186 708904355
2769 1296 709087653
2770 1371 709289062
2771 1074 709461045
2772 1148 709643195
2773 1129 709864493
2774 1129 710027439
2775 1351 710190311
2776 1056 710367738
2777 1055 710536777
2778 1092 710758964
2779 1314 711014336
2780 1111 711142115
2781 1074 711308135
2782 1370 711426137
2783 1074 711590324
2784 1111 711708233
2785 1407 711872309
2786 1111 711990644
2787 1056 712157294
2788 1315 712340648
2789 1055 712513909
2790 1222 712644447
2791 1297 712847078
2792 1129 712966358
2793 1092 713130693
2794 1630 713244009
2795 1111 713412381
2796 1111 713531012
2797 1277 713693292
2798 1185 713814590
2799 1111 713989517
2800 1482 714111352
2801 1111 714289391
2802 1111 714505578
2803 1333 714666061
2804 1129 714842063
2805 1315 714957638
2806 1278 715118251
2807 1093 715233512
2808 1482 715400699
2809 1371 715570793
2810 1129 715746684
2811 1075 715914370
2812 1129 716089317
2813 1112 716263503
2814 1111 716426616
2815 1167 716590655
2816 1092 716712657
2817 1111 716878307
2818 1222 716997475
2819 1074 717212050
2820 1092 717382830
2821 1259 717559202
2822 1092 717684685
2823 1370 717920279
2824 1315 718138706
2825 1092 718313597
2826 1111 718477728
2827 1370 718595100
2828 1111 718760676
2829 1092 718923752
2830 1259 719102550
2831 1370 719280237
2832 1074 719399868
2833 1519 719576888
2834 1093 719738575
2835 1111 719906262
2836 1055 720107412
2837 1408 720265024
2838 1296 720431489
2839 1408 720645879
2840 1093 720811177
2841 1315 720980697
2842 1296 721156588
2843 1148 721284034
2844 1093 721421276
2845 1352 721636426
2846 1093 721860242
2847 1093 722082540
2848 1260 722304819
2849 1111 722469321
2850 1111 722637749
2851 1296 722820732
2852 1074 722995437
2853 1185 723170235
2854 1149 723369218
2855 1111 723514905
2856 1389 723688333
2857 1167 723859445
2858 1129 723978003
2859 1111 724150134
2860 1148 724317432
2861 1148 724480045
2862 1130 724651565
2863 1612 724874492
2864 1111 725045920
2865 1093 725218403
2866 1130 725434608
2867 1093 725549202
2868 1129 725722871
2869 1407 725889002
2870 1074 726047967
2871 1111 726161598
2872 1278 726351618
2873 1092 726522620
2874 1092 726700807
2875 1371 726829030
2876 1092 727018310
2877 981 727186923
2878 1278 727353109
2879 1111 727517222
2880 1130 727637390
2881 1296 727805003
2882 1092 727973838
2883 1352 728153636
2884 1592 728374582
2885 1112 728597768
2886 1111 728826622
2887 1315 728992827
2888 1093 729112551
2889 1111 729278997
2890 1741 729394665
2891 1315 729561463
2892 1111 729732780
2893 1426 729899170
2894 1111 730035394
2895 1093 730165136
2896 1703 730398453
2897 1130 730583306
2898 1092 730755734
2899 1278 730926587
2900 1111 731091237
2901 1111 731209794
2902 1389 731376295
2903 1093 731543260
2904 1093 731727854
2905 1334 731949448
2906 1093 732126357
2907 1074 732252266
2908 1055 732372305
2909 1444 732539140
2910 1093 732704715
2911 1556 732875161
2912 1093 733044496
2913 1074 733214387
2914 1315 733376925
2915 1092 733553372
2916 1092 733728577
2917 1315 733898745
2918 1111 734071691
2919 1074 734241378
2920 1278 734411972
2921 1112 734576362
2922 1112 734692234
2923 1314 734861329
2924 1074 735125701
2925 1074 735305554
2926 1352 735529796
2927 1167 735656279
2928 1111 735847892
2929 1241 736052245
2930 1075 736166172
2931 1093 736330155
2932 1296 736446305
2933 1111 736620954
2934 1111 736736678
2935 1593 736901012
2936 1111 737023773
2937 1130 737248589
2938 1518 737423128
2939 1129 737602204
2940 1222 737775316
2941 1222 737993355
2942 1093 738218467
2943 1315 738434598
2944 1129 738652859
2945 1297 738817952
2946 1333 738995713
2947 1241 739206622
2948 1111 739384216
2949 1092 739567625
2950 1333 739755478
2951 1111 739927017
2952 1185 740049037
2953 1370 740217705
2954 1148 740389373
2955 1111 740604115
2956 1630 740821394
2957 1148 740992377
2958 1426 741216786
2959 1407 741388824
2960 1149 741566510
2961 1111 741737345
2962 1371 741955828
2963 1481 742121867
2964 1130 742294350
2965 1260 742458536
2966 1112 742673278
2967 1093 742840039
2968 1704 742987576
2969 1092 743212031
2970 1111 743362310
2971 1667 743505589
2972 1074 743679072
2973 1093 743843685
2974 1037 744012705
2975 1093 744128447
2976 1093 744299115
2977 1407 744464654
2978 1333 744641230
2979 1111 744868287
2980 1278 745089084
2981 1129 745266309
2982 1074 745432903
2983 1259 745599553
2984 1112 745813573
2985 1093 745980427
2986 1241 746191743
2987 1093 746366393
2988 1241 746549950
2989 1203 746717156
2990 1074 746888435
2991 1074 747066030
2992 1314 747294106
2993 1204 747506107
2994 1111 747672702
2995 1185 747789185
2996 1074 747960316
2997 1093 748128744
2998 1333 748342005
2999 1074 748462414
3000 1130 748636841
3001 1389 748815713
3002 1352 749000955
3003 1130 749243901
3004 1018 749460866
3005 1074 749628256
3006 1167 749791313
3007 1278 749905444
3008 1112 750074760
3009 1129 750237244
3010 1426 750467356
3011 1370 750641284
3012 1111 750764563
3013 1333 750943250
3014 1093 751112881
3015 1222 751231327
3016 1351 751398940
3017 1092 751563164
3018 1074 751677388
3019 1370 751849612
3020 1092 752070836
3021 1111 752305226
3022 1407 752433376
3023 1111 752661026
3024 1149 752850138
3025 1222 753018159
3026 1111 753182513
3027 1092 753347015
3028 1167 753479720
3029 1111 753645703
3030 1111 753763946
3031 1204 753992040
3032 1241 754169097
3033 1185 754343062
3034 1482 754516304
3035 1075 754681898
3036 1111 754800808
3037 1352 755020124
3038 1055 755187145
3039 1074 755401443
3040 1333 755616204
3041 1093 755830113
3042 1074 756277226
3043 1185 756445487
3044 1093 756683340
3045 1074 756885694
3046 1278 757055343
3047 1111 757176993
3048 1074 757343569
3049 1277 757504552
3050 1056 757670701
3051 1445 757886684
3052 1278 758114612
3053 1204 758336965
3054 1129 758461319
3055 1315 758635487
3056 1093 758803507
3057 1093 758968138
3058 1703 759135455
3059 1111 759303475
3060 1074 759478532
3061 1222 759639700
3062 1130 759853590
3063 1130 760075314
3064 1704 760253908
3065 1130 760420669
3066 1074 760659115
3067 1278 760825413
3068 1111 760948044
3069 1093 761114472
3070 1148 761263271
3071 1111 761449810
3072 1111 761567127
3073 1166 761744314
3074 1093 761919019
3075 1074 762091780
3076 1056 762231244
3077 1130 762476801
3078 1222 762642840
3079 1278 762759619
3080 1074 762928380
3081 1111 763091215
3082 1388 763258106
3083 1074 763437737
3084 1426 763576516
3085 1333 763808907
3086 1111 763930149
3087 1130 764073928
3088 1259 764242467
3089 1370 764407098
3090 1130 764590803
3091 1278 764757860
3092 1111 764930251
3093 1111 765146715
3094 1481 765309069
3095 1111 765539607
3096 1092 765667924
3097 1760 765899036
3098 1093 766089186
3099 1129 766261114
3100 1444 766379282
3101 1111 766547802
3102 1111 766715452
3103 1352 766882027
3104 1093 767051547
3105 1130 767228734
3106 1315 767402421
3107 1111 767525108
3108 1092 767651591
3109 1351 767819500
3110 1148 767949483
3111 1111 768119373
3112 1296 768287338
3113 1093 768449858
3114 1111 768566934
3115 1149 768730510
3116 1111 768849346
3117 1111 769069625
3118 1722 769192201
3119 1130 769369424
3120 963 769539296
3121 1185 769697983
3122 1093 769867318
3123 1407 770031190
3124 1241 770201895
3125 1111 770366860
3126 1111 770544954
3127 1259 770721141
3128 1092 770895402
3129 1149 771173514
3130 1333 771427979
3131 1074 771596869
3132 1130 771810445
3133 1259 772024817
3134 1093 772140874
3135 1112 772301746
3136 1259 772513248
3137 1130 772736027
3138 1111 772911622
3139 1463 773085957
3140 1093 773261884
3141 1093 773425163
3142 1296 773589184
3143 1092 773754741
3144 1129 773916798
3145 1371 774117114
3146 1111 774230134
3147 1092 774430951
3148 1426 775643934
3149 1093 775910491
3150 1204 776091826
3151 1111 776283031
3152 1092 776449533
3153 1093 776611608
3154 1278 776777406
3155 1074 776892334
3156 1092 777062243
3157 1222 777229096
3158 1074 777408468
3159 1130 777583099
3160 1278 777757027
3161 1111 777934103
3162 1111 778104789
3163 1185 778269124
3164 1092 778437200
3165 1278 778599053
3166 1315 778762925
3167 1074 778926001
3168 1111 779093817
3169 1315 779259356
3170 1093 779433839
3171 1111 779565692
3172 1296 779708435
3173 1093 779871140
3174 1260 779983956
3175 1315 780147532
3176 1093 780264737
3177 1092 780425443
3178 1296 780635037
3179 1092 780815409
3180 1167 780986762
3181 1315 781108708
3182 1148 781425506
3183 1111 781586897
3184 1056 781756824
3185 1129 781918548
3186 1130 782033290
3187 1259 782197551
3188 1111 782325608
3189 1093 782484591
3190 1667 782601667
3191 1129 782774262
3192 1500 782997449
3193 1167 783220432
3194 1111 783388045
3195 1092 783502065
3196 1667 783720381
3197 1112 783885697
3198 1111 784106625
3199 1129 784271312
3200 1074 784438758
3201 1129 784655019
3202 1500 784829261
3203 1130 785001948
3204 1111 785235802
3205 1185 785394804
3206 1093 785510694
3207 1092 785675344
3208 1278 785893864
3209 1074 786055180
3210 1148 786220330
3211 1260 786398961
3212 1111 786617722
3213 1075 786784279
3214 1333 786957096
3215 1129 787127876
3216 1167 787261340
3217 1149 787442286
3218 1111 787608344
3219 1092 787774716
3220 1351 787945588
3221 1092 788110608
3222 1129 788307739
3223 2556 788563370
3224 1111 788736446
3225 1130 788975540
3226 1278 789140338
3227 1074 789257784
3228 1092 789430619
3229 1500 789595028
3230 1111 789809733
3231 1129 789924050
3232 1370 790151329
3233 1259 790389368
3234 1500 790610425
3235 1370 790821593
3236 1074 790990391
3237 1093 791152559
3238 1296 791367820
3239 1093 791537729
3240 1093 791751934
3241 1240 791917529
3242 1111 792128382
3243 1092 792303569
3244 1315 792477089
3245 1185 792699683
3246 1074 792938222
3247 1277 793103094
3248 1111 793221577
3249 1093 793389967
3250 1445 793552561
3251 1130 793818044
3252 1111 794035805
3253 1593 794257251
3254 1074 794433383
3255 1111 794610329
3256 1259 794740460
3257 1185 794941739
3258 1074 795106648
3259 1371 795224242
3260 1093 795389188
3261 1130 795552653
3262 1389 795719932
3263 1093 795874878
3264 1111 796051213
3265 1352 796274974
3266 1482 796448457
3267 1111 796576440
3268 1259 796743646
3269 1111 796860092
3270 1074 796970241
3271 1371 797131872
3272 1111 797300800
3273 1093 797462412
3274 1278 797630006
3275 1130 797812063
3276 1111 797939861
3277 1297 798122918
3278 1074 798361698
3279 1111 798529588
3280 1833 798655201
3281 1130 798823498
3282 1111 798940815
3283 1240 799109168
3284 1315 799230113
3285 1259 799408134
3286 1408 799585857
3287 1111 799757396
3288 1074 799885342
3289 1148 800052195
3290 1093 800170511
3291 1075 800335605
3292 1093 800456181
3293 1111 800624312
3294 1111 800743073
3295 1259 800904575
3296 1462 801026910
3297 1149 801198540
3298 1611 801371246
3299 1130 801549358
3300 1056 801721711
3301 1278 801887101
3302 1093 802101862
3303 1130 802310604
3304 1277 802432939
3305 1389 802596607
3306 1130 802856349
3307 1315 803079573
3308 1111 803256130
3309 1111 803432132
3310 1333 803685059
3311 1093 803854912
3312 1112 803978302
3313 1445 804229989
3314 1278 804355083
3315 1112 804519640
3316 1259 804638105
3317 1111 804817162
3318 1112 804991515
3319 1463 805168702
3320 1148 805303685
3321 1093 805472094
3322 1204 805590725
3323 1130 805758171
3324 1260 805878691
3325 1241 806043656
3326 1204 806159787
3327 1111 806394270
3328 1222 806546346
3329 1296 806871864
3330 981 807004567
3331 1445 807137863
3332 1278 807309420
3333 1371 807475570
3334 1185 807784998
3335 1092 807903555
3336 1056 808085019
3337 1333 808213891
3338 1111 808393744
3339 1092 808565061
3340 1444 808685266
3341 1092 808861638
3342 1092 809023232
3343 1333 809245252
3344 1074 809411735
3345 1130 809575384
3346 1166 809743164
3347 1093 809861498
3348 1092 810028352
3349 1389 810148038
3350 1093 810335873
3351 1166 810457301
3352 1370 810603247
3353 1092 810832878
3354 1389 811007009
3355 1426 811173214
3356 1111 811389882
3357 1148 811556643
3358 1333 811721089
3359 1111 811844498
3360 1130 812068203
3361 1278 812247093
3362 1203 812428558
3363 1111 812727578
3364 1630 812899264
3365 1092 813067581
3366 1112 813235841
3367 1241 813403880
3368 1093 813524344
3369 1112 813687883
3370 1296 813807552
3371 1112 814032998
3372 1148 814159445
3373 1222 814413502
3374 1241 814580837
3375 1111 814814635
3376 1056 814988637
3377 1111 815203528
3378 1074 815424400
3379 1314 815545420
3380 1223 815714884
3381 1149 815892941
3382 1352 816068591
3383 1167 816303074
3384 1092 816455150
3385 1296 816621577
3386 1352 816742967
3387 1074 816900265
3388 1241 817014526
3389 1093 817179750
3390 1297 817344492
3391 1259 817465327
3392 1111 817640977
3393 1112 817821904
3394 1240 817950036
3395 1093 818162389
3396 1111 818347187
3397 1296 818597596
3398 1093 818766819
3399 1074 818939191
3400 1370 819099267
3401 1074 819264343
3402 1352 819439955
3403 1685 819664568
3404 1111 819836310
3405 1074 820012441
3406 1389 820181369
3407 1260 820302018
3408 1111 820470409
3409 1278 820635836
3410 1092 820860653
3411 1111 820980117
3412 1296 821159119
3413 1074 821413657
3414 1130 821590122
3415 1203 821766772
3416 1093 822082477
3417 1111 822278997
3418 1296 822395647
3419 1111 822557334
3420 1074 822726280
3421 1370 822892670
3422 1074 823009190
3423 1074 823234432
3424 1315 823411230
3425 1500 823590380
3426 1074 823714844
3427 1315 823885105
3428 1074 824104959
3429 1111 824269257
3430 1315 824438981
3431 1092 824603057
3432 1111 824724651
3433 1222 824890116
3434 1092 825026988
3435 1111 825210897
3436 1240 825390417
3437 1074 825683807
3438 1093 825849401
3439 1426 826015347
3440 1296 826184145
3441 1112 826304424
3442 1481 826469130
3443 1129 826582724
3444 1056 826762725
3445 1334 826985819
3446 1574 827161062
3447 1000 827290248
3448 1222 827463935
3449 1111 827627252
3450 1092 827797568
3451 1352 827967421
3452 1111 828140497
3453 1111 828255647
3454 1389 828373500
3455 1463 828549946
3456 1111 828725133
3457 1482 828852671
3458 1112 828989413
3459 1112 829162285
3460 1185 829285546
3461 1111 829450455
3462 1130 829566660
3463 1371 829787754
3464 1074 829902478
3465 1093 830076572
3466 1278 830250537
3467 1093 830424316
3468 1092 830598318
3469 1351 830766153
3470 1074 830882413
3471 1092 831100508
3472 1333 831270972
3473 1093 831486825
3474 1093 831606345
3475 1241 831770569
3476 1093 831941515
3477 1093 832163072
3478 1371 832384629
3479 1130 832553686
3480 1111 832724281
3481 1148 832893986
3482 1074 833070913
3483 1111 833188637
3484 1278 833410861
3485 1074 833641492
3486 1093 833823197
3487 1333 834043810
3488 1130 834171367
3489 981 834374776
3490 1259 834652296
3491 1093 834822575
3492 1111 835051410
3493 1277 835215227
3494 1056 835439950
3495 1092 835605156
3496 1259 835773305
3497 1111 835950585
3498 1148 836125716
3499 1500 836343791
3500 1278 836524089
3501 1092 836695739
3502 1278 836862944
3503 1148 837079946
3504 1130 837252595
3505 1149 837414541
3506 1111 837533543
3507 1111 837703749
3508 1315 837846861
3509 1111 838071993
3510 1444 838330587
3511 1149 838517940
3512 1111 838684813
3513 1185 838903759
3514 1351 839070742
3515 1074 839191502
3516 1074 839366022
3517 1389 839526783
3518 1074 839709081
3519 1130 839934397
3520 1315 840059658
3521 1129 840245327
3522 1093 840464254
3523 1315 840629904
3524 1426 840852276
3525 1315 841022389
3526 1315 841236798
3527 1074 841400726
3528 1075 841569560
3529 1389 841740006
3530 1111 841914971
3531 1093 842084824
3532 1333 842210363
3533 1111 842377087
3534 1111 842492829
3535 1185 842706349
3536 1074 842827110
3537 1074 842993871
3538 1370 843160854
3539 1259 843434522
3540 1129 843661061
3541 1296 843835858
3542 1093 843968415
3543 1111 844191694
3544 1371 844454584
3545 1074 844618586
3546 1112 844736976
3547 1203 844857682
3548 1130 845029535
3549 1130 845195944
3550 1371 845418612
3551 1148 845640132
3552 1093 845808763
3553 1352 845984154
3554 1333 846145952
3555 1111 846319398
3556 1574 846481492
3557 1074 846644753
3558 1093 846812087
3559 1389 847022200
3560 1111 847195905
3561 1111 847394925
3562 1537 847584575
3563 1111 847764873
3564 1111 847999967
3565 1389 848173376
3566 1074 848294100
3567 1093 848455805
3568 1351 848576844
3569 1093 848740197
3570 1130 848903217
3571 1148 849087885
3572 1093 849312109
3573 1093 849480666
3574 1333 849648964
3575 1130 849820854
3576 1111 849940763
3577 1278 850110765
3578 1204 850237877
3579 1129 850411009
3580 1259 850531566
3581 1130 850696030
3582 1130 850813735
3583 1667 850986163
3584 1093 851161757
3585 1093 851341851
3586 1518 851512149
3587 1278 851631780
3588 1093 851801189
3589 1204 851967987
3590 1111 852141933
3591 1093 852305749
3592 1056 852527158
3593 1074 852753326
3594 1092 852931254
3595 1277 853108052
3596 1055 853288572
3597 1111 853447870
3598 1352 853562130
3599 1074 853731947
3600 1111 853853189
3601 1278 854044153
3602 1130 854160562
3603 1093 854413952
3604 1278 854639361
3605 1407 854813826
3606 1093 854990642
3607 1407 855161829
3608 1092 855334460
3609 1093 855500757
3610 1259 855618129
3611 1074 855779723
3612 1148 855899687
3613 1296 856073189
3614 1444 856359839
3615 1111 856486118
3616 1352 856672564
3617 1130 856908102
3618 1130 857077455
3619 1297 857249771
3620 1352 857486328
3621 1111 857697922
3622 1351 857867739
3623 1278 858082944
3624 1092 858306316
3625 1297 858526039
3626 1093 858702411
3627 1074 858895413
3628 1611 859062229
3629 1148 859276580
3630 1111 859443301
3631 1204 859610246
3632 1092 859783674
3633 1111 859999694
3634 1186 860168380
3635 1111 860291882
3636 1111 860516735
3637 1796 860635755
3638 1093 860767275
3639 1074 860936258
3640 1130 861058889
3641 1111 861220261
3642 1130 861379188
3643 1389 861593042
3644 1111 861764154
3645 1111 861944693
3646 1388 862166417
3647 1130 862299288
3648 1093 862533012
3649 1389 862779810
3650 1093 862946552
3651 1148 863063535
3652 1611 863229722
3653 1093 863392538
3654 1112 863556002
3655 1259 863722874
3656 1111 863901172
3657 1352 864123377
3658 1240 864297657
3659 1092 864470992
3660 1111 864691864
3661 1259 864860087
3662 1092 865028015
3663 1111 865243368
3664 1259 865410814
3665 1074 865525519
3666 1334 865692983
3667 1352 865810207
3668 1111 865984709
3669 1093 866128173
3670 1241 866293619
3671 1093 866465194
3672 1370 866583733
3673 1222 866793197
3674 1111 867006588
3675 1074 867171663
3676 1352 867389794
3677 1111 867574536
3678 1185 867750779
3679 1352 867925928
3680 1111 868159133
3681 1112 868426838
3682 1333 868545877
3683 1112 868713526
3684 1093 868829824
3685 1389 868996789
3686 1092 869115235
3687 1111 869280106
3688 1278 869400200
3689 1092 869625443
3690 1129 869793759
3691 1277 869922668
3692 1259 870090688
3693 1241 870256763
3694 1296 870419876
3695 1167 870534007
3696 1112 870705082
3697 1352 870922677
3698 1148 871089438
3699 1148 871274421
3700 1278 871506756
3701 1111 871641387
3702 1130 871873592
3703 1334 872044945
3704 1111 872164817
3705 1093 872327689
3706 1592 872498006
3707 1111 872760156
3708 1444 872928695
3709 1241 873155233
3710 1092 873377457
3711 1130 873504310
3712 1370 873636867
3713 1148 873804906
3714 1130 874006444
3715 1259 874214983
3716 1074 874338762
3717 1092 874505653
3718 1149 874624154
3719 1092 874838064
3720 1148 875061473
3721 1371 875235937
3722 1185 875416865
3723 981 875610848
3724 1315 875836627
3725 1426 876000128
3726 1074 876164537
3727 1426 876387298
3728 1093 876505836
3729 1111 876667690
3730 1241 876792877
3731 1111 877012009
3732 1482 877182473
3733 1297 877369882
3734 1129 877586736
3735 1388 877751682
3736 1482 877976479
3737 1407 878146722
3738 1074 878376297
3739 1426 878496280
3740 1130 878668133
3741 1111 878844283
3742 1685 879019951
3743 1130 879144712
3744 1130 879428343
3745 1351 879595808
3746 1093 879761883
3747 1092 879928570
3748 1278 880098923
3749 1111 880260036
3750 1093 880427278
3751 1278 880637409
3752 1092 880867911
3753 1111 881090005
3754 1167 881222376
3755 1223 881415859
3756 1111 881584842
3757 1315 881705955
3758 1092 881875068
3759 1111 881992662
3760 1259 882163478
3761 1093 882336072
3762 1092 882511185
3763 1241 882734390
3764 1130 882960502
3765 1074 883188189
3766 1352 883356913
3767 1223 883523062
3768 1112 883688545
3769 1334 883907380
3770 1074 884024827
3771 1074 884191643
3772 1426 884308737
3773 1093 884480757
3774 1149 884704999
3775 1352 884880982
3776 1111 885058780
3777 1130 885223448
3778 1149 885341505
3779 1093 885510544
3780 1129 885630768
3781 1333 885796029
3782 1111 885910364
3783 1074 886086976
3784 1278 886313274
3785 1093 886541146
3786 1111 886668425
3787 1241 886923834
3788 1093 887093206
3789 1130 887208448
3790 1259 887373709
3791 1296 887489859
3792 1093 887658397
3793 1278 887824251
3794 1056 888047845
3795 1111 888232458
3796 1278 888405922
3797 1111 888584461
3798 1111 888746370
3799 1296 888974835
3800 1092 889148800
3801 1111 889313672
3802 1259 889480210
3803 1129 889645638
3804 1112 889813509
3805 1259 890052715
3806 1574 890306642
3807 1148 890538384
3808 1333 890729127
3809 1112 890898072
3810 1111 891014315
3811 1296 891178409
3812 1055 891304781
3813 1093 891471282
3814 1537 891636080
3815 1093 891813526
3816 1130 892037509
3817 1278 892249899
3818 1129 892418364
3819 1093 892589217
3820 1037 892757089
3821 1092 892919850
3822 1111 893034796
3823 1371 893203908
3824 1130 893323021
3825 1129 893485634
3826 1296 893606098
3827 1093 893779803
3828 1093 893950008
3829 1240 894137029
3830 1111 894327641
3831 1297 894444846
3832 1167 894617329
3833 1092 894730183
3834 1111 894897832
3835 1296 895013260
3836 1111 895190558
3837 1352 895413652
3838 1593 895634690
3839 1111 895853840
3840 1111 896135304
3841 1167 896300898
3842 1074 896420048
3843 1111 896595568
3844 1185 896719014
3845 1129 896880738
3846 1148 896997832
3847 1259 897173593
3848 1074 897346335
3849 1185 897517188
3850 1759 897678412
3851 1111 897841673
3852 1148 897989989
3853 1203 898154565
3854 1093 898334344
3855 1111 898499975
3856 1259 898615403
3857 1222 898779163
3858 1185 898902146
3859 1334 899084092
3860 1203 899266020
3861 1074 899450003
3862 1278 899620319
3863 1093 899787820
3864 1074 899957915
3865 1426 900119601
3866 1092 900282529
3867 1093 900448567
3868 1277 900628384
3869 1074 900848848
3870 1426 900973757
3871 1555 901194704
3872 1074 901370539
3873 1167 901588651
3874 1574 901755875
3875 1111 901921358
3876 1092 902091804
3877 1333 902301898
3878 1092 902462844
3879 1241 902582808
3880 1648 902803347
3881 1055 902929997
3882 1092 903059443
3883 1296 903229907
3884 1093 903352908
3885 1408 903563669
3886 1241 903721967
3887 1074 903886320
3888 1111 904006118
3889 1352 904237694
3890 1093 904413510
3891 1111 904541104
3892 1203 904673106
3893 1333 904920015
3894 1092 905136424
3895 1222 905304055
3896 1093 905424519
3897 1093 905587724
3898 1371 905749781
3899 1093 905914838
3900 1111 906038877
3901 1297 906207582
3902 1111 906377028
3903 1000 906551085
3904 1352 906723994
3905 1093 906887588
3906 1092 907051053
3907 1333 907189499
3908 1111 907354463
3909 1111 907513687
3910 1315 907679170
3911 1093 907848986
3912 1092 908123636
3913 1297 908279748
3914 1259 908511065
3915 1111 908681326
3916 1129 908854883
3917 1352 909022550
3918 1093 909133570
3919 1111 909307108
3920 1278 909479628
3921 1093 909661092
3922 1093 909838426
3923 1315 910011427
3924 1093 910205595
3925 1111 910395541
3926 1296 910514820
3927 1074 910680228
3928 1111 910842655
3929 1241 911008434
3930 1111 911124825
3931 1074 911289604
3932 1056 911459383
3933 1093 911677940
3934 1130 911848663
3935 1223 912027701
3936 1130 912253369
3937 1112 912517222
3938 1333 912687817
3939 1074 912854244
3940 1092 913021542
3941 1352 913181302
3942 1148 913344822
3943 1130 913474379
3944 1370 913705140
3945 1093 913880937
3946 1111 914119994
3947 1352 914336032
3948 1074 914593385
3949 1426 914768479
3950 1370 914887555
3951 1092 915051501
3952 1111 915169891
3953 1296 915348078
3954 1093 915568801
3955 1111 915742673
3956 1259 915921249
3957 1093 916088657
3958 1112 916257251
3959 1149 916472734
3960 1074 916592291
3961 1370 916757534
3962 1278 916925220
3963 1129 917133370
3964 1111 917347797
3965 1315 917569465
3966 1222 917743504
3967 1074 917930542
3968 1334 918106099
3969 1111 918282119
3970 1074 918452065
3971 1333 918617141
3972 1148 918740290
3973 1092 918855181
3974 1278 919031071
3975 1093 919255183
3976 1093 919435629
3977 1259 919615131
3978 1130 919929169
3979 1074 920158671
3980 1389 920333746
3981 1092 920549211
3982 1111 920714972
3983 1426 920881621
3984 1111 921051586
3985 1389 921223458
3986 1278 921396552
3987 1111 921520702
3988 1093 921650536
3989 1445 921812519
3990 1111 921933465
3991 1074 922112948
3992 1685 922236209
3993 1148 922405507
3994 1149 922523786
3995 1352 922687158
3996 1167 922864067
3997 1111 923037143
3998 1574 923264645
3999 1111 923391128
4000 1130 923608259
4001 1296 923775390
4002 1092 923942003
4003 1074 924110819
4004 1259 924329876
4005 1093 924497044
4006 1259 924668638
4007 1278 924892232
4008 1167 925011345
4009 1093 925286550
4010 1518 925552682
4011 1129 925670202
4012 1111 925884685
4013 1333 926046168
4014 1130 926261317
4015 1111 926474948
4016 1130 926643987
4017 1130 926813766
4018 1111 927037138
4019 1574 927197380
4020 1389 927379122
4021 1074 927549716
4022 1167 927713347
4023 1130 927887571
4024 1130 928061554
4025 1333 928238352
4026 1129 928405631
4027 1111 928626577
4028 1575 928794059
4029 1166 928965376
4030 1389 929095118
4031 1352 929281675
4032 1111 929449954
4033 1186 929617381
4034 1296 929783290
4035 1130 930002365
4036 1093 930169163
4037 1297 930348701
4038 1111 930527629
4039 1111 930749408
4040 1630 930873780
4041 1111 930998559
4042 1074 931166524
4043 1277 931284174
4044 1111 931504546
4045 1111 931615047
4046 1297 931827530
4047 1074 931943254
4048 1111 932127534
4049 1223 932346757
4050 1129 932554889
4051 1074 932734002
4052 1222 933105929
4053 1130 933272968
4054 1129 933441692
4055 1314 933609842
4056 1093 933730380
4057 1074 933913697
4058 1278 934035994
4059 1092 934220459
4060 1148 934397220
4061 1296 934612740
4062 1388 934740723
4063 1408 934910668
4064 1352 935080466
4065 1112 935250060
4066 1074 935366155
4067 1445 935535730
4068 1093 935704473
4069 1130 936267641
4070 1667 936457939
4071 1222 936679663
4072 1296 936806646
4073 1704 936995539
4074 1074 937157822
4075 1129 937322510
4076 1167 937490770
4077 1352 937648735
4078 1111 937814459
4079 1297 937931349
4080 1278 938107851
4081 1111 938272577
4082 1407 938450414
4083 1148 938717547
4084 1111 938956438
4085 1333 939144624
4086 1111 939308181
4087 1148 939425293
4088 1278 939595442
4089 1111 939757351
4090 1074 939929334
4091 1352 940051984
4092 1129 940239708
4093 1129 940407617
4094 1296 940582563
4095 1112 940751786
4096 1130 940869362
4097 1352 941031567
4098 1129 941149217
4099 1092 941317459
4100 1148 941456090
4101 1130 941621980
4102 1130 941759574
4103 1296 941943298
4104 1130 942127744
4105 1112 942346560
4106 1389 942520673
4107 1352 942643712
4108 1093 942864213
4109 1537 943034678
4110 1092 943247550
4111 1129 943415459
4112 1426 943644905
4113 1112 943815832
4114 1111 943942686
4115 1296 944117021
4116 1111 944321763
4117 1445 944489431
4118 1296 944661118
4119 1111 944781749
4120 1092 944955251
4121 1315 945121826
4122 1074 945283457
4123 1149 945454346
4124 1259 945677329
4125 1129 945850312
4126 1093 945992313
4127 1370 946205648
4128 1111 946322371
4129 1389 946486725
4130 1259 946665541
4131 1111 946832728
4132 1111 946951563
4133 1426 947178508
4134 1129 947397399
4135 1148 947524122
4136 1203 947758809
4137 1093 948087104
4138 1075 948313733
4139 1370 948521326
4140 1130 948690716
4141 1112 948909958
4142 1389 949126793
4143 1130 949341943
4144 1112 949522685
4145 1352 949793020
4146 1445 949915614
4147 1092 950090690
4148 1278 950264080
4149 1093 950438656
4150 1092 950614122
4151 1167 950732161
4152 1055 950906145
4153 1111 951144498
4154 1240 951312278
4155 1074 951453446
4156 1093 951688614
4157 1296 951864560
4158 1092 952051469
4159 1092 952225915
4160 1685 952476361
4161 1445 952646695
4162 1130 952788752
4163 1314 952957217
4164 1093 953078699
4165 1148 953251275
4166 1315 953424091
4167 1111 953548037
4168 1074 953673483
4169 1334 953836336
4170 1093 953951634
4171 1111 954121765
4172 1074 954293341
4173 1130 954454471
4174 1148 954621306
4175 1278 954834141
4176 1260 954957901
4177 1111 955177588
4178 1759 955348164
4179 1111 955521776
4180 1092 955692426
4181 1259 955855187
4182 1093 956024077
4183 1278 956191782
4184 1278 956389932
4185 1074 956553490
4186 1092 956731751
4187 1297 956905549
4188 1130 957083662
4189 1093 957214460
4190 1148 957442351
4191 1111 957558982
4192 1093 957782520
4193 1148 957948392
4194 1093 958166745
4195 1111 958344062
4196 1277 958510582
4197 1055 958672824
4198 1130 958895584
4199 1370 959071104
4200 1130 959249920
4201 1111 959417996
4202 1352 959583071
4203 1129 959752610
4204 1111 959924334
4205 1296 960087872
4206 1111 960259059
4207 1074 960424523
4208 1703 960598599
4209 1148 960913841
4210 1093 961099009
4211 1704 961274066
4212 1130 961441123
4213 1130 961607865
4214 1593 961768459
4215 1092 961885276
4216 1129 962057018
4217 1278 962219112
4218 1092 962396780
4219 1370 962567911
4220 1203 962740487
4221 1111 962863229
4222 1111 963029341
4223 1277 963150121
4224 1111 963318048
4225 1111 963483938
4226 1278 963652143
4227 1296 963822145
4228 1111 963990258
4229 1463 964217147
4230 1129 964386556
4231 1649 964522575
4232 1278 964662039
4233 1129 964820208
4234 1148 964938542
4235 1259 965106377
4236 1093 965229971
4237 1093 965444991
4238 1352 965627937
4239 1074 965818531
4240 1148 965998366
4241 1389 966169256
4242 1111 966385202
4243 1111 966615870
4244 1611 966802945
4245 1074 966968780
4246 1075 967131892
4247 1277 967247709
4248 1092 967417877
4249 1111 967601619
4250 1296 967778806
4251 1111 967955437
4252 1092 968080883
4253 1278 968260958
4254 1111 968428275
4255 1148 968596221
4256 1333 968768149
4257 1112 968933798
4258 1111 969152041
4259 1481 969262802
4260 1093 969435655
4261 1111 969619694
4262 1463 969742696
4263 981 969943550
4264 1482 970455199
4265 1278 970620034
4266 1130 970835776
4267 1092 971007556
4268 1148 971176168
4269 1130 971343040
4270 1204 971511153
4271 1555 971735729
4272 1112 971956841
4273 1093 972127695
4274 1296 972254715
4275 1093 972378328
4276 1111 972548459
4277 1148 972705794
4278 1093 972874166
4279 1148 973090501
4280 1055 973265651
4281 1074 973483134
4282 1092 973660228
4283 1408 973878988
4284 1185 974052490
4285 1352 974246584
4286 1167 974418178
4287 1093 974533050
4288 1056 974705774
4289 1259 974871683
4290 1166 975094574
4291 1259 975215372
4292 1333 975398262
4293 1075 975576226
4294 1222 975748969
4295 1222 975929804
4296 1093 976231731
4297 1111 976398788
4298 1278 976520253
4299 1111 976733347
4300 1111 976958145
4301 1278 977172406
4302 1092 977287278
4303 1129 977466335
4304 1333 977694429
4305 1130 977872801
4306 1018 978045340
4307 1296 978216638
4308 1370 978376899
4309 1111 978592919
4310 1555 978708921
4311 1092 978887645
4312 1092 979056147
4313 1278 979229185
4314 1074 979372520
4315 1148 979554781
4316 1593 979744782
4317 1112 979886024
4318 1111 980104378
4319 1482 980227490
4320 1130 980401029
4321 1093 980523086
4322 1314 980692736
4323 1000 981287163
4324 1148 981468813
4325 1315 981646055
4326 1426 981771686
4327 1333 981951910
4328 1352 982121874
4329 1111 982243728
4330 1092 982419341
4331 1130 982542231
4332 1092 982662696
4333 1408 982883234
4334 1315 983100754
4335 1111 983223793
4336 1129 983454406
4337 1407 983677685
4338 1092 983806983
4339 1148 983974484
4340 1296 984146856
4341 1260 984393172
4342 1074 984514155
4343 1259 984689805
4344 1093 984861325
4345 1111 985140975
4346 1352 985312124
4347 1093 985536292
4348 1149 985762738
4349 1333 986004833
4350 1111 986171316
4351 1130 986401613
4352 1277 986557356
4353 1426 986727857
4354 1130 986893099
4355 1333 987061527
4356 1093 987188639
4357 1129 987364345
4358 1315 987579772
4359 1111 987711922
4360 1112 987939219
4361 1166 988112962
4362 1389 988332871
4363 1111 988453150
4364 1185 988624781
4365 1074 988799394
4366 1111 988967858
4367 1500 989102693
4368 1093 989328250
4369 1833 989628659
4370 1407 989818790
4371 1371 989985421
4372 1111 990153515
4373 1426 990377869
4374 1074 990546111
4375 1111 990718946
4376 1278 990927651
4377 1111 991149301
4378 1093 991374691
4379 1351 991610119
4380 1223 991747342
4381 1112 991966510
4382 1278 992085734
4383 1000 992312958
4384 1222 992481608
4385 1130 992654035
4386 1130 992766870
4387 1111 992936723
4388 1130 993108891
4389 1462 993336320
4390 1148 993461229
4391 1111 993643287
4392 1148 993819048
4393 1093 993986236
4394 1167 994199479
4395 1093 994367278
4396 1222 994541152
4397 1111 994763111
4398 1148 994945614
4399 1092 995169708
4400 1222 995344913
4401 1093 995627656
4402 1093 995883510
4403 1129 996102457
4404 1111 996276496
4405 1111 996498498
4406 1203 996714222
4407 1111 996925538
4408 1037 997098077
4409 1074 997224014
4410 1407 997453198
4411 1111 997628977
4412 1018 997760460
4413 1130 998031028
4414 1334 998192689
4415 1111 998312462
4416 1370 998484071
4417 1093 998654257
4418 1315 998821666
4419 1111 998992815
4420 1685 999180798
4421 1074 999413336
4422 1389 999595134
4423 926 999879135
4424 1037 43470
4425 1129 267174
4426 963 436785
4427 1092 605433
4428 944 725581
4429 1037 945062
4430 963 1063525
4431 963 1236692
4432 981 1403729
4433 982 1530490
4434 963 1697029
4435 1278 1865142
4436 944 2036718
4437 1500 2157924
4438 963 2345445
4439 1074 2504374
4440 962 2672247
4441 963 2900117
4442 963 3117698
4443 2945 3354514
4444 926 3542942
4445 1019 3764702
4446 963 3881148
4447 1074 4084260
4448 945 4218557
4449 962 4394911
4450 1204 4615893
4451 963 4789950
4452 1259 4960359
4453 1519 5130009
4454 963 5345437
4455 1055 5512662
4456 1130 5680386
4457 1167 5853850
4458 963 6054260
4459 1204 6171909
4460 1333 6352022
4461 944 6519246
4462 1148 6687007
4463 963 6858212
4464 1093 7023473
4465 1204 7200734
4466 981 7418828
4467 1111 7536033
4468 1148 7706720
4469 1222 7831351
4470 963 7998797
4471 1481 8119836
4472 981 8349041
4473 963 8572746
4474 1185 8786600
4475 981 9012787
4476 963 9194196
4477 1556 9367845
4478 963 9530365
4479 963 9694682
4480 1092 9864702
4481 1092 10031259
4482 944 10251316
4483 1130 10426651
4484 963 10644764
4485 981 10815210
4486 1185 10986415
4487 963 11156472
4488 1019 11276696
4489 1297 11446197
4490 944 11611884
4491 982 11785700
4492 1167 11912646
4493 1092 12078314
4494 981 12298241
4495 1315 12513427
4496 1111 12785539
4497 944 13044356
4498 1129 13267765
4499 944 13482600
4500 982 13650749
4501 1185 13820232
4502 945 13942715
4503 963 14161476
4504 1259 14387644
4505 945 14609922
4506 1074 14780422
4507 1149 14998311
4508 1075 15193015
4509 944 15312554
4510 1093 15490648
4511 944 15658946
4512 944 15830281
4513 1130 16003486
4514 982 16227839
4515 1074 16400008
4516 1149 16570879
4517 1148 16697733
4518 963 16820975
4519 1074 17037551
4520 982 17212127
4521 945 17381036
4522 1167 17549112
4523 963 17664373
4524 1092 17873338
4525 1130 17998969
4526 944 18173582
4527 945 18306861
4528 1481 18491493
4529 1092 18687365
4530 963 18885330
4531 1037 18998683
4532 963 19164000
4533 963 19288724
4534 1092 19513059
4535 944 19681246
4536 1074 19910840
4537 1149 20135804
4538 1000 20261213
4539 963 20386345
4540 1241 20604772
4541 963 20724163
4542 945 20890849
4543 1129 21007481
4544 1092 21220316
4545 963 21386540
4546 1130 21604263
4547 944 21773821
4548 1129 22000415
4549 1445 22178287
4550 982 22428937
4551 945 22595735
4552 1278 22758959
4553 1092 22935165
4554 1000 23101685
4555 1130 23275631
4556 963 23387800
4557 945 23569579
4558 1185 23744266
4559 1444 23912434
4560 945 24093250
4561 1111 24341715
4562 1093 24506253
4563 1018 24726718
4564 1260 24895941
4565 982 25065535
4566 982 25180407
4567 1241 25395057
4568 963 25555169
4569 982 25729763
4570 1315 25855820
4571 1074 25987006
4572 963 26154878
4573 1074 26290250
4574 981 26505807
4575 982 26622771
4576 1297 26846680
4577 944 27026238
4578 1074 27191924
4579 1056 27339222
4580 1092 27576002
4581 1000 27770207
4582 1204 27960764
4583 963 28179599
4584 1000 28395619
4585 1555 28560769
4586 945 28673807
4587 1111 28852013
4588 1223 29087162
4589 963 29567812
4590 1111 29719092
4591 1130 29919593
4592 1112 30060224
4593 944 30380726
4594 1352 30598153
4595 981 30814896
4596 944 31031157
4597 1203 31152881
4598 1093 31324271
4599 982 31460199
4600 1130 31648386
4601 1166 31825999
4602 944 31961612
4603 1204 32146132
4604 1111 32362671
4605 981 32491728
4606 1111 32658803
4607 1074 32843527
4608 963 33067066
4609 1129 33230068
4610 1075 33406680
4611 1000 33579016
4612 1296 33749425
4613 981 33875334
4614 926 34094836
4615 1129 34217597
4616 963 34433191
4617 981 34599897
4618 1463 34769417
4619 945 34937178
4620 1074 35149661
4621 1037 35267478
4622 1092 35440591
4623 1278 35670963
4624 1112 35860742
4625 981 36032170
4626 982 36149801
4627 1111 36318988
4628 982 36435304
4629 944 36602843
4630 1129 36718382
4631 1426 36897587
4632 1111 37117107
4633 1296 37291331
4634 963 37425055
4635 982 37685982
4636 1167 37801039
4637 945 37969522
4638 963 38083006
4639 1241 38250359
4640 1000 38463009
4641 963 38630529
4642 1445 38803197
4643 1092 38975662
4644 1074 39149200
4645 1167 39329628
4646 981 39498704
4647 963 39664835
4648 1352 39842540
4649 963 40064894
4650 944 40243562
4651 1111 40405582
4652 982 40621065
4653 982 40743344
4654 1222 41007605
4655 1055 41182422
4656 982 41375738
4657 1093 41548054
4658 944 41663538
4659 962 41829447
4660 1333 41992041
4661 944 42158728
4662 982 42331303
4663 1037 42510601
4664 1111 42677492
4665 1092 42805438
4666 1074 42996124
4667 1130 43166589
4668 982 43331868
4669 982 43503166
4670 1093 43619038
4671 963 43787484
4672 1130 43948245
4673 981 44117080
4674 982 44307137
4675 1130 44477879
4676 1148 44650659
4677 926 44827290
4678 1296 45046403
4679 1055 45163942
4680 963 45384388
4681 1130 45553297
4682 1074 45716577
4683 1092 45884671
4684 1297 46113709
4685 963 46287878
4686 963 46464009
4687 1185 46642659
4688 1074 46875679
4689 981 47044736
4690 1352 47210830
4691 1074 47423498
4692 1000 47592796
4693 1334 47763816
4694 1074 47883355
4695 963 48066690
4696 1315 48247025
4697 1481 48469656
4698 963 48643824
4699 1166 48813178
4700 1074 48978031
4701 963 49148570
4702 1240 49265201
4703 1093 49430554
4704 1389 49593148
4705 1519 49814131
4706 963 49988947
4707 1093 50170319
4708 1444 50434895
4709 981 50625434
4710 981 50792065
4711 1148 50955437
4712 945 51179901
4713 1000 51401329
4714 1129 51616238
4715 963 51728647
4716 1000 51904463
4717 1222 52077391
4718 1111 52262670
4719 1167 52440912
4720 1166 52660081
4721 944 52780453
4722 945 52943065
4723 1185 53106863
4724 982 53322253
4725 1111 53494533
4726 1055 53666405
4727 1074 53853369
4728 1111 54080315
4729 1352 54256039
4730 1000 54429096
4731 963 54594431
4732 1315 54822247
4733 1074 54986007
4734 982 55200638
4735 1222 55320658
4736 1093 55504659
4737 1111 55685828
4738 1241 55857551
4739 1093 55979071
4740 945 56242295
4741 1185 56447760
4742 1315 56624335
4743 982 56796929
4744 1111 57037208
4745 945 57212505
4746 981 57368840
4747 1111 57535285
4748 1444 57884027
4749 1074 58061084
4750 1297 58273548
4751 982 58398031
4752 1000 58575422
4753 1111 58999386
4754 1074 59302258
4755 982 59418259
4756 1445 59648816
4757 1093 59825151
4758 981 60009023
4759 1241 60334654
4760 1111 60569267
4761 1185 60810194
4762 1148 61051436
4763 982 61288863
4764 1000 61498124
4765 1093 61716051
4766 1074 61898534
4767 1093 62027794
4768 1445 62262777
4769 1055 62447631
4770 1111 62640669
4771 1686 62831559
4772 1130 63071283
4773 963 63297451
4774 1240 63480305
4775 1093 63687158
4776 981 63917697
4777 1166 64101865
4778 1408 64340551
4779 963 64564590
4780 1370 64745684
4781 1093 64932982
4782 1629 65064428
4783 1204 65208707
4784 1111 65391190
4785 1000 65630821
4786 1500 65896860
4787 963 66144510
4788 963 66340215
4789 1000 66517827
4790 1093 66710940
4791 982 66901293
4792 1241 67089258
4793 981 67315313
4794 963 67556109
4795 1037 67791998
4796 1074 67974203
4797 1074 68303075
4798 1241 68484910
4799 944 68641689
4800 944 68820561
4801 1093 69004618
4802 1148 69197397
4803 1130 69402658
4804 1167 69535863
4805 1074 69720476
4806 963 69850422
4807 1111 70038886
4808 1092 70268166
4809 945 70447667
4810 1203 70579521
4811 1074 70755541
4812 1111 70988339
4813 1296 71173618
4814 1092 71502453
4815 981 71682788
4816 1203 71912845
4817 1093 72101735
4818 981 72330774
4819 1500 72553071
4820 1055 72791962
4821 944 73006797
4822 1148 73190076
4823 1055 73372837
4824 1111 73556060
4825 1204 73885617
4826 1075 74065785
4827 963 74198583
4828 1241 74446418
4829 944 74626290
4830 945 74809402
4831 1334 74994459
4832 1111 75303794
4833 963 75436444
4834 1297 75620575
4835 1074 75800207
4836 981 75980023
4837 1185 76173839
4838 962 76305619
4839 963 76490472
4840 1260 76721473
4841 944 76855475
4842 982 77034402
4843 1815 77384015
4844 1111 77542924
4845 1074 77727573
4846 1259 77857612
4847 963 78050095
4848 963 78281208
4849 1222 78415598
4850 1111 78602007
4851 1111 78732638
4852 1592 78973825
4853 1111 79102178
4854 944 79335606
4855 1297 79568977
4856 1111 79754164
4857 963 79887814
4858 1204 80125389
4859 1055 80303317
4860 1074 80536485
4861 1351 80722857
4862 1093 80980191
4863 944 81122656
4864 1371 81354305
4865 981 81573215
4866 1093 81750605
4867 1333 81993922
4868 1092 82143868
4869 945 82338110
4870 1166 82467001
4871 1092 82647651
4872 1000 82829689
4873 1074 83010709
4874 945 83141192
4875 1093 83329564
4876 1574 83561640
4877 1148 83740123
4878 945 83927939
4879 1333 84181700
4880 981 84310128
4881 1092 84543944
4882 1093 84725075
4883 1111 84907484
4884 981 85034634
4885 1166 85215913
4886 1092 85351433
4887 1129 85531694
4888 1351 85714251
4889 982 85937178
4890 945 86110550
4891 1186 86290644
4892 1111 86472665
4893 1092 86622037
4894 1037 86851964
4895 1093 87040447
4896 1093 87302893
4897 1334 87511839
4898 1093 87666970
4899 944 87794602
4900 1148 88084066
4901 1074 88272142
4902 982 88446514
4903 1112 88678071
4904 1111 88911703
4905 1074 89096612
4906 1370 89331095
4907 1092 89464171
4908 1092 89646895
4909 1296 89835674
4910 1111 90009509
4911 944 90188399
4912 1297 90338067
4913 981 90528680
4914 1278 90765848
4915 1352 91005127
4916 1167 91184666
4917 1130 91420834
4918 1408 91616428
4919 1074 91801893
4920 1129 91992024
4921 1352 92233507
4922 1074 92447434
4923 1074 92666417
4924 1278 92841511
4925 1111 92969717
4926 1111 93158589
4927 1334 93288850
4928 1407 93535056
4929 1148 93713243
4930 1278 93878355
4931 1315 94021727
4932 1148 94389673
4933 1611 94620434
4934 1055 94790084
4935 1056 94972159
4936 1871 95154068
4937 1055 95339200
4938 1129 95521072
4939 1370 95707962
4940 1296 95941149
4941 1129 96120762
4942 1371 96250170
4943 1111 96428302
4944 1074 96556303
4945 1278 96739045
4946 1463 96914695
4947 1092 97088734
4948 1278 97259198
4949 1463 97447589
4950 1130 97619849
4951 1278 97733258
4952 1111 97963186
4953 982 98173391
4954 1315 98367170
4955 1296 98542709
4956 1074 98770877
4957 1260 98904397
4958 1092 99086140
4959 1112 99261289
4960 1481 99438106
4961 1056 99670422
4962 1111 99832868
4963 1296 99958388
4964 1092 100184816
4965 1000 100314206
4966 1333 100503708
4967 1111 100633302
4968 1093 100855840
4969 1259 100980120
4970 1112 101150954
4971 1000 101321919
4972 1296 101489976
4973 1500 101731996
4974 1055 101928572
4975 1297 102115332
4976 1092 102291964
4977 1092 102479132
4978 1166 102657041
4979 963 102831542
4980 1129 102952396
4981 1241 103148286
4982 1074 103326621
4983 1148 103496437
4984 1389 103633309
4985 944 103808533
4986 1111 103980071
4987 1352 104213165
4988 1222 104432871
4989 944 104621039
4990 1574 104744948
4991 1074 104987264
4992 1093 105159506
4993 1314 105337175
4994 1111 105516139
4995 944 105710048
4996 1278 105881679
4997 1074 106055125
4998 1111 106180701
4999 1333 106379017
5000 1092 106605167
5001 1093 106830094
5002 1260 106952521
5003 1056 107116282
5004 1093 107328246
5005 1500 107507581
5006 1074 107699953
5007 1055 107885751
5008 1334 108065641
5009 1093 108244828
5010 1130 108365848
5011 1241 108538127
5012 1092 108719481
5013 1055 108901279
5014 1278 109073039
5015 1074 109238374
5016 1092 109359450
5017 1315 109535229
5018 1074 109658231
5019 981 109829510
5020 1277 110000234
5021 1074 110175587
5022 1074 110303459
5023 1259 110473756
5024 1092 110642221
5025 1185 110869685
5026 1315 110999538
5027 1074 111135355
5028 1092 111357838
5029 1315 111482395
5030 1055 111659841
5031 1389 111779675
5032 1277 111951270
5033 1055 112125679
5034 963 112304976
5035 1333 112524515
5036 1111 112690072
5037 963 112829740
5038 1241 113128427
5039 1074 113249632
5040 1074 113422485
5041 1259 113604524
5042 1407 113779674
5043 1074 113948508
5044 1315 114170454
5045 1093 114351937
5046 1093 114523346
5047 1370 114687811
5048 1093 114912571
5049 1074 115087110
5050 1260 115260037
5051 1093 115432539
5052 1093 115558003
5053 1408 115736486
5054 1093 115909562
5055 1074 116093452
5056 1629 116348510
5057 1111 116513993
5058 1056 116643938
5059 1333 116835570
5060 1093 117057756
5061 1093 117224850
5062 1240 117398556
5063 1037 117517224
5064 1093 117695003
5065 1259 117866375
5066 1093 118054469
5067 1111 118222545
5068 1444 118438676
5069 1093 118614066
5070 1074 118790549
5071 1296 118920977
5072 1093 119142089
5073 1074 119268739
5074 1241 119442296
5075 1112 119564186
5076 1074 119736466
5077 1352 119903967
5078 1093 120073691
5079 1148 120249730
5080 1297 120449453
5081 1074 120625807
5082 1111 120747364
5083 1241 120918328
5084 1093 121137200
5085 1056 121353868
5086 1334 121526462
5087 1111 121707075
5088 1093 121872317
5089 1629 122042134
5090 1112 122176283
5091 1092 122428341
5092 1315 122649546
5093 1092 122821770
5094 1315 122944012
5095 1315 123121699
5096 1093 123293848
5097 1259 123469850
5098 1685 124102814
5099 1056 124288056
5100 1111 124457928
5101 1241 124635392
5102 1074 124806338
5103 963 124979729
5104 1296 125203490
5105 1055 125428769
5106 1092 125551530
5107 1222 125726013
5108 1074 125846440
5109 1093 126034756
5110 1611 126159202
5111 1334 126401685
5112 1092 126611113
5113 1278 126785892
5114 1407 128353338
5115 1075 128540802
5116 1111 128775823
5117 1277 128896565
5118 1092 129073029
5119 1093 129198808
5120 1389 129423309
5121 1129 129588626
5122 1055 129718405
5123 1167 129892036
5124 1093 130013778
5125 1296 130238354
5126 1389 130412263
5127 1074 130589653
5128 1111 130765470
5129 1130 130940323
5130 1092 131113306
5131 1130 131281307
5132 1426 131444179
5133 1111 131574755
5134 1037 131746997
5135 1278 131925813
5136 1407 132096889
5137 1111 132232983
5138 1278 132403485
5139 1111 132610320
5140 1074 132881970
5141 1667 133048508
5142 1074 133266954
5143 1093 133448585
5144 1351 133715439
5145 926 133935736
5146 1444 134056423
5147 1445 134234628
5148 1408 134412222
5149 1074 134587409
5150 1241 134757503
5151 1055 134940746
5152 1074 135109544
5153 1315 135275490
5154 1093 135403621
5155 1074 135578234
5156 1500 135701754
5157 1425 135872071
5158 1111 135996739
5159 1630 136172259
5160 1092 136344965
5161 1074 136520504
5162 1334 136646042
5163 1241 136868692
5164 1259 137035342
5165 1630 137231825
5166 1074 137409771
5167 1111 137588606
5168 1186 137813681
5169 944 137986850
5170 1056 138209703
5171 1389 138387446
5172 1111 138624318
5173 1093 138795486
5174 1334 139015321
5175 1093 139145267
5176 1074 139377047
5177 1426 139602548
5178 1056 139723161
5179 1371 139942792
5180 1370 140209664
5181 1111 140380629
5182 1093 140647204
5183 1166 140876836
5184 1056 141097041
5185 1093 141272061
5186 1315 141451452
5187 1092 141631213
5188 1092 141754770
5189 1204 141929086
5190 1093 142058625
5191 1056 142228775
5192 1241 142351758
5193 1111 142524150
5194 1093 142656504
5195 1408 142921358
5196 1240 143156898
5197 1056 143301419
5198 1334 143474663
5199 1130 143599222
5200 1260 143776891
5201 1370 143940301
5202 1092 144119136
5203 1093 144247248
5204 1260 144427546
5205 1148 144592233
5206 1112 144765827
5207 1315 144896440
5208 1074 145073368
5209 982 145248777
5210 1260 145372260
5211 1111 145548132
5212 1129 145667653
5213 1352 145793042
5214 1408 145913635
5215 1074 146093062
5216 1370 146260433
5217 1130 146477527
5218 1056 146654232
5219 1315 146829345
5220 1075 147009624
5221 1333 147233663
5222 1260 147357905
5223 963 147529407
5224 1075 147759149
5225 1315 147935817
5226 1112 148159059
5227 1148 148277839
5228 1259 148509173
5229 1075 148704526
5230 1370 148885658
5231 1296 149008011
5232 1056 149236086
5233 1111 149363829
5234 1352 149534423
5235 1074 149700258
5236 1055 149935241
5237 1612 150102890
5238 1074 150269114
5239 1056 150451115
5240 1149 150676635
5241 1056 150853618
5242 1074 151031101
5243 1445 151154973
5244 1111 151378641
5245 1111 151501939
5246 1314 151720182
5247 1074 151889109
5248 1074 152107185
5249 1148 152323260
5250 1056 152512984
5251 1055 152690171
5252 1259 152815839
5253 1425 152988989
5254 1074 153157953
5255 1241 153331732
5256 1111 153504234
5257 1388 153685199
5258 1629 153854793
5259 1111 153979368
5260 1074 154160259
5261 1333 154346483
5262 1037 154478799
5263 1074 154653171
5264 1259 154816895
5265 1111 154993322
5266 1093 155118305
5267 1278 155293270
5268 1075 155415271
5269 1129 155587440
5270 1260 155772589
5271 1093 155910535
5272 1166 156137519
5273 1278 156262798
5274 1092 156439522
5275 1093 156614708
5276 1277 156841192
5277 1075 156962563
5278 1093 157191139
5279 1463 157409974
5280 1223 157581364
5281 1055 157724144
5282 1519 157923904
5283 1444 158101943
5284 1130 158277351
5285 1241 158451334
5286 1315 158623947
5287 1056 158797226
5288 1260 158967950
5289 1111 159197322
5290 1093 159419953
5291 1333 159637066
5292 1093 159860919
5293 1074 160083014
5294 1277 160257497
5295 1056 160431739
5296 981 160600963
5297 1334 160773149
5298 1074 160942373
5299 963 161118467
5300 1352 161354505
5301 1112 161530173
5302 1074 161662064
5303 1241 161854195
5304 1111 162079178
5305 1111 162201513
5306 1389 162377589
5307 1074 162499924
5308 1130 162724295
5309 1278 162847149
5310 1111 163028650
5311 1093 163260392
5312 1148 163428005
5313 1093 163559858
5314 1056 163735137
5315 1334 163907453
5316 1352 164129751
5317 944 164305012
5318 1278 164475995
5319 1056 164654681
5320 1111 164776387
5321 1352 164954962
5322 1111 165119742
5323 1167 165289595
5324 1371 165466948
5325 1352 165636598
5326 982 165763266
5327 1259 165941620
5328 1074 166168232
5329 1130 166356141
5330 1667 166529143
5331 1093 166715144
5332 1092 166885498
5333 1482 167055147
5334 1093 167233945
5335 1111 167504891
5336 1277 167732671
5337 1166 167886728
5338 1056 168062414
5339 1149 168186415
5340 1093 168408120
5341 1334 168580992
5342 1259 168760920
5343 1093 168981051
5344 1074 169146386
5345 1648 169323554
5346 1093 169497426
5347 1093 169623909
5348 1445 169794614
5349 1111 169947838
5350 1074 170175802
5351 1314 170359026
5352 1111 170582657
5353 1111 170723380
5354 1407 170901456
5355 1148 171081124
5356 1093 171370033
5357 1296 171542609
5358 1037 171760166
5359 1259 171983723
5360 1574 172216113
5361 1240 172390430
5362 1093 172560931
5363 1352 172780803
5364 1074 172950990
5365 1074 173122158
5366 1629 173251845
5367 1092 173426106
5368 1426 173592255
5369 1315 173762627
5370 1056 173882795
5371 1352 174055297
5372 1278 174225928
5373 1092 174448893
5374 1111 174587468
5375 1297 174805451
5376 1111 175073731
5377 1074 175247751
5378 1278 175424067
5379 1074 175595106
5380 982 175772977
5381 1314 175945498
5382 1093 176124832
5383 1093 176297445
5384 1333 176528910
5385 1092 176696337
5386 1129 176817968
5387 1518 176999562
5388 1074 177205600
5389 1074 177378509
5390 1241 177554992
5391 1093 177679160
5392 1130 177906217
5393 1296 178027015
5394 1074 178199387
5395 1129 178386259
5396 1704 178608223
5397 1426 178826169
5398 1074 179046856
5399 1278 179223172
5400 1074 179400470
5401 1055 179625120
5402 1259 179752140
5403 1093 179927234
5404 1092 180049884
5405 1296 180231311
5406 1092 180383424
5407 1111 180638814
5408 1723 180845167
5409 1351 180988188
5410 1056 181161763
5411 1371 181284505
5412 1093 181460692
5413 1074 181636305
5414 1444 181828640
5415 1000 182080400
5416 1056 182264161
5417 1278 182487496
5418 1093 182604942
5419 1074 182833610
5420 1315 183011945
5421 1092 183241947
5422 945 183553596
5423 1648 183721616
5424 1074 183947840
5425 1092 184173342
5426 1148 184342528
5427 1074 184460808
5428 1445 184674457
5429 1426 184789885
5430 1093 184965849
5431 1093 185185832
5432 1278 185312074
5433 1056 185535446
5434 1148 185710355
5435 1240 185882949
5436 1092 186052765
5437 1352 186279692
5438 1222 186495786
5439 1148 186677047
5440 1111 186902400
5441 1259 187099976
5442 1111 187273755
5443 1074 187395201
5444 1278 187621943
5445 1055 187798519
5446 1075 187973594
5447 1259 188094226
5448 1092 188278320
5449 1112 188450728
5450 1333 188625582
5451 1093 188754268
5452 1074 188983084
5453 1370 189157753
5454 1278 189406032
5455 1074 189528219
5456 1667 189753479
5457 1056 189883314
5458 1074 190055279
5459 1333 190181558
5460 1111 190359189
5461 1408 190545783
5462 1352 190687692
5463 1092 190860768
5464 1129 190986510
5465 1259 191211567
5466 1092 191382976
5467 1056 191606218
5468 1260 191827497
5469 1093 192057591
5470 1093 192287147
5471 1519 192504926
5472 1093 192683279
5473 1074 192909558
5474 1352 193081819
5475 1092 193255006
5476 1315 193429655
5477 1315 193603601
5478 1056 193780121
5479 1093 193954067
5480 1278 194175809
5481 1130 194358070
5482 1111 194578294
5483 1130 194759777
5484 1093 194984278
5485 1074 195153595
5486 1445 195329114
5487 1055 195511301
5488 1074 195683839
5489 1223 195854192
5490 1074 196041379
5491 1167 196235047
5492 1389 196463660
5493 1111 196597310
5494 1074 196811700
5495 1334 196987738
5496 1074 197160018
5497 1092 197335575
5498 1241 197457354
5499 1463 197630985
5500 1463 197804987
5501 1351 197987007
5502 1074 198205638
5503 1092 198423584
5504 1389 198658326
5505 1074 198833790
5506 1092 198957570
5507 1463 199136608
5508 1093 199263276
5509 945 199438333
5510 1482 199560279
5511 1092 199735633
5512 1111 199882097
5513 1444 200062766
5514 1092 200252268
5515 1093 200495084
5516 1278 200720586
5517 1074 200894495
5518 1055 201068404
5519 1352 201239535
5520 1111 201417111
5521 982 201542001
5522 1297 201717206
5523 1093 201935430
5524 1092 202154617
5525 1297 202346914
5526 1481 202555953
5527 1074 202678195
5528 1685 202856382
5529 1074 202978550
5530 1074 203157163
5531 1278 203281720
5532 1130 203503018
5533 1092 203620168
5534 1352 203839280
5535 1074 204085189
5536 1093 204392154
5537 1260 204563322
5538 1278 204734157
5539 1055 204909270
5540 1297 205081012
5541 1074 205254051
5542 1130 205424700
5543 1315 205647387
5544 1093 205866018
5545 1129 206037076
5546 1500 206223744
5547 1352 206472653
5548 1259 206697766
5549 1315 206815989
5550 945 206986750
5551 1092 207107974
5552 1333 207280198
5553 1074 207451514
5554 1074 207630738
5555 1333 207851795
5556 1093 207973296
5557 1074 208105946
5558 1371 208280540
5559 1129 208404820
5560 1074 208575432
5561 1315 208695804
5562 1093 208919583
5563 1463 209091011
5564 1333 209264161
5565 1093 209449125
5566 1112 209628015
5567 1315 209761887
5568 1074 209998944
5569 1333 210229298
5570 1241 210450299
5571 1093 210622430
5572 981 210794358
5573 1371 210968211
5574 1074 211137398
5575 1093 211365159
5576 1537 211584142
5577 1297 211750514
5578 1111 211930497
5579 1222 212102999
5580 1074 212274130
5581 1111 212397891
5582 1297 212568355
5583 1055 212741635
5584 1074 212962507
5585 1259 213081990
5586 1093 213258584
5587 1111 213428753
5588 1407 213548773
5589 1075 213777422
5590 963 213983998
5591 1278 214106203
5592 1092 214323168
5593 1074 214449410
5594 1315 214624263
5595 1074 214749950
5596 1074 214928970
5597 1297 215098101
5598 1167 215214788
5599 1055 215398160
5600 1315 215640976
5601 1074 215812830
5602 1167 215975868
5603 1611 216147463
5604 1074 216316853
5605 1093 216487725
5606 1371 216657004
5607 1093 216837450
5608 1112 217057507
5609 1426 217228527
5610 1092 217401455
5611 1074 217580568
5612 1315 217754495
5613 1074 217933348
5614 1093 218056109
5615 1352 218230370
5616 1056 218403149
5617 1074 218578632
5618 1352 218757467
5619 1093 218931876
5620 1167 219206970
5621 1296 219347694
5622 1112 219523269
5623 1074 219645456
5624 1352 219818124
5625 1166 220026478
5626 1092 220209609
5627 1333 220502018
5628 1352 220677834
5629 1093 220899965
5630 1537 221023800
5631 1074 221151820
5632 1074 221324748
5633 1592 221449009
5634 1093 221623140
5635 1092 221742735
5636 1203 221915570
5637 1056 222087756
5638 1093 222258165
5639 1389 222428963
5640 1444 222651298
5641 1074 222823374
5642 1352 223048097
5643 1075 223269580
5644 1111 223439915
5645 1555 223611362
5646 1056 223782938
5647 1093 223993292
5648 1371 224166627
5649 1093 224352499
5650 1148 224535908
5651 1556 224702465
5652 1111 224835041
5653 1093 225079061
5654 1185 225253933
5655 1074 225376083
5656 1111 225550547
5657 1426 225672123
5658 1074 225849346
5659 1093 225975088
5660 1259 226146868
5661 1055 226330536
5662 1148 226449871
5663 1278 226675335
5664 1092 226902411
5665 1111 227077209
5666 1611 227252747
5667 1037 227473489
5668 1093 227643491
5669 1260 227766381
5670 1463 227956698
5671 1111 228081533
5672 1630 228261108
5673 1148 228467573
5674 1111 228659371
5675 1388 228831928
5676 1093 229002003
5677 963 229130412
5678 1370 229302710
5679 1074 229478508
5680 1129 229653028
5681 1444 229830974
5682 1130 230052105
5683 1093 230179088
5684 1277 230378590
5685 1111 230614925
5686 1093 230781500
5687 1334 230958872
5688 1092 231129652
5689 1093 231306505
5690 1148 231477396
5691 1111 231652249
5692 1296 231823584
5693 1352 231998771
5694 1149 232170772
5695 1111 232345793
5696 1241 232516998
5697 1056 232687407
5698 1463 232863168
5699 1222 232986855
5700 1056 233158967
5701 1074 233281876
5702 1371 233455748
5703 1111 233644491
5704 1093 233869752
5705 1222 234000476
5706 1055 234191070
5707 1074 234322238
5708 1334 234542480
5709 1037 234665352
5710 1074 234838391
5711 1352 235009263
5712 1129 235230413
5713 1093 235434562
5714 1296 235657101
5715 1111 235902399
5716 1074 236075234
5717 1333 236253365
5718 1074 236429552
5719 1093 236608312
5720 1297 236778795
5721 1074 236952445
5722 1129 237126836
5723 1426 237302596
5724 1056 237470357
5725 1111 237687655
5726 1463 237882471
5727 1296 238026121
5728 981 238198771
5729 1277 238392495
5730 1277 238516867
5731 1186 238737831
5732 1518 238931148
5733 1351 239105261
5734 1093 239280688
5735 1260 239453541
5736 1111 239672784
5737 1074 239849952
5738 1259 240026621
5739 1297 240153159
5740 1463 240326846
5741 1297 240496738
5742 1112 240670093
5743 1093 240792281
5744 1277 240965950
5745 1426 241134007
5746 1092 241248490
5747 1352 241424917
5748 1129 241651549
5749 1056 241828624
5750 1314 242002867
5751 1074 242262905
5752 1130 242480777
5753 1259 242683131
5754 1129 242802040
5755 1055 242978449
5756 1315 243197432
5757 1185 243318600
5758 1056 243499786
5759 1333 243700325
5760 1093 243875733
5761 981 243999439
5762 1371 244226366
5763 1074 244397201
5764 1055 244569444
5765 1593 244789723
5766 1093 245013928
5767 1111 245203356
5768 1500 245436283
5769 1074 245617711
5770 1092 245794898
5771 1278 245968066
5772 1092 246186846
5773 1111 246412922
5774 1278 246584905
5775 1074 246707629
5776 1092 246950038
5777 1296 247208114
5778 1074 247375171
5779 963 247506635
5780 1371 247747692
5781 1111 247919935
5782 1370 248042270
5783 1278 248218623
5784 1074 248393069
5785 1074 248616571
5786 1278 248787554
5787 1259 248971019
5788 1111 249191094
5789 1388 249304763
5790 1092 249483394
5791 1055 249658118
5792 1296 249780323
5793 1074 249952399
5794 1129 250173993
5795 1259 250357772
5796 1074 250531681
5797 1074 250748646
5798 1315 250979314
5799 1093 251151186
5800 1130 251373706
5801 1278 251558856
5802 1074 251733413
5803 1315 251856507
5804 1259 252027694
5805 1112 252209862
5806 1093 252441586
5807 1296 252612847
5808 1074 252789441
5809 1111 253010665
5810 1425 253138408
5811 1111 253267224
5812 1037 253447003
5813 1277 253571709
5814 1352 253793729
5815 1093 253969860
5816 1278 254141806
5817 1074 254276104
5818 1074 254448402
5819 1703 254616015
5820 1241 254833646
5821 1204 254948925
5822 1370 255177501
5823 1093 255396224
5824 1149 255619207
5825 1574 255848450
5826 1112 256073321
5827 1315 256255601
5828 1185 256431732
5829 1074 256703993
5830 1278 256872013
5831 1482 257040903
5832 1093 257311386
5833 1370 257499888
5834 1482 257693130
5835 1037 257863169
5836 1389 258033300
5837 1611 258156024
5838 1093 258340303
5839 1093 258460712
5840 1667 258642473
5841 1111 258815660
5842 1093 258933272
5843 1241 259112348
5844 1111 259282998
5845 1074 259404666
5846 1351 259528316
5847 1074 259654039
5848 1092 259833560
5849 1130 260004431
5850 1093 260128859
5851 1111 260303435
5852 1463 260573140
5853 1056 260741882
5854 1111 260886421
5855 1259 261063071
5856 1296 261233887
5857 1074 261454648
5858 1389 261678983
5859 1093 261847077
5860 1130 261968634
5861 1259 262196080
5862 1092 262463730
5863 1093 262625546
5864 1351 262801548
5865 1129 263070901
5866 1500 263209032
5867 1278 263384607
5868 1111 263557720
5869 1074 263779184
5870 1148 263955204
5871 1093 264132724
5872 1092 264306374
5873 1315 264476338
5874 1111 264591525
5875 1056 264766415
5876 1278 264941324
5877 1056 265113733
5878 1056 265287012
5879 1259 265405810
5880 1092 265574349
5881 1093 265694146
5882 1685 265873426
5883 1074 266093316
5884 1240 266207170
5885 1259 266435042
5886 1056 266621006
5887 1111 266846582
5888 1315 267019657
5889 1075 267196103
5890 1112 267364512
5891 1277 267585181
5892 1111 267754571
5893 1056 267976776
5894 1370 268219556
5895 1092 268389780
5896 1074 268567429
5897 1260 268733875
5898 1092 268907544
5899 1093 269077934
5900 1389 269245880
5901 1148 269365011
5902 1092 269533624
5903 1426 269652459
5904 1111 269828942
5905 1185 270002832
5906 1352 270183000
5907 1093 274395909
5908 1093 274581262
5909 1240 274704764
5910 1093 274880228
5911 1371 275056581
5912 1148 275226990
5913 1074 275404177
5914 1241 275586530
5915 1389 275809235
5916 1130 276030884
5917 1111 276224756
5918 1407 276431369
5919 1074 276558000
5920 1075 276729964
5921 1259 276853966
5922 1074 277075301
5923 1074 277197784
5924 1593 277364878
5925 1093 277486712
5926 1112 277709046
5927 1408 277883825
5928 1111 278109363
5929 1075 278331679
5930 1129 278453737
5931 1056 278578775
5932 1260 278702091
5933 1352 278874334
5934 1074 279040539
5935 1111 279353781
5936 1277 279517209
5937 1167 279656673
5938 1370 279844027
5939 1574 280084565
5940 1112 280264344
5941 1130 280433401
5942 1649 280602273
5943 1055 280823627
5944 1092 280992462
5945 1278 281159000
5946 1111 281336946
5947 1112 281527225
5948 1278 281640042
5949 1463 281820395
5950 1092 281994971
5951 1296 282220213
5952 1148 282433900
5953 1111 282605975
5954 1130 282826884
5955 1130 282992515
5956 1111 283161979
5957 1241 283282184
5958 1130 283552945
5959 1055 283745095
5960 1241 283934152
5961 1055 284105802
5962 1092 284275859
5963 1315 284450564
5964 1055 284620677
5965 1111 284790696
5966 1426 285009512
5967 1111 285190236
5968 1130 285410052
5969 1315 285570220
5970 1111 285743259
5971 1111 285869316
5972 1351 286039503
5973 1093 286161911
5974 1093 286351468
5975 1629 286468785
5976 1092 286638472
5977 1112 286760917
5978 1426 286938363
5979 1056 287159087
5980 1093 287326422
5981 1296 287506424
5982 1074 287724425
5983 1111 287893982
5984 1426 288066132
5985 1334 288236411
5986 1056 288411024
5987 1296 288531619
5988 1111 288710010
5989 1111 288888234
5990 1296 289114810
5991 1149 289241311
5992 1130 289493998
5993 1222 289633630
5994 1092 289807835
5995 1130 290027984
5996 1314 290247042
5997 1074 290423506
5998 1407 290592193
5999 1204 290808472
6000 1093 291072455
6001 1111 291249457
6002 1334 291475717
6003 1296 291654960
6004 1333 291844554
6005 1130 292010666
6006 1111 292182705
6007 1315 292354558
6008 1296 292519745
6009 1074 292690265
6010 1092 292809156
6011 1722 293002713
6012 1222 293242233
6013 1074 293388142
6014 1278 293558217
6015 963 293789534
6016 1074 294063443
6017 1278 294233240
6018 981 294454557
6019 1093 294574169
6020 1518 294751153
6021 1074 294970376
6022 1093 295146322
6023 1611 295282638
6024 1093 295486936
6025 1074 295661919
6026 1500 295789272
6027 1092 295966274
6028 1111 296139238
6029 1351 296305055
6030 1055 296419575
6031 1093 296591372
6032 1333 296816096
6033 1333 296948523
6034 1111 297215376
6035 1315 297447470
6036 1167 297563416
6037 1074 297826621
6038 1333 297945882
6039 1093 298115883
6040 1130 298280477
6041 1222 298457404
6042 1129 298642276
6043 1185 298880740
6044 1297 299072463
6045 1093 299226520
6046 1038 299456040
6047 1389 299624690
6048 1074 299795173
6049 1075 299918026
6050 1648 300085991
6051 1056 300311307
6052 1074 300505624
6053 1370 300726218
6054 1092 300896942
6055 1093 301126406
6056 1352 301292574
6057 1111 301507465
6058 1426 301678448
6059 1574 301844357
6060 1111 302056321
6061 1092 302174823
6062 1241 302360491
6063 1112 302661918
6064 1111 302882216
6065 1425 303052348
6066 1092 303330294
6067 1092 303595092
6068 1314 303815390
6069 1352 304032261
6070 1074 304215726
6071 1297 304435190
6072 1334 304605136
6073 1093 304818786
6074 1278 304986010
6075 1166 305158956
6076 1093 305288624
6077 1444 305480274
6078 1129 305696757
6079 1092 305869314
6080 1296 306082260
6081 1093 306248409
6082 1260 306462929
6083 1260 306628949
6084 1093 306806062
6085 1111 307038452
6086 1111 307164343
6087 1093 307290992
6088 1093 307458012
6089 1389 307621292
6090 1112 307791219
6091 1111 307906332
6092 1333 308117575
6093 1129 308243021
6094 1074 308405263
6095 1241 308571542
6096 1111 308795544
6097 1222 309028027
6098 1370 309152973
6099 1037 309317530
6100 1000 309478790
6101 1352 309644403
6102 1315 309859460
6103 1130 310023554
6104 1259 310190667
6105 1055 310395928
6106 1130 310613466
6107 1445 310838338
6108 1111 311014877
6109 1093 311216174
6110 1277 311378343
6111 1056 311540455
6112 1111 311703957
6113 1352 311868977
6114 1074 312033608
6115 1111 312245702
6116 1297 312415481
6117 1129 312585409
6118 1092 312703892
6119 1685 312832097
6120 1092 312997747
6121 1111 313114341
6122 1426 313283157
6123 1074 313452881
6124 1111 313617716
6125 1222 313778662
6126 1129 313949571
6127 1463 314125887
6128 1333 314247685
6129 1111 314425427
6130 1111 314616521
6131 1352 314784819
6132 1056 314900209
6133 1111 315065674
6134 1278 315180305
6135 1074 315344529
6136 1129 315572123
6137 1352 315743124
6138 1093 315964348
6139 1149 316191812
6140 1315 316452258
6141 1092 316617260
6142 1056 316781965
6143 1297 316947818
6144 1093 317116079
6145 1130 317232877
6146 1277 317392379
6147 1093 317507861
6148 1222 317685400
6149 1389 317857161
6150 1444 318005033
6151 1092 318193109
6152 1315 318355925
6153 1093 318525575
6154 1129 318743373
6155 1370 318913671
6156 1167 319081913
6157 1074 319246155
6158 1315 319363101
6159 1112 319541973
6160 1111 319715920
6161 1537 319891347
6162 1130 320058126
6163 1315 320283035
6164 1241 320478259
6165 1092 320591872
6166 1092 320759707
6167 1259 320926319
6168 1129 321138710
6169 1111 321310045
6170 1649 323032268
6171 1185 323202733
6172 1092 323394272
6173 1278 323610940
6174 1093 323885108
6175 1074 324053166
6176 1333 324228816
6177 1111 324392391
6178 1130 324556356
6179 1204 324721950
6180 1093 324899841
6181 1130 325088342
6182 1389 325316825
6183 1093 325610827
6184 1000 325776347
6185 1351 325947386
6186 1129 326116443
6187 1092 326283926
6188 1297 326447149
6189 1074 326610614
6190 1074 326784653
6191 1278 327005561
6192 1352 327185989
6193 1055 327413565
6194 1463 327576974
6195 1074 327750549
6196 1093 327922347
6197 1278 328085682
6198 1370 328210573
6199 1093 328377259
6200 2815 328503372
6201 1056 328627781
6202 1148 328800190
6203 1685 328973636
6204 1241 329100971
6205 1112 329267324
6206 1259 329383215
6207 1111 329550161
6208 1111 329719700
6209 1352 329888331
6210 1093 330054555
6211 1074 330276983
6212 1463 330457317
6213 1093 330585819
6214 1074 330769469
6215 1130 330964692
6216 1130 331180675
6217 1093 331351751
6218 1333 331470716
6219 1093 331656976
6220 1260 331766459
6221 1277 331927054
6222 1389 332047407
6223 1111 332267983
6224 1370 332432688
6225 1112 332558004
6226 1092 332721266
6227 1371 332935804
6228 1315 333099195
6229 1111 333210549
6230 1259 333437624
6231 1111 333555348
6232 1092 333772609
6233 1481 333992314
6234 1093 334165797
6235 1111 334327910
6236 1185 334566911
6237 1111 334779839
6238 1074 334895414
6239 1611 335059527
6240 1093 335225269
6241 1056 335391474
6242 1314 335627717
6243 1074 335802570
6244 1074 336017553
6245 1389 336192999
6246 1111 336348204
6247 1111 336513983
6248 1296 336679837
6249 1111 336845727
6250 1093 337063747
6251 1260 337231452
6252 1111 337400343
6253 1093 337566770
6254 1685 337735846
6255 1111 337908292
6256 1093 338078682
6257 1130 338205758
6258 1056 338373574
6259 1092 338590743
6260 1500 338815096
6261 1111 338985598
6262 1074 339154136
6263 1333 339264823
6264 1074 339438139
6265 1111 339620548
6266 1296 339791513
6267 1074 339968903
6268 1093 340210423
6269 1426 340375702
6270 1093 340541741
6271 1129 340657391
6272 1186 340821688
6273 1074 340933968
6274 1092 341097488
6275 1296 341217045
6276 1111 341440639
6277 1444 341564715
6278 1204 341741568
6279 1092 341907718
6280 1111 342073682
6281 1333 342239258
6282 1056 342405000
6283 1074 342567039
6284 1278 342731966
6285 1093 342945560
6286 1093 343120969
6287 1611 343292008
6288 1185 343546676
6289 1074 343682937
6290 1315 343903605
6291 1148 344074866
6292 1093 344243441
6293 1371 344359628
6294 1111 344528593
6295 1186 344695279
6296 1370 344967318
6297 1112 345188523
6298 1130 345361784
6299 1519 345521193
6300 1166 345691751
6301 1130 345807882
6302 1315 345975346
6303 1074 346193496
6304 1093 346366368
6305 1352 346579573
6306 1092 346698853
6307 1074 346872521
6308 1445 347095559
6309 1130 347216746
6310 944 347345026
6311 1667 347510305
6312 1111 347676511
6313 1074 347893420
6314 1500 348056033
6315 1129 348252535
6316 1092 348465981
6317 1667 348640723
6318 1093 348867669
6319 1111 348990189
6320 1296 349177339
6321 1074 349381748
6322 1093 349545027
6323 1259 349660714
6324 982 349825234
6325 1093 349939624
6326 1241 350107848
6327 1148 350225961
6328 1056 350404240
6329 1278 350579427
6330 1148 350702577
6331 1075 350826337
6332 1297 350994246
6333 1092 351108989
6334 1092 351278009
6335 1407 351490640
6336 1074 351658679
6337 1111 351779791
6338 1260 351945959
6339 1111 352136165
6340 1129 352357222
6341 1500 352485020
6342 1129 352674133
6343 1093 352842431
6344 1204 353012118
6345 1074 353177620
6346 1111 353343899
6347 1722 353561086
6348 1111 353729495
6349 1074 353900330
6350 1611 354067276
6351 1111 354291093
6352 1315 354462743
6353 1611 354683448
6354 1074 354903190
6355 1111 355069118
6356 1333 355231564
6357 1055 355439992
6358 1074 355612104
6359 1426 355776199
6360 1111 355952367
6361 1092 356120832
6362 1370 356247926
6363 1223 356427501
6364 1056 356586410
6365 1277 356693468
6366 1092 356856988
6367 1093 356968915
6368 1389 357132139
6369 1074 357292585
6370 1055 357458272
6371 1278 357584477
6372 1092 357814053
6373 1389 357994184
6374 1148 358238056
6375 1352 358405094
6376 1111 358570689
6377 1260 358735486
6378 1093 358850395
6379 1093 359016323
6380 1352 359138547
6381 1093 359321030
6382 1111 359493735
6383 1518 359667478
6384 1426 359841368
6385 1111 360008833
6386 1204 360178760
6387 1407 360347244
6388 1482 360509319
6389 1278 360728728
6390 1074 360842230
6391 1092 361004250
6392 1333 361164881
6393 1371 361335975
6394 1519 361506810
6395 1352 361637886
6396 1092 361802573
6397 1093 361917148
6398 1278 362082076
6399 1055 362196170
6400 1260 362361597
6401 1389 362526969
6402 1111 362701193
6403 1092 362873547
6404 1463 363046530
6405 1112 363228679
6406 1111 363490255
6407 1240 363702294
6408 1093 363875906
6409 1407 364092112
6410 1371 364263650
6411 1093 364432596
6412 1093 364594672
6413 1592 364767896
6414 1129 364989768
6415 1130 365159084
6416 1371 365334789
6417 1352 365499532
6418 1092 365670052
6419 1278 365845924
6420 1092 365959944
6421 1111 366124297
6422 1241 366288706
6423 1149 366455300
6424 1408 366638561
6425 1500 366875767
6426 1130 367004194
6427 1129 367196270
6428 1296 367361253
6429 1093 367478995
6430 1074 367643941
6431 1314 367758795
6432 1111 367922759
6433 1092 368036224
6434 1704 368216892
6435 1112 368435782
6436 1093 368609932
6437 1352 368787582
6438 1055 368980547
6439 1074 369096771
6440 1278 369266106
6441 1074 369440701
6442 1055 369604629
6443 1149 369769334
6444 1092 369938911
6445 1111 370156227
6446 1296 370415266
6447 1111 370637767
6448 1092 370812362
6449 1611 370975678
6450 1111 371136902
6451 1074 371310125
6452 1259 371424979
6453 1092 371587462
6454 1111 371754426
6455 1241 372034113
6456 1074 372308707
6457 1111 372478394
6458 1259 372659896
6459 1074 372965231
6460 1093 373128806
6461 1611 373291141
6462 1166 373457217
6463 1111 373629681
6464 1574 373801350
6465 1092 374012722
6466 1093 374190797
6467 1426 374364188
6468 1111 374542708
6469 1055 374722043
6470 1463 374942489
6471 1075 375065601
6472 1111 375235548
6473 1371 375351382
6474 1092 375511940
6475 1112 375627200
6476 1259 375791295
6477 1093 375912148
6478 1092 376083576
6479 1574 376288281
6480 1111 376527431
6481 1074 376695340
6482 1445 376861730
6483 1111 377073861
6484 1111 377242270
6485 1259 377406346
6486 1111 377576329
6487 1074 377713590
6488 1352 377938480
6489 1111 378113445
6490 1093 378237650
6491 1500 378404041
6492 1092 378572024
6493 1055 378735822
6494 1352 378848842
6495 1074 379012621
6496 1129 379176549
6497 1370 379344754
6498 1093 379462848
6499 1148 379677757
6500 1463 379899314
6501 1129 380030557
6502 1130 380209614
6503 1334 380323467
6504 1111 380483932
6505 1463 380651193
6506 1278 380816305
6507 1241 380932529
6508 1092 381109957
6509 1297 381333273
6510 1166 381507516
6511 1074 381636462
6512 1482 381872685
6513 1074 381987113
6514 1093 382152781
6515 1203 382326709
6516 1111 382491821
6517 1111 382607582
6518 1333 382826399
6519 1055 383046197
6520 1426 383268531
6521 1555 383391422
6522 1092 383568831
6523 1092 383786092
6524 1352 383904871
6525 1055 384069132
6526 1093 384247726
6527 1166 384462876
6528 1074 384627544
6529 1092 384792546
6530 1130 385018010
6531 1111 385245364
6532 1185 385432328
6533 1241 385589589
6534 1093 385750942
6535 1092 385869796
6536 1297 386033038
6537 1074 386148114
6538 1075 386324115
6539 1277 386437673
6540 1092 386614008
6541 1111 386783954
6542 1666 386957937
6543 1111 387136883
6544 1130 387351236
6545 1278 387616423
6546 1129 387782721
6547 1111 387901574
6548 1185 388120039
6549 1074 388245170
6550 1093 388407689
6551 1407 388575543
6552 1111 388798396
6553 1112 389025119
6554 1463 389151862
6555 1111 389319678
6556 1111 389487235
6557 1148 389652274
6558 1093 389767442
6559 1093 389930721
6560 1278 390100834
6561 1370 390287299
6562 1111 390459467
6563 1833 390635117
6564 1093 390816470
6565 1185 391007194
6566 1592 391223529
6567 1408 391338882
6568 1093 391503791
6569 1278 391621237
6570 1093 391788220
6571 1111 391950129
6572 1278 392126483
6573 1111 392313262
6574 1111 392436578
6575 1296 392561024
6576 1111 392730581
6577 1093 392946304
6578 1130 393116843
6579 1055 393231919
6580 1092 393442217
6581 1444 393607922
6582 1074 393774238
6583 1130 393943906
6584 1278 394161223
6585 1055 394366632
6586 1130 394607207
6587 1278 394773135
6588 1093 394990988
6589 1093 395157249
6590 1407 395331640
6591 1129 395505438
6592 1111 395719050
6593 1630 395893311
6594 1093 396066942
6595 1093 396191777
6596 1333 396585890
6597 1093 396752447
6598 1111 396970615
6599 1222 397139376
6600 1074 397256359
6601 1111 397425564
6602 1241 397598936
6603 1111 397763142
6604 1112 397966013
6605 1111 398189737
6606 1185 398414943
6607 1111 398641555
6608 1315 398808557
6609 1093 398973484
6610 1111 399088504
6611 1407 399251321
6612 1093 399367285
6613 1111 399580102
6614 1389 399754214
6615 1315 400010142
6616 1055 400239755
6617 1074 400373997
6618 1149 400538887
6619 1112 400705870
6620 1074 400876076
6621 1278 401049003
6622 1074 401266764
6623 1148 401433247
6624 1352 401603323
6625 1130 401773454
6626 1129 401994178
6627 1278 402213661
6628 1112 402389199
6629 1074 402555460
6630 1351 402668740
6631 1129 402879371
6632 1149 403051983
6633 1296 403266763
6634 1111 403444487
6635 1333 403612859
6636 1352 403807230
6637 1333 403976825
6638 1130 404212215
6639 1296 404401643
6640 1111 404569292
6641 1093 404685368
6642 1259 404852629
6643 1074 404963853
6644 1093 405130039
6645 1167 405248837
6646 1334 405428005
6647 1111 405648748
6648 1297 405769934
6649 1408 405894917
6650 1075 406115326
6651 1297 406292698
6652 1296 406534848
6653 1074 406658220
6654 1296 406822259
6655 1092 406936705
6656 1074 407100373
6657 1278 407265763
6658 1055 407490654
6659 1055 407663637
6660 1333 407842120
6661 1074 408004492
6662 1241 408172493
6663 1259 408362069
6664 1092 408578330
6665 1111 408691517
6666 1240 408857574
6667 1056 409028890
6668 1426 409247281
6669 1537 409475875
6670 1111 409659543
6671 982 409894785
6672 1370 410063954
6673 1111 410237881
6674 1111 410357661
6675 1333 410569181
6676 1092 410680498
6677 1111 410794870
6678 1296 410971816
6679 1074 411144892
6680 1148 412256523
6681 1314 412414377
6682 1129 412631045
6683 1111 412797750
6684 1371 412957881
6685 1111 413130475
6686 1111 413299570
6687 1166 413468627
6688 1112 413635387
6689 1333 413808241
6690 1500 413981946
6691 1167 414169077
6692 1074 414387153
6693 1315 414547210
6694 1093 414663934
6695 1074 414828250
6696 1315 414992622
6697 1334 415156846
6698 1166 415271978
6699 1315 415446739
6700 1277 415666852
6701 1129 415839150
6702 1371 416038762
6703 1277 416217116
6704 1093 416384580
6705 1260 416598711
6706 1074 416713417
6707 1000 416882566
6708 1463 417038679
6709 1074 417203236
6710 1185 417428016
6711 1296 417614647
6712 1111 417840093
6713 1055 418012391
6714 1296 418177633
6715 1352 418350968
6716 1223 418521173
6717 1388 418686305
6718 1074 418848380
6719 1111 419013419
6720 1333 419247717
6721 1093 419420533
6722 1129 419549683
6723 1241 419780499
6724 1093 420014371
6725 1092 420230373
6726 1148 420404634
6727 1112 420571931
6728 1111 420740174
6729 1130 420910638
6730 1092 421079807
6731 1093 421307160
6732 1666 421579125
6733 1166 421840219
6734 1111 422016628
6735 1389 422181666
6736 1111 422351427
6737 1092 422515466
6738 1352 422728541
6739 1092 422944210
6740 1111 423114526
6741 1296 423347917
6742 1167 423567381
6743 1130 423738753
6744 1278 423966125
6745 1074 424162886
6746 1092 424336721
6747 1296 424481667
6748 1240 424645965
6749 1092 424808374
6750 1371 424971986
6751 1093 425087414
6752 1111 425265193
6753 1370 425435843
6754 1129 425604845
6755 1130 425787124
6756 1371 425951088
6757 1111 426115868
6758 1093 426284499
6759 1278 426451667
6760 1112 426618724
6761 1130 426733189
6762 1315 426895616
6763 1074 427013711
6764 1074 427233268
6765 1315 427352528
6766 1111 427579863
6767 1111 427797346
6768 1222 427960459
6769 1315 428126367
6770 1111 428242925
6771 1222 428454482
6772 1111 428621113
6773 1111 428829225
6774 1222 429049616
6775 1130 429176635
6776 1074 429354637
6777 1556 429541342
6778 1204 429703992
6779 1111 429915364
6780 1278 430081421
6781 963 430194589
6782 1074 430362609
6783 1148 430531481
6784 1092 430706872
6785 1111 430880503
6786 1333 431051227
6787 1093 431224654
6788 1074 431391489
6789 1371 431507305
6790 1315 431677399
6791 1463 431894420
6792 1315 432061051
6793 1111 432180367
6794 1240 432345758
6795 1259 432461889
6796 1074 432681205
6797 1074 432809725
6798 1297 432980745
6799 1074 433141654
6800 1148 433305860
6801 1278 433471324
6802 1092 433633437
6803 1074 433797216
6804 1351 433909070
6805 1111 434084997
6806 1426 434303572
6807 1277 434428963
6808 1111 434605890
6809 1111 434797317
6810 1334 434960337
6811 1074 435175506
6812 1129 435343174
6813 1130 435515842
6814 1074 435677899
6815 1074 435844623
6816 1185 436016032
6817 1093 436188921
6818 1093 436361865
6819 1296 436488626
6820 1111 436706016
6821 1092 436816851
6822 1296 437031038
6823 1371 437178835
6824 1092 437354800
6825 1260 437473764
6826 1074 437643081
6827 1093 437792378
6828 1852 437965213
6829 1111 438148085
6830 1000 438355716
6831 1296 438521496
6832 1112 438742719
6833 1055 438958851
6834 1278 439172074
6835 1074 439333465
6836 1093 439498966
6837 1278 439676505
6838 1444 439962414
6839 1093 440952804
6840 1092 441210658
6841 1166 441416752
6842 1166 441661865
6843 1056 441855829
6844 1260 442054923
6845 1093 442250499
6846 1093 442537982
6847 1148 442723928
6848 944 442979985
6849 1352 443260357
6850 1185 443464155
6851 1074 443751212
6852 963 443919769
6853 1222 444038289
6854 1093 444224346
6855 1129 444393848
6856 1186 444561645
6857 1185 444751388
6858 1111 444883186
6859 1334 445106095
6860 1130 445233634
6861 1296 445356932
6862 1296 445521452
6863 1074 445680787
6864 1166 445843474
6865 1314 446004124
6866 1074 446166644
6867 1092 446339109
6868 1352 446500036
6869 1093 446614556
6870 1111 446784262
6871 1371 446951022
6872 1093 447128505
6873 1296 447287248
6874 1389 447396971
6875 1074 447562214
6876 1111 447680493
6877 1315 447845735
6878 1074 447957126
6879 1111 448135942
6880 1722 448355425
6881 1074 448529797
6882 1055 448655095
6883 1260 448898948
6884 1130 449061116
6885 1111 449232729
6886 1408 449397934
6887 1222 449569677
6888 1112 449735474
6889 1297 449947883
6890 1075 450069403
6891 1111 450327553
6892 1426 450497425
6893 1093 450626723
6894 1092 450793818
6895 1352 450911375
6896 1111 451071895
6897 1111 451189767
6898 1278 451359695
6899 1092 451479178
6900 1148 451649568
6901 1259 451777181
6902 1148 451984479
6903 1074 452187684
6904 1685 452495315
6905 1056 452659835
6906 1092 452824337
6907 1222 452990579
6908 1074 453102581
6909 1092 453267601
6910 1407 453390695
6911 1260 453619122
6912 1093 453841809
6913 1296 454013533
6914 982 454140164
6915 1074 454380351
6916 1407 454510038
6917 1074 454676113
6918 1093 454842096
6919 1352 455055561
6920 1074 455223081
6921 1111 455388471
6922 1259 455507306
6923 1055 455677808
6924 1222 455849198
6925 1278 455976181
6926 1278 456142349
6927 1093 456258536
6928 1315 456423686
6929 1111 456536687
6930 1130 456702800
6931 1296 456897024
6932 1074 457123673
6933 1111 457301323
6934 1389 457479306
6935 1111 457661511
6936 1130 458107420
6937 1315 458223088
6938 1074 458437109
6939 1130 458605758
6940 1259 458792593
6941 1111 458959169
6942 1093 459123411
6943 1185 459246339
6944 1092 459414581
6945 1204 459589064
6946 1352 459765991
6947 1111 460016567
6948 1111 460227143
6949 1482 460394440
6950 1445 460505738
6951 1296 460671944
6952 1259 460836556
6953 1111 460999762
6954 1093 461226597
6955 1315 461449636
6956 1167 461628416
6957 1130 461765417
6958 1130 461933067
6959 1093 462047365
6960 1055 462210589
6961 1351 462373387
6962 1111 462580833
6963 1092 462800501
6964 1334 463023002
6965 1074 463244745
6966 1185 464254080
6967 1093 464649155
6968 1371 464849212
6969 1278 465013399
6970 1093 465181678
6971 1315 465344217
6972 1129 465507978
6973 1111 465673572
6974 1278 465844259
6975 1148 465963168
6976 1129 466183429
6977 1315 466356578
6978 1111 466478321
6979 1093 466650600
6980 1260 466864546
6981 1111 467035289
6982 1112 467210364
6983 1148 467391681
6984 1111 467559275
6985 1111 467737369
6986 1148 467959464
6987 1166 468129688
6988 1055 468359171
6989 1463 468551524
6990 1111 468720563
6991 1092 468918528
6992 1278 469087103
6993 1056 469200771
6994 1204 469362587
6995 1259 469476274
6996 1092 469651183
6997 1092 469878203
6998 1352 470054648
6999 1093 470180557
7000 1074 470354670
7001 1334 470520245
7002 1055 470684006
7003 1111 470798322
7004 1296 470965805
7005 1092 471078288
7006 1074 471240048
7007 1315 471406290
7008 1111 471631681
7009 1111 471773571
7010 1259 471916684
7011 1130 472082074
7012 1000 472247168
7013 1574 472361112
7014 1093 472582018
7015 1112 472800054
7016 1315 472965278
7017 1074 473082521
7018 1111 473306985
7019 1370 473434228
7020 1167 473622562
7021 1130 473878490
7022 1333 474051547
7023 1111 474225512
7024 1129 474393421
7025 1315 474563644
7026 1093 474724201
7027 1112 474941443
7028 1129 475181760
7029 1129 475405428
7030 1111 475578373
7031 1389 475705708
7032 1222 475875116
7033 1074 475991395
7034 1296 476210360
7035 1056 476369194
7036 1092 476533437
7037 1297 476697845
7038 1056 476862050
7039 1130 477051607
7040 1334 477284701
7041 1093 477458647
7042 1130 477648037
7043 1297 477861483
7044 1093 478027225
7045 1093 478185856
7046 1259 478365839
7047 1093 478479433
7048 1148 478692231
7049 1334 478813454
7050 1074 478986511
7051 1074 479157328
7052 1389 479279866
7053 1074 479445164
7054 1148 479615424
7055 1148 479787833
7056 1111 479955020
7057 1093 480144595
7058 1278 480357615
7059 1129 480557987
7060 1112 480722858
7061 1259 480942508
7062 1129 481209750
7063 1092 481387492
7064 1241 481552382
7065 1111 481666032
7066 1111 481882477
7067 1352 482052442
7068 1093 482220665
7069 1111 482340426
7070 1111 482574686
7071 1092 482745058
7072 1111 482921837
7073 1240 483052079
7074 1074 483227191
7075 1056 483392211
7076 1388 483559787
7077 1092 483729696
7078 1111 483897290
7079 1574 484062995
7080 1074 484237404
7081 1074 484409535
7082 1241 484582796
7083 1093 484761186
7084 1074 484988428
7085 1278 485154596
7086 1111 485368468
7087 1093 485483673
7088 1722 485648193
7089 1074 485761621
7090 1093 485974604
7091 1426 486087995
7092 1074 486272923
7093 1167 486451980
7094 1333 486627019
7095 1407 486874002
7096 1093 487047355
7097 1315 487205375
7098 1111 487368951
7099 1093 487538952
7100 1296 487709954
7101 1093 487823308
7102 1111 487998644
7103 1278 488174053
7104 1129 488346352
7105 1092 488472798
7106 1148 488692522
7107 1092 488815338
7108 1111 488983580
7109 1796 489096989
7110 1092 489262935
7111 1111 489381955
7112 1259 489550197
7113 1111 489667439
7114 1111 489840830
7115 1315 489963720
7116 1111 490140536
7117 963 490366945
7118 1537 490529336
7119 1296 490699708
7120 1092 490864543
7121 1352 491032711
7122 1074 491196972
7123 1074 491374011
7124 1296 491594883
7125 1148 491766570
7126 1092 491949164
7127 1315 492129017
7128 1074 492294297
7129 1129 492456708
7130 1370 492668397
7131 1204 492839974
7132 1093 493053180
7133 1296 493237441
7134 1074 493413868
7135 1093 493587518
7136 1537 493711853
7137 1074 493841262
7138 1092 494008745
7139 1166 494173117
7140 1092 494344489
7141 1000 494527435
7142 1574 494700584
7143 1074 494869438
7144 1093 495031013
7145 1259 495211571
7146 1111 495447628
7147 1185 495647241
7148 1278 495830576
7149 1074 496000189
7150 1111 496117783
7151 1352 496283822
7152 1093 496445879
7153 1111 496612603
7154 1518 496772401
7155 1093 496952180
7156 1129 497177182
7157 1463 497348369
7158 1111 497475907
7159 1111 497648335
7160 1333 497817059
7161 1074 497985338
7162 1112 498103284
7163 1278 498317045
7164 1075 498482195
7165 1074 498693049
7166 1703 498910755
7167 1112 499179441
7168 1111 499349684
7169 1370 499471075
7170 1093 499640206
7171 1111 499759467
7172 1259 499923784
7173 1092 500034693
7174 1074 500212009
7175 1333 500323844
7176 1093 500548586
7177 1111 500767903
7178 1334 500946663
7179 1111 501127091
7180 982 501309499
7181 1315 501473186
7182 1130 501589317
7183 1111 501761541
7184 1278 501925598
7185 1129 502135303
7186 1111 502244471
7187 1297 502421379
7188 1111 502639862
7189 1129 502815216
7190 1259 502940551
7191 1092 503110719
7192 1092 503282943
7193 1352 503500203
7194 1222 503617631
7195 1075 503784817
7196 1371 503995300
7197 1074 504159783
7198 1092 504313674
7199 1296 504485805
