0 1130 138751247
1 1389 238928697
2 982 339000221
3 945 439129597
4 982 539256029
5 1056 639317442
6 1074 739382689
7 1111 133390230
8 944 233481828
9 1240 333564871
10 1000 433634265
11 963 533702141
12 926 633770258
13 963 733840338
14 1129 133391750
15 1074 233532218
16 945 333606409
17 1112 433719618
18 963 533784587
19 963 633849389
20 962 733910025
21 1074 133392010
22 1074 233502146
23 1074 333607318
24 944 433677546
25 1260 533745792
26 1093 633818742
27 1056 733906433
28 1074 133390919
29 1333 233540851
30 1148 333650764
31 1074 433817770
32 1055 533904961
33 1204 633980670
34 963 734048268
35 1075 133386235
36 1129 233477223
37 1185 333582673
38 1092 433794179
39 1074 533902092
40 963 633984912
41 1259 734053585
42 1092 133390978
43 1093 233486298
44 963 333562860
45 945 433627013
46 1093 533813852
47 1092 633922488
48 963 733994882
49 1074 133398535
50 1092 233495874
51 963 333573046
52 926 433637515
53 944 533700132
54 1167 633829508
55 1093 733943328
56 1296 133395388
57 1093 233485523
58 1074 333618140
59 1074 433692183
60 1148 533771670
61 1075 633875453
62 1092 734073904
63 1130 133415685
64 1204 233514265
65 1074 333589197
66 944 433653814
67 945 533715356
68 1111 633778918
69 944 733839368
70 1074 133387205
71 1111 233530674
72 1093 333607179
73 1333 433675889
74 963 533789950
75 1074 633857159
76 963 733923406
77 1093 133395669
78 963 233542823
79 981 333620329
80 1204 433686612
81 1092 533754655
82 1111 633826161
83 1093 733895925
84 1093 133392800
85 944 233483121
86 963 333569608
87 1074 433636021
88 1074 533749249
89 963 633811162
90 944 733871705
91 1092 133388209
92 1112 233500177
93 982 333587220
94 963 433657337
95 944 533721176
96 1130 633785126
97 1111 733858280
98 1093 133406247
99 1111 233642827
100 1093 333754925
101 963 433913690
102 1167 533984418
103 1093 634051590
104 1241 734114874
105 1074 133392526
106 1074 233492125
107 1074 333601001
108 1129 433734729
109 944 533822642
110 944 633889444
111 963 733954449
112 1093 133387509
113 963 233474941
114 926 333567965
115 1148 433714230
116 1074 533844291
117 1093 633935204
118 944 734003710
119 1315 133387955
120 1000 233477701
121 963 333554559
122 1019 433620453
123 1093 533720459
124 1056 633834483
125 1074 733921952
126 1112 133393715
127 1278 233492184
128 1074 333580005
129 945 433643325
130 963 533712442
131 1444 633808985
132 1352 733939935
133 1370 133391143
134 1092 233479945
135 1240 333583210
136 1148 433653808
137 944 533718221
138 1074 633788319
139 1130 733887288
140 1074 133389200
141 1055 233481502
142 1074 333554470
143 1148 433616143
144 1000 533729130
145 981 633792710
146 945 733856678
147 1074 133391201
148 1055 233483374
149 963 333564861
150 926 433628552
151 1185 533750576
152 963 633820545
153 963 733891698
154 1111 133385110
155 963 233473949
156 1055 333551807
157 1092 433622924
158 944 533686300
159 1074 633758472
160 963 733827589
161 1074 133395167
162 963 233490043
163 944 333565401
164 945 433623925
165 962 533692672
166 1093 633760455
167 1333 733828294
168 1130 133389446
169 1074 233505711
170 1074 333598291
171 1092 433675001
172 944 533748951
173 1092 633819864
174 1074 733884258
175 944 133384781
176 1130 233495972
177 1074 333633922
178 1093 433731020
179 1074 533857248
180 1074 633928810
181 1056 734045074
182 1259 133396153
183 982 233491158
184 1092 333663331
185 1130 433842429
186 963 533938231
187 981 634062774
188 1093 734131798
189 1074 133387469
190 1278 233483919
191 963 333611221
192 1259 433723264
193 1112 533878806
194 1092 633974831
195 1074 734048596
196 1056 133384322
197 1092 233485828
198 1259 333577445
199 981 433646821
200 1333 533767993
201 1074 633888962
202 1130 734000356
203 1074 133396009
204 1055 233545700
205 982 333624557
206 1185 433690026
207 982 533753624
208 1075 633817185
209 1241 733928728
210 1074 133382510
211 1056 233480979
212 944 333567707
213 963 433636268
214 1204 533697311
215 1111 633762354
216 1092 733829656
217 1093 133393771
218 1075 233486517
219 1130 333574097
220 1037 433642233
221 963 533771035
222 1352 633887781
223 963 733956805
224 1056 133392439
225 944 233479093
226 963 333628839
227 981 433694512
228 963 533757999
229 963 633872301
230 1240 733941585
231 1129 133386830
232 1444 233482558
233 1074 333572026
234 1092 433636921
235 1074 533700538
236 1093 633761932
237 1075 733833993
238 1167 133385109
239 1074 233499911
240 1111 333574991
241 1092 433641941
242 945 533704539
243 981 633768471
244 944 733881662
245 1259 133391703
246 1129 233531209
247 1074 333646585
248 944 433716961
249 1000 533776559
250 963 633839676
251 1093 733908478
252 1056 133393704
253 1241 233486525
254 1129 333698716
255 1111 433812277
256 1056 533902875
257 963 633974437
258 944 734045961
259 1074 133403613
260 944 233502212
261 1352 333578532
262 1278 434564556
263 982 534689099
264 1111 634780198
265 962 734848000
266 1130 133384985
267 1074 233475713
268 963 333561089
269 1259 433623058
270 1092 533782027
271 1222 633890292
272 926 734029482
273 1149 133392653
274 944 233486104
275 963 333568628
276 963 433634115
277 1204 533693861
278 1945 633840589
279 1093 733951243
280 963 133386636
281 945 233474975
282 945 333539666
283 944 433597487
284 981 533667067
285 1111 633746517
286 1111 733895708
287 1074 133390490
288 1074 233481070
289 1074 333573927
290 945 433649192
291 963 533764642
292 963 633825555
293 1259 733887135
294 1093 133394954
295 1055 233493201
296 1074 333572095
297 963 433634527
298 945 533695977
299 963 633819390
300 945 733945951
301 1148 133388808
302 963 233479147
303 1092 333555134
304 944 433679251
305 944 533755275
306 1167 633838058
307 1037 733919897
308 1278 133559198
309 1056 233654685
310 1000 333727969
311 963 433807363
312 926 533880906
313 963 633950319
314 963 734070917
315 1185 133391940
316 1370 233525557
317 963 333669600
318 981 433742217
319 944 533806019
320 1074 633879395
321 944 733953456
322 1093 133384886
323 1129 233490096
324 1648 333614490
325 1074 433705977
326 1314 533775965
327 1074 633854267
328 1111 733940106
329 1241 133391110
330 963 233585708
331 1148 333670325
332 1296 433782831
333 963 533876577
334 963 633941324
335 963 734006644
336 1074 133393593
337 1019 233493469
338 963 333620216
339 1092 433701740
340 1277 533812209
341 1092 634008548
342 1129 734090072
343 1092 133391984
344 982 233517600
345 982 333660902
346 945 433731519
347 1223 533859469
348 1296 634147605
349 1074 734253722
350 1037 133391208
351 1130 233479417
352 1074 333568219
353 1093 433635817
354 945 533693193
355 1092 633779681
356 1722 733908057
357 981 133394450
358 945 233486733
359 963 333567258
360 963 433632634
361 944 533697677
362 1019 633765645
363 1055 733933318
364 1074 133394155
365 1000 233483568
366 981 333568778
367 963 433630691
368 963 533693252
369 981 633757999
370 945 733824282
371 1592 133393157
372 944 233493533
373 1000 333573242
374 945 433643229
375 981 533704754
376 1000 633768204
377 944 733836043
378 1074 133423492
379 1314 233523757
380 1000 333606892
381 944 433682694
382 981 533750348
383 1056 633816835
384 981 733894656
385 1093 133378956
386 1130 233489869
387 1277 333571968
388 1092 433642603
389 1074 533715553
390 1111 633794374
391 1092 733858787
392 1074 133384661
393 1074 233569686
394 1093 333677543
395 1167 433754160
396 982 533820832
397 963 633884153
398 1074 733976399
399 1074 133392663
400 963 233482076
401 1111 333607989
402 1111 433717236
403 1314 533792186
404 1000 633858136
405 945 733922067
406 1074 133391701
407 1092 233480522
408 1074 333553454
409 1074 433683237
410 1111 533785539
411 1204 633859804
412 981 733924736
413 1074 133395444
414 944 233487394
415 963 333565418
416 963 433629164
417 1111 533789152
418 1092 633896843
419 1111 733980256
420 1074 133392927
421 1074 233486988
422 926 333567086
423 963 433627666
424 963 533699450
425 1056 633896844
426 1111 734010739
427 1093 133395817
428 1093 233493008
429 1074 333568106
430 1055 433631279
431 1055 533750544
432 1074 633815364
433 1111 733949129
434 1296 133390004
435 1000 233492973
436 963 333573089
437 963 433639688
438 963 533701490
439 963 633762940
440 944 733829520
441 1148 133396672
442 1130 233492974
443 1093 333566554
444 1092 433627060
445 1111 533694769
446 1093 633826219
447 1074 733889781
448 1074 133399544
449 1111 233518180
450 1259 333586167
451 1222 433649450
452 1092 533709086
453 1074 633770906
454 1055 733889301
455 1093 133444675
456 1055 233540922
457 963 333627576
458 1167 433693544
459 1018 533755569
460 1111 633823982
461 1074 733886932
462 1093 133390232
463 1111 233501775
464 1111 333588022
465 926 433648601
466 1259 533710700
467 1093 633771779
468 1056 733832674
469 1074 133389808
470 1093 233504443
471 1111 333612801
472 1055 433701529
473 925 533771498
474 1112 633840225
475 1093 733906027
476 963 133393550
477 963 233489186
478 1074 333642080
479 1092 433820864
480 1093 533909832
481 1093 633980301
482 1148 734047807
483 1092 133386052
484 1092 233478243
485 1111 333562934
486 1111 433657736
487 1074 533793852
488 1074 633891969
489 1093 733965845
490 1092 133383998
491 1093 233474003
492 926 333554861
493 944 433618478
494 1056 533709687
495 1055 633845082
496 963 733935273
497 1296 133392351
498 963 233484301
499 963 333566381
500 944 433631683
501 945 533693670
502 1074 633827583
503 1333 733959626
504 1055 133393186
505 1241 233487506
506 963 333557753
507 1074 433622407
508 944 533682209
509 1093 633744455
510 1111 733883609
511 1074 133389428
512 1093 233480767
513 1315 333571310
514 981 433634890
515 1074 533696747
516 1055 633775531
517 944 733840055
518 1111 133384448
519 1092 233474584
520 963 333567126
521 1333 433629484
522 981 533692360
523 1093 633760958
524 944 733825705
525 1074 133392098
526 945 233480844
527 1130 333583239
528 945 433663337
529 1149 533724824
530 982 633783015
531 1351 733846114
532 1129 133398007
533 1074 233496216
534 944 333573759
535 963 433637228
536 945 533700900
537 1129 633765332
538 1093 733831337
539 1055 133398694
540 1056 233528662
541 1092 333621335
542 945 433692507
543 963 533758402
544 963 633822759
545 1130 733882987
546 1056 133388880
547 1130 233509238
548 1074 333652207
549 962 433742250
550 963 533815922
551 926 633879576
552 963 733942804
553 1092 133392790
554 1074 233535295
555 1130 333624023
556 1093 433755973
557 1092 533848461
558 944 633918263
559 1074 733985972
560 1315 133401254
561 1074 233501186
562 1074 333615599
563 1130 433750234
564 1074 533863370
565 1093 633971634
566 945 734099640
567 1056 133386070
568 1204 233477446
569 1093 333554026
570 1092 433615458
571 945 533676056
572 1111 633784451
573 1185 733888179
574 1260 133410090
575 944 233575985
576 1222 333650028
577 963 433713422
578 981 533773021
579 1093 633838878
580 1092 734002588
581 1093 133387388
582 963 233478764
583 944 333567289
584 1260 433628368
585 1111 533684948
586 1111 633757176
587 945 733893200
588 1075 133396019
589 1056 233490321
590 1093 333576827
591 1000 433639574
592 1259 533698691
593 1074 633771733
594 944 733848795
595 1093 133386447
596 1093 233478545
597 1074 333556773
598 1092 433622520
599 1074 533683896
600 1352 633749587
601 981 733812704
602 1445 133379004
603 1074 233478362
604 1074 333607608
605 1074 433682614
606 944 533743694
607 945 633803903
608 1259 733862650
609 1111 133396432
610 1092 233534012
611 963 333607295
612 963 433671042
613 1056 533733547
614 1093 633798738
615 1037 733872466
616 1092 133384193
617 1148 233539421
618 1074 333650241
619 1074 433735117
620 945 533800660
621 944 633862703
622 945 733922134
623 1444 133385991
624 981 233476515
625 1074 333587372
626 1074 433698823
627 1093 533786754
628 1056 633855093
629 963 733917562
630 1074 133398844
631 1278 233512646
632 945 333637781
633 1093 433782898
634 1130 533898015
635 1148 633987317
636 1074 734055971
637 1055 133394216
638 1111 233484481
639 1074 333559635
640 1149 433625103
641 1056 533703294
642 1074 633816170
643 1075 733909546
644 1111 133390995
645 981 233481131
646 944 333563581
647 1278 433639475
648 1074 533707722
649 1130 633844357
650 1074 733957233
651 1092 133435053
652 1093 233530873
653 1111 333613694
654 1092 433697033
655 1148 533769520
656 963 633840063
657 1092 733981680
658 1093 133393258
659 981 233491375
660 963 333631195
661 963 433710590
662 963 533777670
663 1204 633845342
664 981 734044663
665 1056 133442352
666 981 233566451
667 981 333638790
668 963 433709110
669 963 533776486
670 1148 633843659
671 982 733911257
672 1092 133385132
673 982 233473637
674 963 333552328
675 963 433615612
676 963 533678858
677 963 633735753
678 963 733856296
679 1055 133389930
680 1092 233484658
681 1167 333565867
682 1093 433631743
683 1111 533795527
684 963 633891995
685 963 733977871
686 1296 133436061
687 1074 233599511
688 1074 333798258
689 1074 433870282
690 981 533934121
691 982 634000904
692 1074 734169225
693 1074 133386285
694 1315 233485531
695 1111 333597704
696 1000 433695598
697 944 533775623
698 981 633845610
699 1092 733909690
700 1055 133389972
701 1056 233483014
702 1314 333567965
703 1130 433680600
704 963 533773883
705 944 633842741
706 981 733913821
707 1056 133393510
708 1074 233531812
709 1166 333606670
710 1426 433704379
711 1093 533867422
712 1074 634009798
713 1092 734075582
714 1092 133382901
715 1074 233470851
716 1296 333540912
717 1093 433659084
718 1796 533747109
719 1444 633858911
720 1093 733960231
721 1092 133393421
722 1111 233536519
723 1093 333616432
724 1074 433678530
725 1074 533744462
726 1740 633824357
727 1130 733931103
728 1075 133385644
729 1112 233532909
730 1074 333615323
731 944 433680995
732 1093 533744834
733 1093 633811710
734 1296 733892383
735 1074 133394350
736 1093 233488763
737 981 333565232
738 1092 433626219
739 1093 533702391
740 1074 633766119
741 1074 733827310
742 963 133387481
743 944 233479635
744 981 333553752
745 926 433619739
746 981 533682671
747 926 633745510
748 963 733808071
749 1296 133392798
750 982 233541266
751 981 333614587
752 963 433677852
753 963 533738709
754 963 633802234
755 945 733865628
756 1093 133389447
757 1000 233499323
758 963 333568477
759 1074 433629872
760 1093 533690544
761 1314 633759643
762 1055 733823167
763 1056 133389393
764 1370 233497714
765 1648 333602460
766 945 433669725
767 963 533731157
768 963 633795403
769 1148 733874483
770 963 133385487
771 963 233477271
772 1074 333586277
773 1389 433689782
774 945 533757436
775 982 633823627
776 963 733894577
777 1092 133392119
778 1093 233536624
779 1074 333659815
780 1111 433772691
781 1278 533877160
782 1093 633999499
783 963 734067857
784 1093 133395379
785 1037 233486830
786 1037 333564724
787 982 433630063
788 1074 533816810
789 1278 633922797
790 982 733999691
791 1093 133383529
792 963 233470979
793 963 333540781
794 963 433609213
795 944 533669626
796 1055 633797854
797 1500 733907637
798 1056 133391697
799 982 233485073
800 963 333566801
801 945 433633955
802 963 533697535
803 1167 633766837
804 1148 733907676
805 1056 133386328
806 1334 233475445
807 1093 333554395
808 1074 433624531
809 1074 533689611
810 1074 633839320
811 1149 733908566
812 1259 133390552
813 1130 233488169
814 963 333568193
815 1056 433697069
816 963 533775556
817 963 633843821
818 945 733905290
819 1222 133394035
820 1223 233491096
821 1093 333590824
822 1112 433716163
823 926 533787373
824 1093 633847045
825 944 733906866
826 1093 133385166
827 1111 233475191
828 1148 333551622
829 981 433621758
830 1074 533684652
831 1074 633744176
832 1074 733801071
833 1185 133434409
834 1056 233549192
835 1056 333684994
836 1203 433755204
837 981 533816450
838 1074 633878622
839 1444 733945832
840 1074 133385984
841 1129 233508268
842 1426 333615773
843 1297 433703575
844 1222 533772063
845 1130 633833735
846 1093 733899537
847 1074 133384930
848 1093 233483306
849 1074 333625923
850 1092 433738392
851 981 533827546
852 1260 633902514
853 982 733965168
854 1037 133392302
855 1056 233537641
856 963 333608647
857 1092 433712875
858 1093 533831195
859 1075 633919145
860 1166 733985281
861 1074 133398359
862 1074 233491976
863 1074 333568482
864 1074 433684765
865 1074 533848419
866 1074 634006814
867 1111 734102727
868 1074 133390101
869 982 233480255
870 1092 333564780
871 945 433637470
872 982 533703124
873 1092 633785797
874 1185 733955673
875 1352 133390047
876 1093 233481868
877 1074 333558133
878 1093 433680527
879 926 533740515
880 982 633805187
881 1203 733889156
882 1037 133398734
883 1296 233496073
884 1315 333646060
885 1166 433726085
886 1074 533796090
887 1111 633881189
888 1111 733950398
889 1074 133383273
890 1074 233527575
891 1333 333617729
892 1130 433753882
893 1074 533821036
894 1111 633896875
895 1056 733979288
896 1111 133394793
897 1093 233590280
898 962 333658953
899 1500 433721884
900 1000 533783242
901 1074 633902192
902 963 733973679
903 1259 133438758
904 981 233534523
905 963 333608380
906 963 433668182
907 1148 533731336
908 982 633846027
909 944 733920811
910 1111 133462908
911 1093 233589302
912 945 333684715
913 962 433759481
914 963 533822542
915 1148 633891159
916 1389 733969942
917 1204 133397928
918 1074 233527489
919 1130 333666254
920 982 433821223
921 945 533902858
922 1056 634024179
923 1111 734111703
924 1092 133393430
925 1129 233486621
926 1074 333582775
927 1630 433772947
928 963 533895379
929 981 633963255
930 963 734028686
931 1111 133449931
932 963 233570493
933 963 333646258
934 945 433760615
935 1111 533866769
936 1074 633973460
937 944 734043892
938 1352 133384081
939 1000 233476939
940 981 333557500
941 945 433621246
942 963 533680104
943 1056 633844739
944 1074 733949745
945 1111 133388712
946 1186 233480236
947 982 333568279
948 1075 433631414
949 1000 533696365
950 963 633824537
951 1092 733936580
952 1074 133391862
953 1111 233482775
954 1222 333559225
955 982 433623527
956 1093 533690792
957 944 633771483
958 944 733835285
959 1056 133397011
960 1074 233493314
961 944 333574134
962 1278 433693362
963 1093 533815571
964 1074 633876503
965 944 733934194
966 963 133385180
967 963 233477648
968 963 333558802
969 981 433621882
970 1315 533682499
971 1111 633744245
972 926 733803510
973 1093 133392718
974 1055 233481428
975 963 333561785
976 963 433625087
977 945 533690704
978 1389 633754543
979 1111 733822030
980 1074 133381590
981 1055 233618189
982 1093 333758694
983 944 433825700
984 945 533889761
985 945 633949711
986 1204 734009476
987 1111 133396036
988 1444 233590783
989 1407 334354159
990 1111 434444535
991 1093 534514207
992 1074 634589361
993 926 734712997
994 1111 133391686
995 1093 233479636
996 1111 333584679
997 1111 433693963
998 1074 533784005
999 1074 633854196
1000 1075 733920257
1001 1352 133392817
1002 982 233481323
1003 963 333556421
1004 1093 433636464
1005 1056 533789914
1006 963 633892772
1007 1055 733968426
1008 1074 133397671
1009 1148 233494121
1010 1074 333562830
1011 1129 433635429
1012 1074 533774249
1013 1092 633884959
1014 1074 733971409
1015 1111 133385191
1016 1093 233471715
1017 1426 333572776
1018 1000 433639301
1019 1111 533703621
1020 1112 633776682
1021 1055 733886966
1022 1074 133401174
1023 1148 233493791
1024 1074 333585074
1025 1130 433655024
1026 981 533721382
1027 963 633780906
1028 1074 733935449
1029 1074 133382935
1030 982 233478014
1031 963 333564946
1032 963 433633804
1033 1037 533697661
1034 982 633761148
1035 1056 733827302
1036 944 133395640
1037 963 233503831
1038 963 333572022
1039 944 433634565
1040 982 533696496
1041 1278 633778131
1042 982 733908600
1043 1092 133388364
1044 1074 233479555
1045 1130 333569727
1046 1093 433639288
1047 1111 533702720
1048 1296 633765874
1049 1241 733827435
1050 1074 133473013
1051 1074 233574482
1052 1037 333643303
1053 1130 433716401
1054 963 533776851
1055 963 633845375
1056 963 733964770
1057 1149 133395533
1058 1074 233502854
1059 963 333593804
1060 963 433666754
1061 945 533734593
1062 1018 633860044
1063 945 733943734
1064 1352 133392146
1065 1092 233496708
1066 1093 333654935
1067 1074 433748645
1068 1074 533820614
1069 1092 633887879
1070 963 733964699
1071 1056 133394407
1072 1185 233491580
1073 1130 333644252
1074 1093 433750739
1075 1074 533844041
1076 1074 633970936
1077 963 734037701
1078 1056 133390594
1079 1074 233479007
1080 1130 333555513
1081 1112 433638648
1082 1093 533804006
1083 963 633898141
1084 963 733967480
1085 1093 133392151
1086 963 233483657
1087 1092 333578867
1088 1222 433654613
1089 1111 533746137
1090 1111 633857995
1091 982 734008056
1092 1093 133387449
1093 1074 233477437
1094 1074 333563276
1095 1093 433629355
1096 1315 533689213
1097 1111 633764256
1098 1148 733986169
1099 1075 133441932
1100 944 233529809
1101 963 333601536
1102 945 433674764
1103 1112 533773103
1104 1333 633880017
1105 1167 734056263
1106 1056 133397434
1107 1074 233492032
1108 944 333574557
1109 963 433638414
1110 945 533699086
1111 1297 633775888
1112 1574 733847228
1113 1074 133387695
1114 1074 233477497
1115 945 333565780
1116 1241 433629082
1117 1055 533697070
1118 1093 633762316
1119 1093 733827081
1120 1074 133393382
1121 1111 233481536
1122 944 333555171
1123 1056 433616917
1124 1093 533676664
1125 1111 633735096
1126 1092 733800213
1127 1629 133618921
1128 1111 233729260
1129 1111 333800451
1130 1093 433871975
1131 1055 533933129
1132 1074 634048153
1133 1074 734163196
1134 1056 133390330
1135 1352 233507891
1136 1130 333622230
1137 1074 433692329
1138 1112 533753260
1139 1074 633813118
1140 1074 733871050
1141 1074 133393165
1142 945 233480319
1143 1389 333587084
1144 1112 433741571
1145 963 533812429
1146 1093 633880583
1147 1037 733944292
1148 1056 133389278
1149 1093 233505506
1150 1074 333592512
1151 1352 433818203
1152 1111 533925801
1153 1000 633996047
1154 981 734115720
1155 1333 133384317
1156 981 233474082
1157 945 333540124
1158 945 433606556
1159 1315 533733951
1160 1296 633846475
1161 963 733924536
1162 1056 133392059
1163 1093 233482046
1164 944 333556645
1165 963 433619576
1166 944 533679508
1167 1259 633811014
1168 1093 733924593
1169 1074 133392338
1170 963 233480085
1171 1092 333582165
1172 1056 433645374
1173 944 533711491
1174 963 633782737
1175 1463 733968206
1176 1129 133394044
1177 1075 233522697
1178 1056 333588592
1179 945 433656727
1180 982 533715381
1181 1129 633787128
1182 1074 733849652
1183 1389 133388730
1184 1056 233568273
1185 944 333633390
1186 1074 433701562
1187 1223 533759364
1188 1055 633832537
1189 1296 733899339
1190 1370 133390491
1191 963 233513867
1192 962 333587966
1193 926 433657175
1194 963 533718884
1195 1074 633779372
1196 1093 733840229
1197 1093 133384826
1198 1277 233477647
1199 1000 333577374
1200 944 433639788
1201 945 533699071
1202 1389 633770521
1203 1407 733893620
1204 1130 133402457
1205 1129 233519519
1206 1241 333605987
1207 1130 433676030
1208 944 533760721
1209 963 633827504
1210 945 733890547
1211 1093 133388292
1212 1296 233524298
1213 1074 333633711
1214 1093 433771698
1215 1074 533841982
1216 944 633910599
1217 963 733972345
1218 1055 133384887
1219 1093 233475837
1220 1148 333636713
1221 1296 433759589
1222 1629 533846799
1223 1093 633913545
1224 1056 733977958
1225 1111 133387759
1226 963 233474968
1227 963 333569122
1228 1408 433670424
1229 1074 533782745
1230 1074 633870010
1231 1055 733943090
1232 1074 133397094
1233 1111 233494785
1234 944 333566976
1235 944 433631889
1236 1074 533723450
1237 1092 633840586
1238 1333 733929795
1239 1074 133392725
1240 982 233481527
1241 982 333556681
1242 944 433621428
1243 963 533682804
1244 1111 633784865
1245 1426 733892519
1246 1075 133403986
1247 1093 233515788
1248 1037 333595998
1249 945 433661281
1250 1056 533735065
1251 1130 633825015
1252 1074 734067373
1253 1593 133415303
1254 1000 233510161
1255 963 333616129
1256 963 433689468
1257 944 533754993
1258 1074 633828443
1259 1093 733895504
1260 1389 133396916
1261 1314 233492385
1262 981 333566335
1263 944 433631174
1264 1074 533693902
1265 945 633756722
1266 1092 733816543
1267 1074 133385862
1268 1111 233475479
1269 1463 333569318
1270 1111 433644249
1271 1074 533711700
1272 1129 633779039
1273 944 733905341
1274 1093 133389863
1275 944 233485684
1276 945 333567282
1277 1148 433629844
1278 981 533693720
1279 1093 633762577
1280 1074 733841768
1281 1352 133868124
1282 1352 233979445
1283 981 334093247
1284 1074 434168697
1285 1093 534248832
1286 982 634316245
1287 1093 734381325
1288 1074 133392330
1289 1111 233503058
1290 1074 333640360
1291 1130 433732087
1292 982 533802945
1293 1333 633872377
1294 981 733934438
1295 1037 133395813
1296 982 233498633
1297 1111 333596787
1298 1223 433728737
1299 1093 533822928
1300 1167 633896323
1301 1592 733959903
1302 1074 133386370
1303 1074 233481783
1304 1000 333556585
1305 1333 433646165
1306 1185 533861097
1307 1074 634019473
1308 963 734091275
1309 1112 133411686
1310 1055 233562748
1311 963 333629624
1312 982 433696018
1313 963 533758728
1314 1092 633865660
1315 1112 733975350
1316 1352 133392781
1317 1166 233542861
1318 963 333633422
1319 1074 433704965
1320 963 533775378
1321 963 633844550
1322 1111 733952056
1323 1056 133385208
1324 1611 233490307
1325 1000 333572664
1326 963 433633836
1327 944 533696657
1328 963 633763811
1329 1075 733943168
1330 1093 133435321
1331 1093 233534382
1332 1241 333663573
1333 1130 433732338
1334 981 533794344
1335 945 633861479
1336 944 733981096
1337 1074 133393415
1338 1203 233489236
1339 963 333617260
1340 1166 433682266
1341 1148 533751049
1342 1074 633872666
1343 1055 734003783
1344 1055 133435047
1345 1056 233526997
1346 944 333596855
1347 963 433660305
1348 1093 533723644
1349 963 633839261
1350 1185 733905323
1351 1111 133386957
1352 1074 233507426
1353 963 333581580
1354 963 433648567
1355 982 533709758
1356 1074 633838505
1357 981 733909418
1358 1093 133450867
1359 1259 233889021
1360 1092 334101694
1361 1204 434300440
1362 982 534374242
1363 963 634440304
1364 1222 734561384
1365 1075 133389591
1366 1056 233482171
1367 1167 333594621
1368 1093 433704905
1369 1093 533791318
1370 1093 633864731
1371 963 733936033
1372 1074 133392519
1373 963 233482599
1374 963 333561290
1375 1129 433645592
1376 1093 533759338
1377 963 633849585
1378 963 733919553
1379 1630 133391724
1380 1111 233486897
1381 981 333584995
1382 1075 433653778
1383 1056 533849006
1384 1074 633959142
1385 981 734046648
1386 1074 133391467
1387 1426 233480824
1388 1111 333564126
1389 962 433630225
1390 981 533689860
1391 1112 633825754
1392 1074 733938242
1393 1056 133398005
1394 1093 233496474
1395 1222 333689017
1396 982 433764263
1397 982 533826787
1398 963 633889941
1399 1111 733995503
1400 1463 133383692
1401 1093 233473512
1402 1074 333572722
1403 1037 433646505
1404 1000 533709233
1405 963 633767053
1406 981 733832300
1407 1092 133418860
1408 1074 233509087
1409 1093 333579778
1410 1093 433641654
1411 1167 533706067
1412 1111 633818369
1413 1092 733886894
1414 1093 133386305
1415 1093 233474051
1416 1037 333562613
1417 945 433638896
1418 1241 533713587
1419 1222 633785741
1420 1000 733847006
1421 1074 133396769
1422 1093 233496071
1423 1074 333574929
1424 1093 433658508
1425 1074 533743107
1426 1111 633813760
1427 1148 733878822
1428 1093 133444159
1429 1074 233567813
1430 963 333662245
1431 1074 433747047
1432 963 533820682
1433 1111 633894595
1434 1092 733968879
1435 1111 133384346
1436 1148 233479981
1437 1092 333590950
1438 1093 433687585
1439 945 533757109
1440 963 633824448
1441 963 733888343
1442 1259 133392625
1443 1241 233490075
1444 1129 333636359
1445 1352 433747994
1446 963 533841648
1447 963 633948839
1448 945 734017622
1449 1203 133442849
1450 1278 233538521
1451 1093 333612156
1452 1574 433690773
1453 1092 533822483
1454 963 633914099
1455 1074 733989883
1456 1074 133386480
1457 1037 233479004
1458 1148 333564269
1459 1074 433624886
1460 1074 533756873
1461 1093 633877860
1462 982 733970810
1463 1074 133389055
1464 1426 233477598
1465 982 333567085
1466 1130 433635220
1467 944 533696708
1468 1185 633850454
1469 1148 733972923
1470 1074 133384927
1471 1129 233478081
1472 1111 333566142
1473 1074 433631148
1474 1222 533692561
1475 963 633754530
1476 1203 733856332
1477 1074 133391021
1478 1055 233481138
1479 963 333556347
1480 944 433620353
1481 1093 533681229
1482 1166 633747309
1483 1111 733817389
1484 1074 133387078
1485 1074 233479158
1486 1056 333556219
1487 1093 433621910
1488 945 533684823
1489 1056 633752236
1490 1240 733813946
1491 1112 133391968
1492 1093 233484400
1493 963 333573924
1494 945 433651226
1495 945 533742380
1496 1074 633815071
1497 963 733886892
1498 1092 133394285
1499 1093 233503920
1500 945 333577796
1501 963 433658413
1502 963 533723456
1503 945 633785554
1504 945 733845819
1505 1593 133396175
1506 1130 233519625
1507 1074 333623613
1508 1092 433696063
1509 945 533760457
1510 1074 633829945
1511 1093 733902913
1512 1092 133385288
1513 1241 233485497
1514 1148 333743318
1515 1166 433853620
1516 944 533925774
1517 981 633993835
1518 944 734056989
1519 1074 133386141
1520 1056 233477943
1521 1241 333567023
1522 1296 433717121
1523 1204 533938849
1524 981 634081040
1525 963 734156379
1526 1111 133389457
1527 1056 233484370
1528 963 333565709
1529 1518 433631308
1530 1204 533826795
1531 1074 634030764
1532 1055 734119140
1533 1074 133384551
1534 981 233474909
1535 963 333552951
1536 963 433617883
1537 1037 533679278
1538 1129 633759728
1539 1148 733873919
1540 1055 133455016
1541 1092 233559855
1542 963 333636379
1543 1019 433703292
1544 926 533761687
1545 1370 633820878
1546 1167 733897605
1547 1111 133435851
1548 1093 233526671
1549 1074 333615843
1550 1074 433684090
1551 1093 533748003
1552 1093 633809453
1553 1185 733927996
1554 1055 133393056
1555 963 233490469
1556 981 333571160
1557 944 433635147
1558 1093 533703356
1559 963 633777158
1560 945 733844960
1561 1000 133384335
1562 944 233474026
1563 963 333559569
1564 963 433635852
1565 963 533706506
1566 926 633829512
1567 1074 733899795
1568 1315 133392448
1569 945 233488305
1570 981 333608978
1571 963 433684409
1572 963 533749156
1573 1092 633810421
1574 1055 733873723
1575 1111 133430801
1576 1389 233548103
1577 1389 333689127
1578 1000 433762633
1579 944 533824843
1580 963 633885126
1581 963 733944743
1582 1055 133393340
1583 1130 233525253
1584 1574 333650703
1585 982 433738727
1586 944 533802863
1587 945 633868868
1588 945 733928207
1589 963 133390823
1590 1000 233532995
1591 1148 333636260
1592 1296 433750229
1593 1093 533838438
1594 1056 633908592
1595 1093 733971783
1596 1148 133383695
1597 944 233470793
1598 963 333539262
1599 1148 433633842
1600 1445 533745995
1601 1093 633839390
1602 1074 733906803
1603 1074 133395178
1604 1074 233484850
1605 963 333582374
1606 1019 433646065
1607 1092 533778201
1608 1703 633888392
1609 944 733980638
1610 1074 133399087
1611 1129 233554278
1612 1055 333653006
1613 1111 433720363
1614 1056 533782480
1615 1167 633861189
1616 1370 734028140
1617 1074 133391996
1618 944 233479798
1619 982 333556266
1620 945 433622068
1621 982 533688537
1622 963 633757265
1623 1129 733856586
1624 1055 133387016
1625 1093 233476836
1626 963 333554175
1627 962 433615126
1628 981 533677872
1629 982 633742359
1630 926 733803957
1631 1371 133395832
1632 1092 233493838
1633 1092 333570603
1634 1000 433638609
1635 1074 533701318
1636 1111 633769861
1637 1092 733834978
1638 1093 133391426
1639 1278 233482839
1640 1111 333571160
1641 1222 433637703
1642 1093 533699912
1643 1092 633767159
1644 1074 733829257
1645 1074 133393335
1646 1093 233490563
1647 1686 333574013
1648 963 433635723
1649 1074 533696951
1650 963 633760938
1651 963 733826462
1652 1055 133410596
1653 1111 233530842
1654 1056 333640459
1655 1111 433711576
1656 1000 533778637
1657 963 633845550
1658 944 733925834
1659 1055 133385153
1660 926 233474529
1661 1075 333583034
1662 1056 433688410
1663 1148 533760583
1664 981 633829700
1665 945 733896057
1666 1074 133391284
1667 963 233481345
1668 944 333601369
1669 1148 433709264
1670 1056 533817306
1671 1204 633895182
1672 1093 733962836
1673 1074 133395655
1674 963 233492494
1675 963 333567055
1676 944 433634061
1677 1074 533744733
1678 1222 633854017
1679 1204 733930041
1680 1074 133390323
1681 1074 233477755
1682 1111 333557020
1683 1074 433632285
1684 963 533702161
1685 1093 633834870
1686 1112 733939190
1687 1111 133396880
1688 962 233490849
1689 963 333576447
1690 982 433648878
1691 1000 533715495
1692 944 633779742
1693 1111 733961136
1694 1222 133384492
1695 1241 233471146
1696 1093 333568170
1697 1074 433632750
1698 945 533692459
1699 1074 633762095
1700 1056 733858415
1701 1075 133398456
1702 1259 233493314
1703 1370 333571579
1704 1130 433646603
1705 944 533711146
1706 945 633772170
1707 963 733834083
1708 1093 133384513
1709 1056 233474204
1710 1222 333607099
1711 1093 433679623
1712 1037 533743259
1713 945 633805653
1714 945 733866418
1715 1111 133386311
1716 1093 233478576
1717 1111 333556008
1718 1111 433628532
1719 945 533692204
1720 1093 633756932
1721 1167 733822753
1722 1167 133390479
1723 1093 233504837
1724 1092 333592880
1725 963 433675756
1726 1148 533740447
1727 1111 633800545
1728 944 733861810
1729 1092 133425296
1730 1055 233527339
1731 1093 333638548
1732 1185 433725202
1733 1055 533790041
1734 1167 633867324
1735 1093 733942163
1736 1037 133391316
1737 944 233483155
1738 1093 333593975
1739 1092 433707370
1740 1074 533798487
1741 1111 633870474
1742 1149 733941331
1743 1185 133391188
1744 963 233483860
1745 963 333565458
1746 1093 433645260
1747 1074 533756914
1748 1111 633863679
1749 1389 733936962
1750 1074 133411115
1751 1056 233503287
1752 1333 333575460
1753 1074 433642113
1754 1407 533728119
1755 1055 633841773
1756 1074 733928982
1757 1685 133392746
1758 982 233496214
1759 982 333574442
1760 1148 433645004
1761 1111 533712935
1762 1074 633879163
1763 1075 734032724
1764 1203 133394544
1765 1351 233541920
1766 1074 333673925
1767 963 433807838
1768 963 533875011
1769 1426 633958572
1770 1111 734073263
1771 1056 133395045
1772 1074 233493810
1773 1333 333624094
1774 982 433689562
1775 963 533749253
1776 944 633809481
1777 944 733882413
1778 1111 133395454
1779 1055 233487682
1780 1111 333617040
1781 1241 433742101
1782 963 533809310
1783 963 633930742
1784 926 734009340
1785 1426 133385863
1786 962 233544221
1787 963 333622930
1788 1018 433689899
1789 1167 533752960
1790 963 633822206
1791 1148 733892805
1792 1111 133398216
1793 962 233497204
1794 1129 333570580
1795 1074 433634215
1796 1093 533696924
1797 1167 633768004
1798 982 733837417
1799 1092 133443718
1800 1259 233554631
1801 963 333649026
1802 963 433720161
1803 963 533782778
1804 1000 633855858
1805 1037 733927585
1806 1074 133392071
1807 1204 233499077
1808 1463 333623509
1809 1093 433766162
1810 1093 533835020
1811 1093 633897155
1812 1074 733972698
1813 1148 133393980
1814 963 233541430
1815 1092 333632677
1816 1074 433765294
1817 963 533855984
1818 981 633927935
1819 963 734000366
1820 1111 133394185
1821 981 233539654
1822 981 333618271
1823 1093 433782443
1824 1074 533926616
1825 1074 634028047
1826 944 734160479
1827 1074 133398650
1828 1167 233491970
1829 1093 333572568
1830 963 433635759
1831 1260 533726172
1832 1834 633880048
1833 1093 734024202
1834 1111 133384558
1835 963 233479897
1836 1297 333575236
1837 982 433671779
1838 944 533789970
1839 963 633865365
1840 1111 734036463
1841 1093 133390078
1842 1092 233480399
1843 1075 333570015
1844 1056 433638632
1845 1093 533700249
1846 963 633766070
1847 945 733827001
1848 1074 133386783
1849 1092 233476882
1850 1074 333558054
1851 1093 433626337
1852 1148 533696306
1853 1111 633769738
1854 1037 733894336
1855 1056 133395729
1856 1092 233506754
1857 1074 333579352
1858 981 433645043
1859 926 533761493
1860 1130 633825776
1861 1056 733888745
1862 1092 133397657
1863 1093 233491051
1864 963 333569168
1865 963 433635174
1866 944 533699624
1867 963 633764833
1868 1334 733826061
1869 1111 133393640
1870 1074 233500294
1871 982 333577077
1872 963 433658046
1873 945 533730051
1874 944 633790409
1875 944 733880674
1876 1074 133398493
1877 1074 233581795
1878 1111 333698542
1879 945 433773047
1880 963 533889294
1881 1000 633963374
1882 963 734034601
1883 1278 133399865
1884 963 233493482
1885 1241 333624376
1886 1074 433763308
1887 944 533851036
1888 963 633919190
1889 1240 734002622
1890 1056 133418718
1891 1277 233509817
1892 1074 333581063
1893 1074 433674921
1894 1167 533836241
1895 944 633927247
1896 944 733998586
1897 1222 133392109
1898 981 233484615
1899 1259 333560991
1900 1000 433627941
1901 1093 533713224
1902 1093 633824026
1903 1092 733961236
1904 1093 133392351
1905 963 233481857
1906 944 333558622
1907 1112 433629701
1908 963 533745744
1909 1111 633889602
1910 1111 734001478
1911 1167 133386500
1912 1092 233477636
1913 1074 333557549
1914 1111 433628314
1915 1204 533691949
1916 1056 633754973
1917 1056 733836516
1918 1056 133389113
1919 981 233485341
1920 1093 333573124
1921 1093 433641667
1922 1111 533711432
1923 1204 633825623
1924 981 733893240
1925 1074 133394837
1926 1074 233554176
1927 963 333632774
1928 945 433700909
1929 963 533767415
1930 1055 633918217
1931 1519 733985241
1932 1129 133395431
1933 1093 233492195
1934 1093 333572127
1935 1074 433639133
1936 1092 533704361
1937 1074 633771144
1938 1074 733833983
1939 1093 133447617
1940 1093 233540678
1941 1092 333615351
1942 1074 433686690
1943 1092 533753085
1944 1074 633935016
1945 963 734027985
1946 1407 133403619
1947 1093 233515476
1948 1111 333609371
1949 1296 433694284
1950 1093 533816697
1951 1111 633935573
1952 1093 733999060
1953 1055 133398750
1954 1463 233559089
1955 1111 333665854
1956 1092 433757323
1957 1056 533824069
1958 1112 633899852
1959 1074 733974858
1960 1055 133395437
1961 1074 233489072
1962 1352 333576355
1963 1111 433688954
1964 1000 533784256
1965 1092 633907521
1966 1093 733977156
1967 1093 133396345
1968 1111 233490481
1969 945 333569542
1970 1445 433704992
1971 1222 533816887
1972 1148 633914541
1973 945 733988324
1974 1074 133394088
1975 945 233489982
1976 1000 333568747
1977 982 433631901
1978 1389 533718129
1979 1074 633829876
1980 1000 733923085
1981 1074 133393071
1982 1074 233484928
1983 963 333576045
1984 1093 433646995
1985 963 533710001
1986 1444 633796118
1987 1111 733921624
1988 1055 133397369
1989 963 233488985
1990 1074 333565547
1991 963 433630108
1992 1074 533694947
1993 1278 633809749
1994 1371 733920069
1995 1055 133385574
1996 963 233476024
1997 1111 333617715
1998 1111 433682998
1999 1056 533744800
2000 1055 633805510
2001 945 733871830
2002 1074 133396446
2003 1055 233495007
2004 1148 333588087
2005 1074 433666796
2006 1259 533731969
2007 1074 633791567
2008 1056 733906276
2009 1370 133392262
2010 1000 233481360
2011 1055 333558107
2012 963 433628279
2013 1093 533690544
2014 1111 633754272
2015 944 733816037
2016 1129 133416264
2017 1426 233690288
2018 981 333780738
2019 963 433863040
2020 1389 533946194
2021 1093 634075051
2022 1185 734255446
2023 1055 133398580
2024 1111 233523826
2025 1315 333627999
2026 1093 433709893
2027 1111 533802566
2028 1314 633870220
2029 963 733942133
2030 1056 133396137
2031 1074 233484143
2032 1111 333609093
2033 1352 433716117
2034 963 533785975
2035 963 633853184
2036 944 733925116
2037 1075 133390138
2038 1092 233478700
2039 1074 333555187
2040 1111 433716082
2041 1352 533824254
2042 963 633898778
2043 926 734013802
2044 1075 133390084
2045 1111 233477331
2046 1074 333559929
2047 945 433624657
2048 1093 533772533
2049 1574 633885039
2050 963 733957211
2051 1074 133398086
2052 1371 233492184
2053 1056 333574375
2054 1092 433647881
2055 945 533716701
2056 1074 633834652
2057 1333 733944046
2058 1056 133391180
2059 1093 233484871
2060 1055 333573729
2061 1111 433649753
2062 1056 533719721
2063 981 633794542
2064 1463 733880937
2065 1074 133393145
2066 1111 233487669
2067 1056 333571637
2068 1093 433696680
2069 1074 533762964
2070 1074 633840136
2071 1074 733960383
2072 1278 133385035
2073 1037 233476893
2074 1074 333654380
2075 945 433720422
2076 1074 533781595
2077 1055 633857175
2078 944 733980699
2079 1055 133391759
2080 1333 233535005
2081 1074 333612511
2082 1130 433739609
2083 982 533814170
2084 1129 633937658
2085 1093 734001626
2086 1092 133385964
2087 1074 233491784
2088 1148 333566568
2089 1130 433628388
2090 944 533689265
2091 1074 633809715
2092 1075 733874794
2093 1093 133400854
2094 1074 233513138
2095 1056 333602106
2096 1185 433673575
2097 981 533743007
2098 945 633802679
2099 1000 733866148
2100 963 133396152
2101 1185 233727639
2102 1111 333836423
2103 1074 433922669
2104 1444 533994805
2105 1130 634067551
2106 1092 734149705
2107 1093 133388542
2108 1371 233478085
2109 1111 333630887
2110 1092 433763634
2111 1092 533851084
2112 1148 633922849
2113 1130 734051280
2114 1093 133383451
2115 944 233469976
2116 944 333565315
2117 1093 433664357
2118 1093 533774696
2119 1204 633865035
2120 1315 733939634
2121 1111 133386694
2122 963 233475107
2123 963 333565835
2124 963 433632229
2125 1389 533707624
2126 1074 633831056
2127 963 733923024
2128 1074 133384288
2129 1074 233487145
2130 1000 333565207
2131 944 433631953
2132 945 533691366
2133 1129 633818872
2134 1092 733928248
2135 1260 133393048
2136 1000 233488128
2137 1092 333649764
2138 963 433723640
2139 1074 533795738
2140 963 633869873
2141 1167 733947731
2142 1056 133415772
2143 1240 233512982
2144 1092 333601506
2145 945 433666326
2146 926 533736925
2147 926 633802893
2148 1092 733865955
2149 1056 133386940
2150 1092 233476798
2151 1148 333556711
2152 981 433626569
2153 945 533689074
2154 1074 633750636
2155 963 733811067
2156 1074 133383905
2157 944 233476244
2158 981 333557583
2159 1463 433624940
2160 1075 533688779
2161 963 633755156
2162 944 733812421
2163 1093 133392554
2164 1074 233485912
2165 1166 333566455
2166 1074 433632535
2167 1277 533718411
2168 1111 633785750
2169 1074 733847737
2170 1297 133412889
2171 1204 233558080
2172 1093 333735697
2173 963 433815777
2174 1092 533885616
2175 1111 633956677
2176 981 734031109
2177 1075 133385020
2178 963 233472322
2179 1129 333580958
2180 1055 433688538
2181 963 533773840
2182 944 633847253
2183 1315 733964666
2184 945 133391540
2185 963 233484954
2186 945 333566385
2187 1407 433731928
2188 1075 533839711
2189 944 633913810
2190 981 733977853
2191 1111 133393635
2192 944 233485474
2193 981 333565165
2194 981 433630652
2195 1111 533739417
2196 1056 633846700
2197 963 733918428
2198 1297 133389469
2199 1111 233477549
2200 945 333555703
2201 982 433626505
2202 1074 533698955
2203 1129 633827517
2204 1092 733987356
2205 1093 133392415
2206 1296 233485366
2207 1130 333565408
2208 1426 433652784
2209 1075 533742197
2210 944 633811407
2211 1093 733999783
2212 1056 133386213
2213 1056 233475089
2214 1222 333586058
2215 1093 433710619
2216 1092 533840477
2217 944 633907501
2218 1074 733970433
2219 1056 133383529
2220 944 233472739
2221 945 333566837
2222 1334 433633250
2223 981 533701849
2224 981 633762336
2225 945 733826193
2226 1093 133382827
2227 1092 233471685
2228 1389 333552672
2229 944 433614956
2230 1129 533675906
2231 1092 633735893
2232 1074 733801010
2233 1111 133432699
2234 1093 233522316
2235 1074 333590396
2236 963 433654994
2237 981 533719648
2238 1333 633784339
2239 1111 733851919
2240 1074 133394627
2241 1074 233507040
2242 963 333593545
2243 963 433660718
2244 963 533724538
2245 963 633788599
2246 1686 733850290
2247 1074 133386980
2248 1074 233494726
2249 1315 333603195
2250 1074 433744719
2251 944 533868373
2252 1055 633944175
2253 944 734016551
2254 1092 133388185
2255 963 233530542
2256 1037 333622400
2257 1075 433735794
2258 1074 533837282
2259 1092 633912047
2260 963 733980663
2261 1296 133391168
2262 1093 233500451
2263 1093 333569364
2264 1426 433654111
2265 1111 533766542
2266 981 633856048
2267 945 733926035
2268 1074 133390521
2269 1166 233481490
2270 1056 333555847
2271 981 433621890
2272 1093 533708914
2273 1130 633821475
2274 944 733908685
2275 1111 133391652
2276 1111 233489732
2277 1240 333581312
2278 1130 433649891
2279 944 533713138
2280 1111 633853903
2281 1093 733969260
2282 1037 133386654
2283 1093 233476511
2284 945 333568350
2285 1518 433633208
2286 945 533695287
2287 1093 633758219
2288 1149 733904280
2289 1111 133386655
2290 1056 233478420
2291 1092 333557500
2292 1111 433623246
2293 1222 533687215
2294 1074 633761017
2295 963 733827097
2296 1055 133381305
2297 944 233468144
2298 1093 333537427
2299 981 433602507
2300 1075 533661790
2301 1149 633719981
2302 1093 733790839
2303 1092 133387751
2304 1074 233483812
2305 1056 333572225
2306 982 433643212
2307 944 533708366
2308 1092 633769335
2309 1296 733836526
2310 1093 133397067
2311 982 233496980
2312 1130 333577393
2313 1074 433653436
2314 1055 533721368
2315 1074 633785688
2316 944 733847231
2317 1166 133394643
2318 1074 233504482
2319 982 333596135
2320 981 433674123
2321 962 533800314
2322 944 633880579
2323 944 733952899
2324 1278 133393348
2325 1204 233495909
2326 1075 333609618
2327 1408 433706957
2328 1074 533792297
2329 1074 633862117
2330 1222 733927104
2331 1334 133393923
2332 1148 233491022
2333 1334 333589175
2334 1093 433717533
2335 945 533811131
2336 944 633883952
2337 945 733951698
2338 1074 133381869
2339 1093 233468097
2340 1148 333535307
2341 1130 433618312
2342 1092 533739800
2343 1000 633834065
2344 963 733905570
2345 1074 133424297
2346 944 233517321
2347 944 333584438
2348 1259 433653573
2349 1185 533812616
2350 1075 633955973
2351 1074 734050646
2352 1074 133383854
2353 1278 233481211
2354 1074 333568365
2355 1260 433636889
2356 1130 533702673
2357 1222 633807160
2358 1111 733928870
2359 1259 133390559
2360 1074 233514380
2361 1092 333584441
2362 1111 433652576
2363 963 533716637
2364 1204 633818865
2365 1018 733923075
2366 1055 133390709
2367 1056 233479566
2368 963 333553887
2369 1334 433619429
2370 1074 533681935
2371 1093 633751496
2372 1259 733816965
2373 1092 133397914
2374 982 233491123
2375 1093 333569351
2376 1111 433637690
2377 1056 533699492
2378 1130 633764109
2379 926 733829985
2380 1111 133390415
2381 963 233479773
2382 982 333560667
2383 963 433625858
2384 945 533692345
2385 1074 633759721
2386 1092 733825246
2387 1611 133398546
2388 1074 233508348
2389 1111 333594798
2390 1111 433677156
2391 1092 533742421
2392 1092 633818297
2393 1092 733879710
2394 1074 133393547
2395 1463 233585794
2396 1092 333694892
2397 1093 433781564
2398 944 533848663
2399 926 633914427
2400 944 733978785
2401 1111 133389530
2402 944 233500406
2403 1333 333670245
2404 1093 433787806
2405 1074 533860516
2406 963 633925225
2407 1092 734000194
2408 1093 133386346
2409 1092 233474741
2410 982 333568820
2411 1500 433724715
2412 1185 533839665
2413 1074 633929875
2414 1092 733997362
2415 1074 133434644
2416 944 233522631
2417 963 333594544
2418 1389 433666439
2419 1481 533753426
2420 1093 633865024
2421 1093 733951974
2422 1055 133391553
2423 1074 233485595
2424 1074 333565712
2425 945 433630273
2426 945 533701853
2427 2018 633842748
2428 1111 733953791
2429 1056 133446628
2430 1240 233544449
2431 945 333623695
2432 1075 433694293
2433 963 533757947
2434 1444 633820416
2435 1759 733900681
2436 1092 133398093
2437 982 233486450
2438 1111 333566826
2439 1093 433631369
2440 981 533724227
2441 963 633785843
2442 944 733845442
2443 1129 133395224
2444 1092 233485063
2445 1093 333566198
2446 1093 433637315
2447 1074 533700302
2448 945 633766141
2449 963 733830869
2450 1278 133398503
2451 1111 233540953
2452 1074 333613903
2453 945 433677668
2454 1074 533744322
2455 1056 633803809
2456 944 733883334
2457 1074 133394505
2458 1204 233535084
2459 1130 333609627
2460 963 433683429
2461 1074 533750250
2462 1074 633818626
2463 1129 733884928
2464 1092 133431432
2465 1075 233602826
2466 1055 333698888
2467 963 433772356
2468 1055 533838825
2469 1074 633904423
2470 1074 733967614
2471 1055 133393711
2472 1556 233547957
2473 1444 333662167
2474 1315 433754561
2475 963 533826900
2476 1000 633897572
2477 944 733964949
2478 1055 133392879
2479 945 233479773
2480 1167 333586149
2481 1241 433700099
2482 1463 533804123
2483 1129 633874333
2484 1074 733939024
2485 1074 133396398
2486 1092 233541182
2487 1074 333615391
2488 1130 433746489
2489 1074 533858458
2490 1241 633951593
2491 963 734022673
2492 1074 133386511
2493 926 233475053
2494 963 333568874
2495 963 433634620
2496 1074 533710885
2497 1074 633836428
2498 1130 733930489
2499 1056 133391660
2500 1111 233478333
2501 944 333561005
2502 1111 433629992
2503 1074 533692368
2504 1074 633770726
2505 1111 733880398
2506 1111 133399699
2507 963 233493056
2508 1074 333569247
2509 963 433635197
2510 1000 533704351
2511 1074 633774505
2512 1074 733915233
2513 1278 133393978
2514 1129 233524132
2515 1055 333597934
2516 1111 433660532
2517 1297 533726556
2518 1037 633796747
2519 963 733861920
2520 1056 133389831
2521 1148 233481059
2522 1056 333556509
2523 1000 433618515
2524 981 533681373
2525 1093 633745989
2526 1074 733810328
2527 1111 133394407
2528 963 233484320
2529 1259 333567529
2530 981 433634776
2531 963 533698078
2532 945 633769361
2533 944 733835941
2534 1093 133745556
2535 1074 233852988
2536 944 333928179
2537 1130 433999147
2538 1093 534064727
2539 1092 634131548
2540 1074 734197831
2541 1074 133382243
2542 1056 233494674
2543 1056 333600069
2544 1408 433670667
2545 1740 533753840
2546 981 633825753
2547 963 733891870
2548 1074 133394707
2549 1111 233491843
2550 1074 333603200
2551 1037 433763910
2552 1074 533846378
2553 1240 634019699
2554 1129 734119964
2555 1111 133414079
2556 945 233590492
2557 1074 333671924
2558 1075 433801855
2559 1055 533910528
2560 1074 633986941
2561 1185 734057021
2562 1186 133391395
2563 944 233485883
2564 963 333559703
2565 945 433625727
2566 1074 533765029
2567 1130 633874183
2568 944 733945374
2569 1130 133384804
2570 945 233471995
2571 963 333555093
2572 1130 433625210
2573 944 533693642
2574 1092 633828870
2575 1093 733944227
2576 1334 133399861
2577 1000 233492089
2578 944 333575225
2579 945 433647804
2580 1074 533736995
2581 981 633809964
2582 1074 733930377
2583 1092 133383974
2584 1259 233522998
2585 1148 333705522
2586 945 433788287
2587 1093 533859830
2588 1111 633929465
2589 963 733996804
2590 1056 133398642
2591 1093 233493203
2592 1241 333573209
2593 1000 433643381
2594 1074 533705998
2595 1074 633777930
2596 1093 733842824
2597 1074 133385292
2598 1056 233475334
2599 1111 333604840
2600 1111 433671790
2601 963 533737333
2602 963 633800042
2603 1111 733860585
2604 1148 133392256
2605 1074 233487317
2606 1074 333575082
2607 1074 433644810
2608 1315 533708742
2609 1074 633780211
2610 1074 733840827
2611 1075 133386646
2612 1074 233498115
2613 963 333588528
2614 963 433660108
2615 982 533729169
2616 1111 633796360
2617 981 733858255
2618 1074 133399685
2619 1185 233538209
2620 1241 334026770
2621 1056 434208350
2622 1130 534481615
2623 963 635487047
2624 1093 735575756
2625 1092 133387520
2626 926 233477433
2627 1074 333633698
2628 1111 433748667
2629 945 533840635
2630 963 633911030
2631 963 733977850
2632 1093 133385891
2633 1074 233484027
2634 963 333564181
2635 1075 433727871
2636 1075 533845673
2637 944 633933587
2638 945 734002314
2639 1370 133387930
2640 1129 233481954
2641 945 333569700
2642 945 433642798
2643 1074 533742360
2644 1074 633871199
2645 1074 733961593
2646 1055 133401005
2647 1167 233494714
2648 1055 333567646
2649 963 433632651
2650 944 533704546
2651 1092 633778274
2652 1111 733889724
2653 1092 133384395
2654 982 233471493
2655 1575 333541276
2656 1426 433605930
2657 1093 533674473
2658 1037 633741738
2659 1092 733816892
2660 1074 133386581
2661 982 233476994
2662 1055 333575519
2663 1093 433642598
2664 1111 533709863
2665 1074 633781591
2666 1074 733904838
2667 1092 133383435
2668 1092 233474570
2669 1092 333569187
2670 1111 433688007
2671 1314 533756291
2672 963 633840852
2673 1074 733906321
2674 1074 133394566
2675 1000 233490182
2676 963 333571244
2677 963 433642712
2678 1074 533708440
2679 1149 633774390
2680 1019 733839970
2681 1111 133396178
2682 963 233491351
2683 963 333566412
2684 963 433681158
2685 1074 533746442
2686 1074 633814022
2687 1259 733878083
2688 1315 133404661
2689 1093 233554222
2690 1093 333652987
2691 1074 433727456
2692 1093 533790147
2693 1093 633861819
2694 926 733996251
2695 1093 133385607
2696 1592 233496150
2697 1426 333693915
2698 1074 433837161
2699 1055 533919445
2700 1074 634093302
2701 945 734160141
2702 1352 133391664
2703 982 233484429
2704 1111 333565583
2705 1111 433732996
2706 1074 533841594
2707 1055 633919267
2708 1074 733984643
2709 1074 133390295
2710 1055 233481301
2711 1000 333554825
2712 1092 433618331
2713 1112 533731262
2714 1092 633835472
2715 945 733907403
2716 1055 133383908
2717 945 233471876
2718 1130 333540104
2719 1093 433603758
2720 1074 533663764
2721 1185 633771436
2722 1093 733878164
2723 1055 133391502
2724 963 233479915
2725 963 333555791
2726 1240 433627149
2727 1019 533695617
2728 1092 633757401
2729 1074 733886332
2730 1204 133390966
2731 1074 233534176
2732 1093 333608033
2733 944 433680187
2734 1222 533742193
2735 1075 633810698
2736 1074 733884797
2737 1074 133388875
2738 1093 233531640
2739 1074 333604127
2740 1111 433674003
2741 1370 533734472
2742 1148 633797293
2743 981 733856706
2744 1056 133399691
2745 1074 233495253
2746 1037 333571055
2747 963 433642579
2748 1074 533712548
2749 963 633788090
2750 1222 733854263
2751 1056 133395989
2752 1092 233492310
2753 963 333580408
2754 945 433668858
2755 982 533747993
2756 945 633883258
2757 963 733958764
2758 1167 133727324
2759 1092 233846015
2760 1093 334093150
2761 1111 434225304
2762 1167 534295884
2763 1055 634359186
2764 1112 734419580
2765 1407 133385881
2766 1167 233492683
2767 1074 333613374
2768 1074 433737935
2769 944 533858626
2770 1074 633927650
2771 1074 733991878
2772 1074 133438216
2773 1241 233533721
2774 1112 333699449
2775 1185 433813585
2776 1074 533903905
2777 1074 633981615
2778 926 734062991
2779 1055 133387662
2780 945 233482445
2781 1111 333558895
2782 1444 433649531
2783 1074 533812425
2784 1334 633978449
2785 1000 734115789
2786 1074 133386719
2787 1111 233477373
2788 1056 333571304
2789 1222 433707680
2790 1129 533792742
2791 1278 633904710
2792 945 733993197
2793 1074 133397591
2794 963 233498374
2795 945 333577157
2796 963 433648978
2797 1388 533805299
2798 1185 633963804
2799 1167 734080106
2800 1260 133385814
2801 1092 233479135
2802 1334 333569066
2803 1111 433639646
2804 1093 533714133
2805 1241 633848380
2806 1130 734014682
2807 1074 133394186
2808 963 233489822
2809 1111 333585661
2810 981 433697778
2811 963 533776413
2812 926 633898937
2813 1222 733968110
2814 1074 133391503
2815 982 233490286
2816 1000 333576940
2817 945 433654316
2818 981 533725526
2819 963 633789846
2820 944 733857445
2821 1093 133392171
2822 1222 233492677
2823 1074 333579164
2824 1074 433658003
2825 981 533730324
2826 1222 633867052
2827 1074 733940446
2828 1389 133393265
2829 963 233488345
2830 1056 333567721
2831 1074 433631801
2832 1111 533702140
2833 1055 633766794
2834 1315 733834022
2835 1111 133396156
2836 1277 233513032
2837 981 333608871
2838 944 433683136
2839 1055 533757086
2840 1093 633826221
2841 944 733893079
2842 1093 133385805
2843 1130 233487959
2844 1259 333609261
2845 963 433697767
2846 963 533766995
2847 1000 633840852
2848 1000 733915247
2849 1093 133386029
2850 1056 233476627
2851 1407 333591133
2852 1297 433737694
2853 1092 533832256
2854 1130 633959113
2855 1055 734026934
2856 1092 133396179
2857 1074 233483666
2858 1092 333565431
2859 1296 433720696
2860 2778 533895516
2861 1148 634013633
2862 981 734085028
2863 1074 133386125
2864 1111 233472297
2865 1055 333553507
2866 1093 433621568
2867 963 533684463
2868 1537 633798820
2869 1074 733905530
2870 944 133384349
2871 944 233474577
2872 963 333570138
2873 945 433641088
2874 963 533703427
2875 963 633763637
2876 1333 733930550
2877 1092 133392147
2878 1056 233488967
2879 1092 333571788
2880 1315 433645423
2881 1074 533717929
2882 945 633835342
2883 963 733906589
2884 1130 133397685
2885 1074 233489932
2886 1074 333569419
2887 1075 433640554
2888 1056 533706412
2889 1074 633783788
2890 963 733855905
2891 1297 133383483
2892 982 233472063
2893 1093 333560476
2894 963 433634001
2895 944 533699729
2896 1000 633764364
2897 982 733885258
2898 1093 133390022
2899 1223 233485731
2900 1093 333567163
2901 1130 433630391
2902 963 533694749
2903 963 633773162
2904 945 733836167
2905 1093 133389468
2906 1093 233502307
2907 1408 333581609
2908 1111 433656282
2909 1111 533723213
2910 1074 633789589
2911 1074 733853021
2912 1093 133386155
2913 1056 233539790
2914 1074 333660148
2915 1296 433735228
2916 1408 533802085
2917 1093 633870017
2918 1093 733945097
2919 1074 133385972
2920 944 233472552
2921 1093 333681594
2922 1055 433788971
2923 1278 533877884
2924 944 633947964
2925 1018 734070951
2926 1111 133384659
2927 1074 233471794
2928 1074 333605022
2929 1092 433692047
2930 1055 533800886
2931 1148 633888243
2932 1056 733960212
2933 1056 133391605
2934 963 233482037
2935 1056 333580709
2936 981 433648734
2937 1166 533738462
2938 1056 633850893
2939 1241 733987158
2940 1055 133399015
2941 945 233490409
2942 944 333571693
2943 963 433642532
2944 963 533709630
2945 1167 633791117
2946 1074 733900086
2947 1074 133391479
2948 1167 233481244
2949 1056 333616583
2950 963 433682570
2951 1092 533750243
2952 1074 633821026
2953 1407 733958884
2954 1297 133388221
2955 982 233534412
2956 945 333628862
2957 944 433695294
2958 963 533761318
2959 1111 633833305
2960 1075 733902718
2961 1074 133393315
2962 1351 233483803
2963 1000 333572067
2964 963 433644795
2965 1055 533720857
2966 1093 633792177
2967 1074 733874442
2968 1074 133387669
2969 963 233473878
2970 1407 333586773
2971 1092 433715353
2972 1112 533780932
2973 1074 633844216
2974 1092 733964185
2975 1129 133398615
2976 981 233504621
2977 945 333639441
2978 1722 433723354
2979 1111 533828212
2980 963 633900773
2981 1074 733965464
2982 1240 133414728
2983 1092 233646030
2984 1056 333742813
2985 945 433815504
2986 1111 533879473
2987 1019 633946497
2988 945 734009910
2989 1074 133390526
2990 1093 233491605
2991 1093 333607296
2992 963 433700709
2993 963 533767382
2994 1556 633838276
2995 982 733898597
2996 1074 133387064
2997 1037 233476477
2998 1074 333565168
2999 1315 433688026
3000 981 533780106
3001 1093 633848389
3002 1130 733914302
3003 1055 133478492
3004 963 233578164
3005 1074 333656633
3006 1130 433745657
3007 1074 533859015
3008 1092 633956039
3009 1370 734034563
3010 1111 133385197
3011 944 233475110
3012 1074 333557005
3013 1074 433622418
3014 1389 533695275
3015 1074 633806207
3016 1112 733898527
3017 1518 133384421
3018 1000 233473186
3019 963 333565636
3020 1074 433630493
3021 1093 533692073
3022 1074 633798505
3023 1074 733926085
3024 1111 133392570
3025 1093 233489613
3026 1000 333567415
3027 926 433633402
3028 944 533697260
3029 963 633761469
3030 1111 733858512
3031 1074 133385831
3032 1093 233479707
3033 1092 333557565
3034 1130 433626885
3035 926 533689761
3036 963 633757397
3037 963 733817810
3038 1445 133391962
3039 944 233482394
3040 1074 333554992
3041 1463 433622442
3042 1129 533689041
3043 944 633750806
3044 963 733813126
3045 1389 133385278
3046 1074 233475673
3047 963 333559975
3048 1093 433626647
3049 1222 533694746
3050 1111 633758622
3051 1093 733820035
3052 1093 133386224
3053 1055 233495897
3054 1111 333574106
3055 944 433647760
3056 1407 533709766
3057 1186 633771623
3058 1093 733830629
3059 1074 133392874
3060 1092 233505380
3061 1075 333615348
3062 963 433698280
3063 1093 533828304
3064 981 633910477
3065 1093 733990612
3066 1074 133387746
3067 1075 233473566
3068 1204 333584887
3069 1129 433693356
3070 963 533792028
3071 962 633861349
3072 944 733986151
3073 1111 133435988
3074 962 233523661
3075 981 333591463
3076 1055 433768950
3077 1074 533918715
3078 1055 633995702
3079 1074 734069800
3080 1297 133385841
3081 1111 233477236
3082 1074 333554723
3083 963 433628007
3084 1074 533772883
3085 1093 633881629
3086 1389 733952487
3087 1074 133387306
3088 1204 233477441
3089 1075 333557928
3090 1074 433630860
3091 1075 533711032
3092 1074 633836557
3093 1093 733945525
3094 1352 133385270
3095 1093 233475665
3096 1556 333568115
3097 1130 433639565
3098 1333 533704682
3099 1093 633773021
3100 1074 733894675
3101 1093 133386809
3102 1056 233477444
3103 1074 333559043
3104 1130 433631659
3105 981 533698017
3106 1092 633764449
3107 963 733828880
3108 1074 133384348
3109 1074 233472946
3110 962 333554915
3111 1111 433629383
3112 1241 533693796
3113 1019 633760561
3114 945 733824252
3115 1074 133394571
3116 944 233487522
3117 1407 333571787
3118 1111 433636459
3119 1130 533704372
3120 1241 633773637
3121 981 733837958
3122 1092 133384055
3123 963 233473264
3124 945 333552973
3125 944 433618405
3126 981 533681189
3127 982 633743731
3128 1519 733809607
3129 1112 133397778
3130 1092 233513414
3131 1037 333601327
3132 982 433668925
3133 1111 533737968
3134 1093 633811918
3135 982 733876146
3136 1111 133386965
3137 1074 233498841
3138 1111 333608717
3139 1074 433697112
3140 1093 533765321
3141 963 633833864
3142 1074 733898092
3143 1259 133394967
3144 1000 233486769
3145 1352 333631311
3146 1092 433738410
3147 944 533880712
3148 1093 633952310
3149 1074 734016316
3150 1093 133390116
3151 1223 233484381
3152 944 333558406
3153 1111 433704874
3154 1112 533815472
3155 982 633906941
3156 1055 733980410
3157 1093 133385340
3158 1055 233473531
3159 1704 333566129
3160 1149 433634116
3161 1074 533725067
3162 1092 633855554
3163 1093 733940485
3164 1074 133387897
3165 944 233477440
3166 944 333566520
3167 1204 433631303
3168 963 533691605
3169 1240 633863000
3170 1092 733990339
3171 1074 133384399
3172 1074 233473756
3173 944 333574262
3174 982 433644193
3175 1203 533784681
3176 1019 633854575
3177 1148 733964248
3178 1055 133394178
3179 945 233492350
3180 1352 333570060
3181 1000 433635751
3182 1093 533698719
3183 1334 633767243
3184 1074 733831286
3185 1093 133383105
3186 1223 233522981
3187 1092 333620580
3188 981 433690530
3189 926 533758628
3190 1037 633827597
3191 1519 733898084
3192 1112 133391773
3193 944 233486131
3194 1092 333573952
3195 981 433640365
3196 1074 533704833
3197 963 633774895
3198 963 733844604
3199 1111 133397442
3200 981 233489855
3201 1056 333556175
3202 1111 433624644
3203 1074 533688853
3204 1093 633755081
3205 1093 733913846
3206 1371 133394202
3207 1148 233506893
3208 981 333606399
3209 926 433684812
3210 945 533752077
3211 963 633817749
3212 945 733880329
3213 1074 133390574
3214 1482 233501561
3215 1111 333631178
3216 1222 433722332
3217 945 533795467
3218 945 633858621
3219 963 733925627
3220 1093 133385909
3221 1074 233474119
3222 1519 333568309
3223 1074 433702482
3224 1129 533796173
3225 1074 633866216
3226 1074 733929314
3227 1093 133383818
3228 1111 233480935
3229 1111 333556330
3230 1426 433638280
3231 1037 533759304
3232 1370 633856643
3233 1074 733931056
3234 1074 133386875
3235 944 233473696
3236 982 333554535
3237 1148 433623633
3238 1130 533686750
3239 1129 633796997
3240 1204 733906317
3241 1092 133386396
3242 1056 233477012
3243 963 333563592
3244 963 433626598
3245 1074 533698326
3246 1111 633767758
3247 1092 733874282
3248 1056 133390545
3249 981 233482366
3250 963 333573520
3251 945 433646951
3252 963 533719494
3253 944 633789889
3254 1333 733857191
3255 1074 133386528
3256 963 233471812
3257 1074 333537132
3258 1092 433601453
3259 1074 533665922
3260 945 633729464
3261 944 733789452
3262 1111 133382715
3263 944 233469832
3264 963 333540171
3265 963 433604454
3266 944 533664053
3267 944 633723744
3268 945 733785138
3269 1278 133384772
3270 981 233478556
3271 945 333561172
3272 945 433627326
3273 963 533690499
3274 963 633758819
3275 944 733821492
3276 1074 133388163
3277 1963 233493113
3278 1296 333565989
3279 963 433628254
3280 944 533685704
3281 1000 633748191
3282 963 733809678
3283 1111 133384053
3284 1111 233521744
3285 1223 333661990
3286 1111 433778385
3287 1074 533846113
3288 1075 633910822
3289 1074 733972347
3290 1037 133414055
3291 1093 233502264
3292 1093 333610788
3293 1278 433717053
3294 1093 533805707
3295 945 633876009
3296 1000 733945959
3297 1092 133386464
3298 1055 233473266
3299 1075 333559660
3300 1092 433695500
3301 1315 533841431
3302 1093 633929992
3303 1074 733997869
3304 1093 133434928
3305 1074 233522249
3306 1037 333594625
3307 962 433656872
3308 1130 533735803
3309 1352 633850661
3310 981 733941852
3311 1129 133387245
3312 926 233519825
3313 1092 333585664
3314 1074 433651003
3315 963 533716860
3316 1093 633796755
3317 1352 733904131
3318 1074 133442080
3319 1000 233533789
3320 963 333598221
3321 963 433667097
3322 981 533729325
3323 982 633799571
3324 1130 733889577
3325 1111 133387026
3326 981 233475902
3327 1074 333551963
3328 963 433618802
3329 1074 533687549
3330 1056 633758943
3331 1130 733831634
3332 1389 133383657
3333 1000 233474237
3334 945 333554761
3335 945 433621174
3336 963 533738828
3337 963 633818408
3338 944 733890025
3339 1056 133389992
3340 1148 233537850
3341 1074 333669448
3342 963 433741732
3343 963 533801385
3344 1241 633866669
3345 945 733930378
3346 1130 133395975
3347 981 233484722
3348 1074 333557579
3349 1296 433621604
3350 944 533683406
3351 926 633746189
3352 963 733816639
3353 1074 133406940
3354 1241 233529890
3355 1111 333627581
3356 1277 433698513
3357 1074 533768574
3358 1056 633841820
3359 1075 733924659
3360 1074 133393219
3361 1056 233594447
3362 1093 333774027
3363 1130 433870051
3364 1593 533994038
3365 1093 634059544
3366 944 734136476
3367 1074 133384758
3368 1055 233470838
3369 1611 333549621
3370 1240 433664331
3371 1055 533762429
3372 1185 633841120
3373 926 733909533
3374 1296 133386389
3375 981 233524580
3376 963 333592808
3377 1130 433668776
3378 1092 533778986
3379 1074 633872621
3380 1204 733939034
3381 1074 133385279
3382 1352 233479118
3383 1092 333637254
3384 982 433706037
3385 1130 533796561
3386 1074 633973104
3387 1167 734067165
3388 1093 133384151
3389 1000 233475324
3390 1074 333567255
3391 963 433634039
3392 1092 533713804
3393 1074 633796810
3394 1111 733921445
3395 1703 133385357
3396 982 233473436
3397 1092 333572498
3398 963 433660652
3399 1092 533724102
3400 1074 633786941
3401 1111 733879947
3402 1074 133384692
3403 1111 233473216
3404 1074 333556629
3405 1093 433626894
3406 1055 533691363
3407 1093 633758387
3408 1074 733820763
3409 1222 133384175
3410 981 233472125
3411 1241 333539908
3412 1167 433606173
3413 1093 533671401
3414 1111 633738537
3415 944 733801191
3416 1389 133385158
3417 944 233474738
3418 944 333594762
3419 1334 433660397
3420 1000 533720496
3421 1074 633802798
3422 963 733875637
3423 1148 133381437
3424 1074 233536184
3425 1112 333619300
3426 1130 433699139
3427 1056 533771145
3428 1129 633840281
3429 926 733903360
3430 1352 133387420
3431 1241 233494963
3432 1074 333602858
3433 944 433673771
3434 1111 533737239
3435 1352 633805689
3436 981 733884399
3437 1093 133386329
3438 1074 233474594
3439 1111 333588933
3440 1074 433695494
3441 945 533766833
3442 1389 633842821
3443 1611 733910697
3444 1093 133386275
3445 944 233476207
3446 981 333556213
3447 1093 433683218
3448 1111 533792335
3449 1093 633927526
3450 1074 734000291
3451 1111 133386684
3452 982 233475838
3453 944 333560029
3454 963 433628609
3455 1186 533876966
3456 1092 633984417
3457 981 734055645
3458 1278 133384056
3459 982 233469506
3460 1463 333551475
3461 945 433617703
3462 963 533697079
3463 1092 633826085
3464 1130 733936146
3465 1111 133394743
3466 1334 233492656
3467 1111 333573421
3468 963 433641908
3469 945 533704710
3470 963 633770901
3471 1481 733954574
3472 1093 133384579
3473 981 233473122
3474 1278 333607591
3475 982 433675004
3476 945 533738158
3477 1093 633801812
3478 1111 733869004
3479 1055 133387676
3480 982 233476422
3481 982 333554502
3482 1277 433624768
3483 982 533688329
3484 945 633753835
3485 963 733816304
3486 1074 133383161
3487 963 233472629
3488 944 333566839
3489 982 433635344
3490 1240 533703943
3491 945 633772596
3492 1000 733838361
3493 1093 133383347
3494 1000 233470983
3495 1092 333571322
3496 1112 433645938
3497 963 533711222
3498 1204 633770487
3499 1000 733832011
3500 1129 133388738
3501 1074 233500021
3502 963 333590323
3503 945 433708384
3504 1112 533777686
3505 1093 633906414
3506 1296 733974402
3507 1093 133392961
3508 1296 233507134
3509 1130 333620047
3510 1000 433708016
3511 963 533777429
3512 963 633838620
3513 945 733900792
3514 1055 133381741
3515 945 233471672
3516 1074 333631123
3517 1111 433741184
3518 1056 533861393
3519 1075 633971769
3520 1074 734047238
3521 1352 133390835
3522 982 233480785
3523 944 333555402
3524 1075 433699648
3525 1093 533812339
3526 963 633903104
3527 963 733981536
3528 1056 133386003
3529 1149 233473953
3530 981 333562663
3531 945 433684224
3532 1074 533843434
3533 1426 633959310
3534 1074 734111315
3535 1074 133385709
3536 1074 233531844
3537 1296 333609220
3538 1148 433678744
3539 1093 533737731
3540 1056 633936885
3541 1148 734064484
3542 1093 133386210
3543 1056 233477827
3544 1093 333554888
3545 1223 433622449
3546 1111 533697844
3547 1074 633769405
3548 1111 733859467
3549 1112 133387915
3550 963 233474477
3551 1074 333553945
3552 963 433619562
3553 1185 533686938
3554 982 633755703
3555 1074 733820135
3556 1074 133385491
3557 963 233471830
3558 1074 333559873
3559 1074 433688656
3560 1074 533822607
3561 1240 633895483
3562 963 733957674
3563 1074 133389974
3564 944 233484369
3565 1074 333574282
3566 981 433646510
3567 945 533767534
3568 963 633884466
3569 1130 733953749
3570 1093 133389661
3571 963 233484537
3572 944 333569395
3573 944 433688104
3574 963 533752221
3575 945 633814319
3576 963 733879269
3577 1148 133413440
3578 1111 233520520
3579 1074 333613100
3580 1055 433683254
3581 1111 533744889
3582 1074 633812136
3583 1056 733876456
3584 1407 133384331
3585 1445 233487688
3586 1092 333616472
3587 963 433707329
3588 963 533779557
3589 1074 633843063
3590 1074 733905032
3591 1074 133433906
3592 1426 233614468
3593 1130 333723455
3594 1093 433878405
3595 963 534028577
3596 981 634109991
3597 963 734179200
3598 1092 133387964
3599 963 233475210
3600 1166 333556179
3601 963 433620907
3602 1148 533782412
3603 1111 633889400
3604 963 733961794
3605 1092 133383484
3606 926 233471137
3607 1259 333551384
3608 1148 433620964
3609 982 533723969
3610 1167 633832475
3611 1092 733938648
3612 1296 133388874
3613 1074 233478861
3614 1093 333570330
3615 963 433636799
3616 1314 533750101
3617 981 633873477
3618 1259 733978186
3619 1056 133388079
3620 963 233478011
3621 963 333559535
3622 981 433631541
3623 963 533697065
3624 1315 633760497
3625 1130 733910632
3626 1056 133385155
3627 963 233529494
3628 963 333654611
3629 963 433722302
3630 944 533782382
3631 981 633846480
3632 1278 733908078
3633 1259 133384453
3634 1092 233476181
3635 1093 333568742
3636 1092 433633026
3637 1074 533697735
3638 1185 633760185
3639 1111 733819321
3640 1315 133385436
3641 1148 233473257
3642 1074 333556318
3643 944 433624046
3644 1019 533741570
3645 1074 633819298
3646 1074 733882193
3647 1315 133386864
3648 1092 233506129
3649 1112 333587486
3650 1055 433657326
3651 963 533720442
3652 1111 633792226
3653 945 733853935
3654 1111 133385273
3655 1297 233583908
3656 1129 333695859
3657 944 433783550
3658 926 533900111
3659 945 633969561
3660 944 734044456
3661 1055 133393479
3662 944 233482614
3663 1370 333595120
3664 1074 433705644
3665 1074 533793168
3666 1426 633858674
3667 1093 733921976
3668 1055 133384740
3669 1222 233469801
3670 982 333539121
3671 1833 433629016
3672 1111 533789318
3673 1148 633879657
3674 1111 733946552
3675 1092 133390038
3676 963 233477284
3677 1093 333554234
3678 1111 433627203
3679 1481 533714394
3680 1111 633828140
3681 1092 733919609
3682 1074 133383724
3683 944 233471434
3684 1000 333538551
3685 982 433610278
3686 1092 533671192
3687 1389 633809049
3688 1111 733915666
3689 1130 133384874
3690 1074 233473935
3691 1074 333552682
3692 1093 433623539
3693 1074 533692675
3694 1074 633766384
3695 1445 733852612
3696 1111 133393728
3697 1074 233484956
3698 945 333556739
3699 963 433627300
3700 1056 533695380
3701 963 633810034
3702 944 733873188
3703 1093 133384729
3704 945 233474235
3705 1074 333542537
3706 1093 433613154
3707 944 533678734
3708 1093 633740221
3709 1074 733803097
3710 1334 133385768
3711 1111 233471552
3712 1092 333571243
3713 1055 433642656
3714 982 533713976
3715 963 633780112
3716 944 733849840
3717 1074 133393474
3718 1149 233482868
3719 1093 333562874
3720 1093 433624361
3721 1074 533696108
3722 944 633761410
3723 1093 733830841
3724 1056 133397216
3725 1093 233505759
3726 1222 333598135
3727 981 433666215
3728 1315 533784980
3729 1056 633914004
3730 944 733990510
3731 1074 133383866
3732 1241 233540427
3733 1204 333803359
3734 1111 433896013
3735 1092 533972167
3736 982 634044746
3737 945 734111363
3738 1093 133382923
3739 1056 233471299
3740 1148 333552490
3741 1093 433662977
3742 1129 533756039
3743 1148 633834304
3744 1074 733908124
3745 1056 133387869
3746 982 233474467
3747 981 333566251
3748 1093 433645016
3749 1093 533752781
3750 1259 633850694
3751 1092 733926441
3752 1056 133384074
3753 1074 233476062
3754 981 333607401
3755 1075 433734406
3756 1167 533815412
3757 1111 633945899
3758 1333 734041220
3759 1351 133384595
3760 1074 233473360
3761 1148 333542569
3762 944 433608501
3763 945 533671469
3764 1315 633752716
3765 1389 733883444
3766 1112 133385392
3767 944 233471306
3768 962 333536997
3769 944 433605336
3770 1000 533668026
3771 945 633731828
3772 1148 733837038
3773 1278 133392153
3774 963 233482622
3775 944 333562276
3776 963 433627226
3777 944 533689973
3778 963 633754441
3779 963 733820484
3780 1111 133399544
3781 1148 233492216
3782 944 333568574
3783 963 433634894
3784 963 533694733
3785 944 633758906
3786 963 733872837
3787 1056 133385971
3788 963 233479329
3789 1426 333562390
3790 982 433633544
3791 1074 533698568
3792 1297 633760870
3793 963 733825172
3794 1092 133388936
3795 1111 233545608
3796 1074 333614947
3797 1167 433680805
3798 982 533742866
3799 981 633803539
3800 945 733931322
3801 1074 133384271
3802 1074 233498036
3803 1112 333611430
3804 963 433691288
3805 1482 533761386
3806 1074 633827911
3807 963 733888435
3808 1148 133435902
3809 963 233523574
3810 1056 333714839
3811 1111 433818160
3812 1074 533889610
3813 1166 633959820
3814 1093 734023603
3815 1055 133386978
3816 981 233473095
3817 1092 333537156
3818 1074 433730717
3819 1056 533833241
3820 1074 633916247
3821 1129 733987031
3822 1074 133383405
3823 1481 233482189
3824 963 333567120
3825 945 433642663
3826 1092 533774447
3827 1056 633882304
3828 1092 734014699
3829 1148 133384166
3830 1000 233474894
3831 963 333557992
3832 1093 433627979
3833 1056 533692374
3834 1315 633826676
3835 1092 733984219
3836 1297 133385334
3837 981 233477396
3838 945 333567623
3839 963 433639907
3840 945 533700894
3841 981 633772604
3842 1055 733865739
3843 1055 133392373
3844 1315 233481823
3845 981 333564829
3846 1074 433640075
3847 963 533708062
3848 981 633773198
3849 926 733835888
3850 1037 133385004
3851 963 233475565
3852 1111 333541015
3853 1130 433606780
3854 1370 533675212
3855 963 633738551
3856 981 733801927
3857 1204 133388468
3858 1092 233478215
3859 1204 333575683
3860 1056 433642022
3861 1111 533706676
3862 963 633767589
3863 963 733828854
3864 1129 133384248
3865 963 233485253
3866 981 333570315
3867 963 433636654
3868 1351 533702956
3869 1000 633909739
3870 963 734139597
3871 1130 133438212
3872 1056 233580051
3873 982 333669149
3874 945 433735618
3875 963 533799402
3876 1352 633866426
3877 1129 733978691
3878 1093 133385380
3879 1278 233514830
3880 1093 333627521
3881 1074 433712212
3882 1111 533777051
3883 1260 633972316
3884 1389 734192100
3885 1111 133394956
3886 944 233489536
3887 1129 333642153
3888 1093 433752325
3889 963 533894683
3890 1092 633985170
3891 1130 734057601
3892 1092 133381921
3893 1093 233471241
3894 1093 333551469
3895 1074 433647271
3896 1111 533762999
3897 962 633859357
3898 982 733936084
3899 1093 133383718
3900 945 233471187
3901 1037 333541452
3902 981 433611143
3903 1500 533706741
3904 1075 633863691
3905 1000 733954771
3906 1204 133394072
3907 945 233486429
3908 963 333557639
3909 944 433620978
3910 963 533680132
3911 1166 633752471
3912 1037 733860254
3913 1093 133388962
3914 1315 233479912
3915 981 333553585
3916 963 433619479
3917 945 533684281
3918 1056 633748139
3919 1351 733825423
3920 1075 133387019
3921 963 233475488
3922 1278 333557475
3923 963 433628111
3924 944 533687061
3925 1092 633749752
3926 1074 733808998
3927 1333 133383725
3928 963 233509916
3929 1389 333586681
3930 1204 433655853
3931 1092 533724322
3932 1074 633791439
3933 963 733855555
3934 1092 133386245
3935 1074 233482528
3936 944 333613090
3937 945 433739132
3938 1130 533803138
3939 1018 633870718
3940 945 733934501
3941 1315 133397728
3942 1000 233491752
3943 963 333569906
3944 1074 433647171
3945 1074 533778140
3946 1500 633910460
3947 982 733982410
3948 1111 133449581
3949 1315 233596754
3950 981 333691408
3951 1222 433764228
3952 1092 533829475
3953 1092 633898962
3954 1018 733959616
3955 1074 133387250
3956 1296 233504015
3957 1074 333651743
3958 1093 433746933
3959 1074 533826217
3960 981 633892556
3961 1074 733954321
3962 1074 133386696
3963 1075 233477775
3964 1092 333624948
3965 1093 433743898
3966 1093 533847570
3967 1056 633921002
3968 1074 733994452
3969 1352 133394845
3970 1093 233479666
3971 1093 333555838
3972 963 433620492
3973 1093 533723368
3974 1111 633831263
3975 944 733904713
3976 1056 133386291
3977 1259 233477168
3978 963 333554081
3979 982 433624475
3980 945 533683814
3981 1167 633787968
3982 1259 733894307
3983 1074 133386126
3984 1093 233524984
3985 1148 333602934
3986 1092 433683681
3987 1074 533752520
3988 982 633818488
3989 1056 733941957
3990 1056 133391035
3991 945 233478800
3992 963 333556084
3993 1129 433627053
3994 982 533689632
3995 963 633756064
3996 945 733817477
3997 1260 133383092
3998 963 233473857
3999 1056 333556826
4000 1074 433626110
4001 1149 533696189
4002 982 633759806
4003 1111 733829331
4004 1093 133438446
4005 1093 233527544
4006 1074 333594476
4007 1074 433662296
4008 944 533805358
4009 1278 633872363
4010 982 733937832
4011 1111 133386281
4012 944 233473731
4013 945 333539070
4014 963 433604705
4015 944 533668804
4016 1130 633733013
4017 1130 733795667
4018 1111 133380097
4019 1315 233493899
4020 963 333591553
4021 926 433665300
4022 981 533788787
4023 963 633860681
4024 944 733947539
4025 1148 133386543
4026 1111 233493234
4027 1093 333605851
4028 963 433696783
4029 1019 533829751
4030 944 633909498
4031 963 733979874
4032 1296 133389841
4033 963 233480088
4034 1130 333589630
4035 1074 433701525
4036 1018 533795679
4037 944 633974611
4038 963 734047061
4039 1037 133386306
4040 1204 233479589
4041 1111 333556447
4042 1055 433639249
4043 1074 533752921
4044 1148 633900279
4045 1370 734006766
4046 1075 133387492
4047 963 233476628
4048 1370 333557004
4049 1092 433625899
4050 1093 533768719
4051 1129 633882725
4052 944 733970916
4053 1352 133403661
4054 1074 233498185
4055 1092 333627543
4056 1241 433700141
4057 1222 533775480
4058 1074 633873115
4059 1093 733979028
4060 1092 133383348
4061 1056 233478094
4062 1093 333605303
4063 1260 433735105
4064 1204 533803352
4065 1130 633868802
4066 1130 733969141
4067 1055 133383942
4068 1038 233528521
4069 1093 333607379
4070 944 433671848
4071 1055 533738391
4072 1574 633800730
4073 1130 733921050
4074 1056 133409906
4075 944 233503875
4076 1055 333592140
4077 1055 433668831
4078 1093 533737725
4079 1056 633806194
4080 1074 733909922
4081 1093 133384000
4082 963 233471414
4083 1352 333556086
4084 1074 433621221
4085 1056 533686690
4086 1074 633750399
4087 981 733815961
4088 1092 133397206
4089 1092 233491656
4090 1074 333569476
4091 1074 433639686
4092 963 533703117
4093 963 633763734
4094 963 733829388
4095 1407 133398948
4096 1093 233513009
4097 1129 333612756
4098 1074 433694280
4099 1093 533762304
4100 1074 633824551
4101 963 733892075
4102 1055 133390098
4103 1352 233489400
4104 1370 333645924
4105 944 433738930
4106 944 533857769
4107 1259 634034997
4108 1055 734109651
4109 1111 133390451
4110 926 233478994
4111 1426 333563685
4112 1130 433730209
4113 1093 533821437
4114 1092 633911184
4115 1074 733976726
4116 1074 133384249
4117 963 233472366
4118 1055 333554261
4119 1296 433640711
4120 1111 533771402
4121 1092 633867593
4122 963 733940432
4123 1074 133382177
4124 982 233470386
4125 1426 333535281
4126 1055 433605472
4127 1297 533752662
4128 1056 633885483
4129 1351 733980415
4130 1093 133382289
4131 1037 233469480
4132 1111 333543338
4133 963 433622195
4134 945 533686108
4135 1334 633773299
4136 1092 733894250
4137 1092 133386254
4138 1444 233481093
4139 1093 333558932
4140 1185 433625290
4141 1093 533688184
4142 1074 633750171
4143 1130 733812788
4144 1037 133385274
4145 963 233484743
4146 944 333615915
4147 962 433683162
4148 963 533852686
4149 963 633927062
4150 982 733990160
4151 1092 133451461
4152 1093 233560392
4153 1037 333631157
4154 1093 433750848
4155 1056 533822798
4156 981 633889249
4157 945 733949828
4158 1278 133391573
4159 982 233482505
4160 944 333556215
4161 945 433628220
4162 963 533688893
4163 1018 633756454
4164 944 733818219
4165 1204 133379723
4166 1426 233489451
4167 1074 333568938
4168 1111 433635833
4169 1074 533699357
4170 1111 633775270
4171 1371 733849535
4172 1111 133388651
4173 1093 233542582
4174 1612 333656569
4175 944 433729279
4176 945 533789636
4177 982 633850179
4178 945 733914944
4179 1074 133435263
4180 981 233525899
4181 1148 333670330
4182 1426 433847799
4183 963 533934453
4184 963 634007347
4185 1093 734076686
4186 1112 133385116
4187 944 233472252
4188 963 333565072
4189 1389 433727263
4190 1259 533837084
4191 1055 633926034
4192 1074 734002021
4193 1074 133436192
4194 1000 233528161
4195 963 333600870
4196 981 433666098
4197 1111 533744233
4198 1630 633859924
4199 982 733951022
4200 1093 133392249
4201 1093 233486458
4202 1055 333565909
4203 1074 433632785
4204 1074 533692457
4205 1111 633828426
4206 1352 733938894
4207 1389 133384825
4208 1111 233472349
4209 1296 333538540
4210 1074 433606601
4211 963 533671014
4212 1093 633730853
4213 1185 733807044
4214 1074 133387678
4215 1093 233482332
4216 1000 333647523
4217 1130 433716121
4218 1093 533791164
4219 1092 633852355
4220 1334 733916249
4221 1278 133389661
4222 1148 233481204
4223 944 333560173
4224 963 433626271
4225 1074 533688517
4226 1075 633749893
4227 944 733810992
4228 1056 133383903
4229 1185 233474391
4230 1074 333635896
4231 1074 433708476
4232 1074 533770889
4233 963 633836025
4234 944 733896549
4235 1055 133384498
4236 1112 233570114
4237 1223 333661768
4238 1111 433733256
4239 1093 533796409
4240 963 633854156
4241 963 733921402
4242 1093 133418740
4243 1092 233543135
4244 1055 333659326
4245 1186 433741590
4246 1111 533809467
4247 1055 633871028
4248 1092 733939330
4249 1092 133385316
4250 1111 233524266
4251 1112 333630197
4252 963 433723092
4253 1223 533794764
4254 1093 633876066
4255 963 733954239
4256 1074 133383373
4257 963 233470804
4258 1111 333563532
4259 1075 433674519
4260 1075 533765321
4261 1148 633838179
4262 963 733907925
4263 1056 133385744
4264 1093 233529287
4265 981 333605923
4266 1333 433714984
4267 1111 533822786
4268 1056 633917328
4269 1129 733988705
4270 1241 133391079
4271 1037 233486381
4272 944 333566035
4273 1074 433631226
4274 1074 533762695
4275 1111 633872682
4276 1444 733964299
4277 1130 133385562
4278 1074 233472642
4279 1056 333551684
4280 1092 433624283
4281 1074 533692900
4282 1296 633770739
4283 1111 733895541
4284 1352 133385378
4285 1000 233473810
4286 945 333543204
4287 1111 433613858
4288 1075 533690771
4289 963 633764444
4290 1092 733915561
4291 1056 133386935
4292 1223 233474737
4293 1111 333556780
4294 981 433628212
4295 1092 533693903
4296 1037 633760260
4297 963 733821766
4298 1074 133386863
4299 1074 233474943
4300 1241 333571152
4301 1037 433640121
4302 1093 533717478
4303 1056 633788928
4304 926 733912842
4305 1093 133383031
4306 963 233472481
4307 945 333593931
4308 1130 433661696
4309 982 533726276
4310 963 633795152
4311 944 733871621
4312 2963 133440180
4313 1074 233597241
4314 1092 333667728
4315 1055 433740937
4316 1130 533805127
4317 1000 633870040
4318 1074 733931601
4319 1074 133384512
4320 1408 233494276
4321 1055 333651152
4322 944 433723824
4323 1111 533793292
4324 1333 633863705
4325 1000 733931063
4326 1074 133393511
4327 981 233485184
4328 1111 333594319
4329 1074 433703047
4330 1074 533776886
4331 1074 633861225
4332 1092 733923972
4333 1074 133384661
4334 1074 233473241
4335 1074 333543450
4336 1389 433648493
4337 1093 533753332
4338 963 633829819
4339 962 733896344
4340 1000 133387996
4341 945 233478057
4342 1074 333563970
4343 1092 433626717
4344 1277 533800445
4345 1074 633910913
4346 1092 733988549
4347 1333 133384775
4348 1092 233522133
4349 1074 333592527
4350 1074 433660829
4351 1092 533723465
4352 1111 633854544
4353 1074 733957569
4354 1092 133386036
4355 1241 233478115
4356 1111 333557121
4357 1093 433621719
4358 944 533684929
4359 981 633750842
4360 1074 733900385
4361 1092 133384278
4362 963 233472469
4363 1148 333591141
4364 963 433655369
4365 963 533717708
4366 1074 633785529
4367 1056 733898238
4368 1056 133386538
4369 963 233477562
4370 1111 333567216
4371 1112 433638314
4372 1111 533710579
4373 963 633774381
4374 963 733846128
4375 1093 133388335
4376 963 233478526
4377 963 333555365
4378 926 433625667
4379 1296 533690506
4380 981 633750919
4381 981 733882610
4382 1074 133384540
4383 1074 233477045
4384 1055 333587403
4385 1075 433717445
4386 963 533830840
4387 1186 633896086
4388 982 733966962
4389 1074 133395596
4390 1093 233503194
4391 963 333604255
4392 944 433732539
4393 963 533798230
4394 1130 633868439
4395 1000 733937185
4396 1111 133383245
4397 1389 233489492
4398 1167 333604442
4399 963 433692633
4400 1092 533767824
4401 1056 633835422
4402 963 733897446
4403 1092 133383136
4404 1056 233472160
4405 1166 333628055
4406 1074 433738634
4407 963 533829492
4408 963 633903479
4409 945 733970077
4410 1260 133386100
4411 963 233473662
4412 963 333572278
4413 1111 433723155
4414 1074 533851568
4415 1074 633938870
4416 1093 734007486
4417 1259 133390750
4418 1130 233478811
4419 945 333551854
4420 1092 433676897
4421 1148 533781180
4422 1074 633913445
4423 1111 734067988
4424 1056 133386881
4425 944 233484480
4426 1297 333567559
4427 1000 433632454
4428 944 533691960
4429 1278 633846299
4430 1092 733983342
4431 1093 133384494
4432 1389 233480611
4433 1074 333557061
4434 1149 433673585
4435 1092 533742647
4436 981 633806949
4437 1148 733937177
4438 1074 133385385
4439 982 233473983
4440 963 333544693
4441 962 433609347
4442 1481 533679612
4443 1111 633759525
4444 1055 733830790
4445 1092 133384609
4446 1092 233470263
4447 926 333535324
4448 1074 433604311
4449 963 533672002
4450 1296 633795619
4451 945 733869995
4452 1055 133395889
4453 963 233490968
4454 963 333620567
4455 945 433690850
4456 963 533764578
4457 926 633846473
4458 1167 733929312
4459 1092 133391743
4460 1074 233492378
4461 1203 333576884
4462 944 433694964
4463 963 533762321
4464 1074 633827660
4465 982 733894092
4466 1167 133419430
4467 1074 233904028
4468 1112 334004830
4469 963 434080132
4470 944 534140546
4471 1463 634206181
4472 945 734267668
4473 1389 133384525
4474 1185 233495031
4475 1111 333637351
4476 963 433730838
4477 963 533809196
4478 982 633884905
4479 945 733951837
4480 1092 133387842
4481 1537 233531310
4482 1148 333624446
4483 1093 433744840
4484 1111 533838161
4485 1074 633908926
4486 926 733977450
4487 1074 133385102
4488 1315 233473812
4489 1278 333557873
4490 1167 433660286
4491 1074 533826236
4492 1148 633930964
4493 1075 734000562
4494 1185 133391289
4495 963 233480591
4496 945 333557837
4497 1445 433622528
4498 982 533681830
4499 1092 633792688
4500 1092 733899342
4501 1092 133385735
4502 1055 233526204
4503 1111 333603969
4504 1240 433671234
4505 1297 533801498
4506 1074 633875023
4507 1111 733982695
4508 1093 133388329
4509 944 233477724
4510 963 333552674
4511 945 433618494
4512 963 533678482
4513 1333 633747821
4514 982 733807641
4515 1074 133401016
4516 963 233504263
4517 1092 333585861
4518 1093 433660274
4519 1111 533727669
4520 1074 633796230
4521 1370 733864588
4522 1167 133383962
4523 1056 233472542
4524 1074 333542881
4525 926 433609683
4526 982 533673744
4527 963 633738343
4528 963 733799941
4529 1093 133391816
4530 982 233487636
4531 1056 333567920
4532 1074 433649278
4533 1222 533720154
4534 1074 633787474
4535 1074 733854536
4536 1426 133385873
4537 1130 233499786
4538 1111 333578181
4539 1093 433738390
4540 1056 533810303
4541 982 633880105
4542 944 733941519
4543 1055 133384301
4544 1148 233516325
4545 1092 333757627
4546 945 433843336
4547 1111 533963138
4548 1074 634036107
4549 981 734102372
4550 1037 133383154
4551 963 233474808
4552 1315 333597239
4553 1111 433703930
4554 963 533791269
4555 1093 633859164
4556 963 733924410
4557 1074 133436896
4558 1074 233523439
4559 1055 333593167
4560 1333 433692043
4561 1092 533800697
4562 1074 633890573
4563 963 733958505
4564 1074 133384768
4565 1074 233473552
4566 1075 333545205
4567 1055 433615341
4568 1778 533701643
4569 1093 633816593
4570 963 733903321
4571 1092 133394381
4572 945 233487312
4573 1092 333564300
4574 1092 433637750
4575 1111 533708163
4576 1315 633851391
4577 1074 733959748
4578 1093 133393919
4579 963 233482221
4580 963 333558079
4581 963 433627214
4582 945 533687775
4583 982 633753707
4584 1352 733838398
4585 1352 133385976
4586 1055 233478649
4587 1093 333564117
4588 944 433633679
4589 1074 533701925
4590 1056 633769116
4591 1056 733836992
4592 1111 133391312
4593 963 233482688
4594 982 333567823
4595 1093 433634273
4596 1093 533696742
4597 1074 633760785
4598 963 733825402
4599 1315 133393332
4600 1092 233481672
4601 1055 333560011
4602 1074 433625683
4603 963 533692485
4604 963 633806713
4605 944 733872460
4606 1056 133492168
4607 1111 233584915
4608 1130 333652865
4609 1074 433719019
4610 1092 533784673
4611 1093 633862234
4612 945 733937388
4613 1074 133448689
4614 1111 233565269
4615 1149 333661367
4616 1074 433732447
4617 1111 533799546
4618 1056 633917903
4619 981 733980539
4620 963 133390376
4621 1537 233496104
4622 1425 333606129
4623 1240 433696005
4624 1019 533764121
4625 945 633838386
4626 1000 733907966
4627 963 133388082
4628 1093 233475698
4629 1074 333552593
4630 1074 433677691
4631 1204 533771049
4632 1111 633932203
4633 1074 733996801
4634 1056 133390046
4635 1093 233482996
4636 1111 333583650
4637 1240 433772934
4638 1111 533899273
4639 1185 634000445
4640 1019 734073247
4641 1130 133386103
4642 981 233474535
4643 963 333540744
4644 945 433603472
4645 1185 533681830
4646 1093 633808780
4647 1296 733897897
4648 1093 133386864
4649 963 233477944
4650 982 333565116
4651 945 433629307
4652 963 533687183
4653 1315 633771596
4654 1074 733904843
4655 1222 133385384
4656 981 233473668
4657 963 333562266
4658 926 433685531
4659 963 533759537
4660 944 633823580
4661 1111 733976863
4662 1297 133391941
4663 1111 233488521
4664 1130 333566008
4665 982 433631884
4666 945 533695575
4667 963 633776303
4668 982 733903346
4669 1130 133384776
4670 1019 233473930
4671 982 333545065
4672 982 433624923
4673 982 533698873
4674 982 633792786
4675 963 733916477
4676 1092 133384093
4677 982 233522376
4678 1371 333589974
4679 1000 433655536
4680 963 533722375
4681 982 633795047
4682 963 733860534
4683 1129 133388502
4684 1352 233497026
4685 1093 333573365
4686 1148 433641482
4687 1148 533705617
4688 1000 633776382
4689 944 733853647
4690 1092 133384096
4691 1093 233493379
4692 1074 333600904
4693 963 433671409
4694 1148 533739656
4695 981 633808217
4696 963 733869334
4697 1093 133385208
4698 1074 233523881
4699 1130 333641238
4700 1092 433746800
4701 1074 533820731
4702 1148 633888367
4703 982 733954187
4704 1056 133383821
4705 945 233471678
4706 963 333535573
4707 1167 433667245
4708 1074 533829029
4709 1148 633913183
4710 1629 733985670
4711 1075 133387766
4712 945 233475809
4713 1241 333565685
4714 1111 433629339
4715 1130 533769937
4716 1093 633885239
4717 944 734007208
4718 1074 133389712
4719 1000 233478292
4720 1074 333549075
4721 944 433611896
4722 926 533672253
4723 1425 633794500
4724 1092 733908913
4725 1389 133393250
4726 963 233484589
4727 982 333557039
4728 944 433625156
4729 1055 533701995
4730 1093 633828852
4731 1111 733915303
4732 1074 133383955
4733 1222 233498998
4734 1074 333570689
4735 1093 433638472
4736 1075 533704181
4737 1056 633767261
4738 1074 733828026
4739 1074 133384679
4740 944 233472240
4741 1333 333539116
4742 1111 433603140
4743 963 533667072
4744 963 633730429
4745 1093 733828157
4746 1092 133385810
4747 1074 233472316
4748 1055 333540192
4749 1315 433601734
4750 963 533722129
4751 963 633786005
4752 944 733848937
4753 1093 133382811
4754 982 233471187
4755 962 333540027
4756 1093 433610606
4757 1352 533681149
4758 1111 633756136
4759 1130 733848864
4760 1093 133455350
4761 1074 233616819
4762 1093 333718324
4763 963 433790719
4764 945 533857465
4765 1241 633927786
4766 981 733997292
4767 1056 133384444
4768 1111 233517376
4769 1093 333628918
4770 1074 433714869
4771 1074 533780948
4772 1074 633852325
4773 1149 733925552
4774 1092 133381909
4775 945 233466951
4776 1204 333636568
4777 1407 433745704
4778 1074 533832135
4779 1093 633899233
4780 1074 733966369
4781 1148 133393225
4782 1000 233491490
4783 945 333564662
4784 1111 433709909
4785 1093 533820507
4786 963 633909013
4787 982 733976759
4788 1334 133391004
4789 1093 233535880
4790 982 333607423
4791 1075 433670595
4792 1111 533770657
4793 1055 633932607
4794 1408 734030779
4795 1092 133385006
4796 1278 233475419
4797 981 333565795
4798 1056 433650097
4799 1074 533777288
4800 1149 633887108
4801 1093 734002577
4802 1074 133468785
4803 1093 233570772
4804 1166 333639297
4805 963 433709302
4806 1093 533829604
4807 1075 633894628
4808 1111 733971227
4809 1111 133388824
4810 963 233532052
4811 963 333605372
4812 1389 433668711
4813 963 533742532
4814 944 633807667
4815 1074 733874988
4816 1056 133391677
4817 1111 233486998
4818 1092 333574022
4819 1185 433666213
4820 1111 533730996
4821 1204 633790594
4822 1074 733870082
4823 1074 133391975
4824 1444 233542666
4825 1074 333624894
4826 1056 433750455
4827 963 533819683
4828 1185 633883985
4829 1111 733974028
4830 1093 133624180
4831 1111 233770667
4832 1074 333849099
4833 1056 433919549
4834 1074 533979129
4835 1074 634038542
4836 1093 734097140
4837 1092 133444219
4838 1092 233587336
4839 981 333770045
4840 945 433842495
4841 963 533965001
4842 926 634083821
4843 1074 734159790
4844 963 133394443
4845 1519 233589226
4846 1093 333731565
4847 1074 433828182
4848 1111 533900873
4849 1074 633965342
4850 963 734028459
4851 1593 133392407
4852 982 233487839
4853 1093 333589900
4854 1407 433736258
4855 1074 533834542
4856 944 633904196
4857 963 733968683
4858 1075 133387446
4859 1222 233509378
4860 1018 333606384
4861 945 433720741
4862 1074 533836340
4863 1092 633944179
4864 944 734022722
4865 1093 133384152
4866 1074 233473047
4867 1074 333552404
4868 982 433615095
4869 1074 533677879
4870 1185 633782755
4871 1112 733888575
4872 1055 133389432
4873 944 233472734
4874 963 333541758
4875 1574 433623393
4876 963 533699714
4877 944 633769090
4878 1055 733886633
4879 1075 133388007
4880 1426 233476902
4881 1074 333563204
4882 1093 433632006
4883 1575 533700567
4884 981 633764388
4885 981 733828616
4886 1056 133387046
4887 963 233477830
4888 963 333558039
4889 1426 433629915
4890 1074 533692884
4891 1222 633758538
4892 1000 733820655
4893 1130 133388122
4894 1074 233477406
4895 1111 333560004
4896 1093 433629102
4897 1111 533706071
4898 1092 633781225
4899 1259 733846953
4900 1185 133392865
4901 1074 233481111
4902 1093 333557302
4903 944 433620493
4904 963 533685295
4905 926 633744393
4906 1092 733825677
4907 1112 133395940
4908 1074 233542113
4909 1093 333628748
4910 945 433696050
4911 1093 533763037
4912 1222 633828488
4913 1111 733894919
4914 1351 133391202
4915 1185 233503004
4916 1111 333612528
4917 1000 433704830
4918 963 533777299
4919 944 633848101
4920 963 733916329
4921 1092 133387685
4922 1167 233475116
4923 1111 333584196
4924 1092 433694295
4925 1074 533783115
4926 944 633857751
4927 1074 733924812
4928 1074 133385594
4929 1074 233471378
4930 1185 333537402
4931 1093 433617241
4932 1223 533728413
4933 1092 633815734
4934 1037 733884332
4935 1092 133389485
4936 963 233476842
4937 1074 333553441
4938 1130 433616428
4939 1129 533692508
4940 1111 633804421
4941 1074 733892612
4942 1111 133387246
4943 1037 233474511
4944 1093 333541794
4945 944 433617782
4946 1074 533678843
4947 1481 633782997
4948 1093 733895521
4949 1074 133386526
4950 963 233473754
4951 1074 333541111
4952 1092 433606284
4953 963 533667678
4954 1519 633732369
4955 1130 733825819
4956 1074 133388324
4957 1075 233472440
4958 1111 333538928
4959 926 433605693
4960 963 533666365
4961 1111 633729149
4962 1056 733795413
4963 1185 133387103
4964 963 233472257
4965 963 333542540
4966 1000 433609065
4967 1111 533669941
4968 944 633732502
4969 944 733796156
4970 1111 133388679
4971 963 233476203
4972 963 333602857
4973 945 433670029
4974 944 533730887
4975 963 633793170
4976 982 733858731
4977 1463 133395810
4978 981 233489649
4979 1074 333559118
4980 963 433625420
4981 963 533687592
4982 963 633749301
4983 981 733816326
4984 1111 133449626
4985 1352 233586280
4986 1111 333682304
4987 963 433755180
4988 981 533818779
4989 963 633882025
4990 963 733946901
4991 1074 133384498
4992 1148 233485282
4993 1278 333597306
4994 1111 433709034
4995 1092 533780003
4996 963 633846453
4997 1074 733911440
4998 1074 133387944
4999 963 233472617
5000 1426 333559993
5001 1333 433683128
5002 944 533774745
5003 963 633844547
5004 963 733909460
5005 1111 133391613
5006 1000 233476896
5007 944 333568717
5008 1111 433676741
5009 1593 533806950
5010 1092 633923697
5011 1056 733995702
5012 1315 133402855
5013 1112 233507712
5014 1074 333574774
5015 1056 433643983
5016 1129 533740767
5017 1333 633890958
5018 1056 733983889
5019 1074 133386282
5020 1130 233470547
5021 1056 333534923
5022 1074 433645707
5023 1093 533777731
5024 1222 633877959
5025 1389 734034261
5026 1055 133390747
5027 963 233476345
5028 1000 333555166
5029 945 433618597
5030 963 533683344
5031 945 633746127
5032 1074 733825763
5033 1074 133388656
5034 1018 233530088
5035 963 333608445
5036 1000 433675025
5037 1074 533741271
5038 1093 633809314
5039 944 733870746
5040 1296 133386491
5041 1093 233474089
5042 1074 333540650
5043 945 433603063
5044 963 533663847
5045 945 633723834
5046 963 733783692
5047 1092 133383622
5048 1352 233534979
5049 963 333602818
5050 963 433666694
5051 963 533725293
5052 945 633785076
5053 981 733861638
5054 1074 133431642
5055 1111 233541703
5056 1296 333609598
5057 1000 433671937
5058 945 533734516
5059 963 633802781
5060 945 733865472
5061 1093 133385921
5062 1074 233517019
5063 1056 333622525
5064 1148 433692049
5065 1019 533751851
5066 982 633813227
5067 944 733877863
5068 1074 133386626
5069 963 233470373
5070 1074 333632971
5071 1074 433740940
5072 1148 533810538
5073 1092 633888433
5074 963 733959698
5075 1093 133419072
5076 945 233501022
5077 1055 333599121
5078 1148 433761034
5079 1130 533932947
5080 1185 634012249
5081 944 734081514
5082 1074 133434741
5083 982 233519894
5084 926 333587937
5085 982 433650739
5086 1148 533728208
5087 1074 633838510
5088 1259 733925090
5089 1130 133392464
5090 963 233531266
5091 963 333602402
5092 1075 433659981
5093 1112 533721746
5094 1074 633802067
5095 1093 733907887
5096 1093 133387614
5097 944 233473805
5098 1074 333539514
5099 963 433600298
5100 982 533658785
5101 963 633722087
5102 1055 733803241
5103 1149 133388467
5104 963 233476658
5105 1075 333552571
5106 945 433617188
5107 1074 533679509
5108 1093 633741940
5109 1056 733802872
5110 1111 133389784
5111 1037 233476253
5112 944 333541573
5113 1018 433604357
5114 963 533678214
5115 963 633736572
5116 963 733801614
5117 1092 133387471
5118 1296 233475532
5119 1185 333569204
5120 1000 433634673
5121 982 533698382
5122 963 633758092
5123 945 733834227
5124 1056 133389898
5125 1092 233581608
5126 1074 333655947
5127 1297 433725100
5128 982 533790402
5129 944 633864890
5130 1074 733943803
5131 1093 133427492
5132 1092 233639276
5133 1315 333726485
5134 926 433795861
5135 1685 533858015
5136 1093 633919150
5137 944 733984397
5138 1074 133386827
5139 1148 233529759
5140 1056 333646431
5141 1074 433735141
5142 1074 533804109
5143 1314 633870282
5144 1093 733937528
5145 1092 133406403
5146 944 233557168
5147 1130 333659729
5148 1056 433768457
5149 1093 533860759
5150 1074 633943394
5151 1055 734018419
5152 1056 133384182
5153 944 233469873
5154 963 333538675
5155 1148 433620440
5156 1092 533747298
5157 963 633838581
5158 1055 733911309
5159 1129 133385332
5160 1093 233467967
5161 1092 333535936
5162 944 433605275
5163 1056 533685021
5164 1074 633791268
5165 1092 733880792
5166 1129 133392741
5167 1000 233481709
5168 1093 333556622
5169 944 433621369
5170 1056 533684078
5171 1111 633759362
5172 1092 733880886
5173 1093 133388538
5174 1296 233473007
5175 1111 333564902
5176 1352 433632296
5177 1074 533693728
5178 945 633758548
5179 1148 733886258
5180 1093 133384373
5181 945 233526786
5182 1222 333654181
5183 1018 433720446
5184 1241 533784118
5185 963 633847550
5186 1111 733913370
5187 1093 133384578
5188 1092 233470010
5189 1055 333539960
5190 1037 433606466
5191 963 533673379
5192 963 633742699
5193 945 733805075
5194 1074 133386487
5195 1111 233529382
5196 1074 333660572
5197 963 433728004
5198 1185 533792121
5199 1019 633856441
5200 945 733919891
5201 1074 133422451
5202 944 233533346
5203 963 333614370
5204 963 433679524
5205 962 533744419
5206 1334 633818146
5207 1185 733947226
5208 1074 133389379
5209 1093 233505051
5210 1092 333662057
5211 1055 433739711
5212 1186 533808290
5213 1000 633879629
5214 1111 733947246
5215 1074 133386214
5216 1018 233473590
5217 1111 333581299
5218 1093 433688212
5219 1111 533760848
5220 926 633829298
5221 1093 733895433
5222 1148 133463678
5223 1426 233578480
5224 1037 333704486
5225 1074 433863473
5226 1092 533966979
5227 1315 634043355
5228 1074 734115786
5229 1389 133387050
5230 981 233472519
5231 963 333539580
5232 963 433655937
5233 1056 533772628
5234 1111 633877227
5235 1111 733946251
5236 1074 133384385
5237 1259 233469650
5238 1074 333587156
5239 963 433655291
5240 1074 533716223
5241 1186 633831376
5242 1148 733938623
5243 1093 133390386
5244 1074 233480411
5245 1592 333555213
5246 963 433624107
5247 963 533690465
5248 963 633756563
5249 1204 733873624
5250 1055 133397555
5251 944 233488357
5252 963 333563270
5253 1556 433624238
5254 982 533683392
5255 963 633745787
5256 982 733885311
5257 1389 133386371
5258 963 233473377
5259 944 333540753
5260 945 433605536
5261 1518 533670172
5262 1000 633734807
5263 981 733800628
5264 1167 133387650
5265 1074 233523119
5266 963 333592032
5267 1093 433662908
5268 963 533729136
5269 1185 633795549
5270 963 733862388
5271 1074 133385152
5272 1278 233476380
5273 1056 333551404
5274 963 433613539
5275 1055 533681638
5276 1055 633754292
5277 1444 733828205
5278 1278 133385857
5279 1092 233496678
5280 944 333584165
5281 945 433705726
5282 1111 533773102
5283 1074 633851552
5284 1111 733928151
5285 1111 133386711
5286 1130 233489457
5287 1112 333600203
5288 963 433688246
5289 944 533754067
5290 944 633823295
5291 1074 733950782
5292 1296 133387249
5293 963 233477459
5294 1130 333618205
5295 1093 433731433
5296 945 533817846
5297 1055 633883278
5298 1426 733953487
5299 1056 133387880
5300 1592 233476405
5301 1111 333602410
5302 1166 433697194
5303 1075 533809125
5304 1000 633897390
5305 1000 733973452
5306 1093 133388456
5307 944 233478147
5308 1037 333552375
5309 1148 433672492
5310 1111 533758460
5311 1074 633870188
5312 982 733955305
5313 1129 133388421
5314 963 233483334
5315 982 333567839
5316 1203 433636475
5317 1148 533699573
5318 1352 633802671
5319 1093 733926214
5320 1055 133385274
5321 963 233488557
5322 963 333566804
5323 1074 433639513
5324 1148 533707112
5325 982 633773469
5326 1130 733929234
5327 1074 133388516
5328 963 233481077
5329 963 333571972
5330 944 433635182
5331 981 533696817
5332 1074 633761600
5333 1111 733822921
5334 1055 133385796
5335 963 233523764
5336 1092 333591585
5337 1370 433661683
5338 926 533783855
5339 926 633851935
5340 1315 733915367
5341 1074 133387649
5342 963 233475599
5343 926 333551901
5344 963 433610185
5345 982 533671616
5346 1000 633736048
5347 963 733797368
5348 1074 133391169
5349 1074 233486656
5350 1093 333562143
5351 1388 433624594
5352 1093 533691210
5353 1093 633755401
5354 1074 733819129
5355 1408 133426837
5356 1111 233535954
5357 981 333625497
5358 981 433692762
5359 982 533759397
5360 1111 633833236
5361 1074 733903223
5362 1056 133385672
5363 1278 233481659
5364 1130 333597591
5365 963 433690245
5366 963 533771584
5367 963 633832293
5368 963 733896021
5369 1074 133386803
5370 1056 233470216
5371 1723 333550333
5372 1129 433663006
5373 963 533754808
5374 1074 633824610
5375 945 733899041
5376 1055 133384657
5377 926 233467885
5378 981 333535687
5379 1666 433621304
5380 1130 533784198
5381 1000 633881000
5382 1074 733957432
5383 1074 133386158
5384 1055 233470183
5385 1092 333539818
5386 963 433604879
5387 1314 533723052
5388 1112 633852279
5389 1093 733978285
5390 1074 133387623
5391 981 233475203
5392 963 333552097
5393 945 433616788
5394 944 533677035
5395 1333 633780485
5396 1223 733906490
5397 1074 133387476
5398 944 233475186
5399 982 333554691
5400 1222 433620734
5401 1074 533683814
5402 1111 633745542
5403 1408 733840288
5404 1130 133442496
5405 944 233535095
5406 945 333608063
5407 963 433676513
5408 963 533735945
5409 1092 633803229
5410 1074 733863790
5411 1092 133388350
5412 982 233478170
5413 963 333555269
5414 963 433618441
5415 944 533680410
5416 1092 633745471
5417 1056 733811865
5418 1648 133384185
5419 1018 233474561
5420 1074 333552511
5421 1074 433618183
5422 963 533736356
5423 963 633806324
5424 1055 733869812
5425 1370 133385816
5426 1241 233494303
5427 944 333575031
5428 963 433647388
5429 982 533710746
5430 963 633775641
5431 963 733856369
5432 1092 133389503
5433 1092 233633990
5434 1704 333742162
5435 963 433814686
5436 981 533884674
5437 963 633958920
5438 981 734033778
5439 944 133385745
5440 945 233469417
5441 1093 333647497
5442 1352 433818725
5443 963 533893194
5444 1000 633956662
5445 962 734029150
5446 945 133385709
5447 944 233525530
5448 982 333607239
5449 1167 433715356
5450 1315 533871954
5451 1074 634010590
5452 1092 734078207
5453 1093 133388248
5454 1092 233475606
5455 1019 333568148
5456 963 433630524
5457 1093 533835215
5458 1666 633945925
5459 963 734033560
5460 1407 133390972
5461 1056 233476403
5462 1074 333553798
5463 1074 433622211
5464 1074 533746921
5465 1093 633967926
5466 1315 734074710
5467 1056 133434436
5468 1000 233519627
5469 963 333585059
5470 944 433650324
5471 1093 533715329
5472 1074 633779965
5473 1093 733880526
5474 1093 133387419
5475 963 233473758
5476 982 333541301
5477 963 433610418
5478 1092 533677109
5479 1000 633742337
5480 944 733813417
5481 1296 133388921
5482 945 233498778
5483 963 333568395
5484 963 433635568
5485 1111 533700092
5486 1074 633823468
5487 944 733885548
5488 1074 133387441
5489 1278 233473558
5490 981 333540008
5491 963 433618754
5492 1074 533683853
5493 945 633803858
5494 963 733939790
5495 1074 133398776
5496 963 233539800
5497 1149 333608398
5498 1167 433674200
5499 1093 533738613
5500 963 633803656
5501 926 733866699
5502 1093 133433370
5503 1074 233565357
5504 1000 333655493
5505 1259 433723832
5506 1074 533857726
5507 963 633975991
5508 1000 734061071
5509 1093 133386890
5510 1204 233532988
5511 1056 333638457
5512 1092 433732315
5513 1241 533805802
5514 981 633883178
5515 945 733948924
5516 1074 133387355
5517 945 233469934
5518 1074 333543236
5519 1074 433669205
5520 981 533763470
5521 1259 633840883
5522 925 733911093
5523 1185 133385467
5524 1075 233470991
5525 945 333538182
5526 1185 433617262
5527 1093 533743175
5528 1075 633837125
5529 1204 733908983
5530 1055 133435858
5531 1074 233519549
5532 945 333585091
5533 963 433643782
5534 1277 533717066
5535 1129 633839220
5536 1092 733982059
5537 1111 133384489
5538 944 233471421
5539 981 333538908
5540 963 433598784
5541 963 533659419
5542 1222 633754036
5543 1056 733914449
5544 1111 133389157
5545 963 233477533
5546 963 333558002
5547 963 433636193
5548 963 533704291
5549 1352 633772278
5550 1093 733915358
5551 1074 133385048
5552 1148 233476053
5553 963 333558022
5554 962 433631917
5555 945 533693181
5556 963 633762095
5557 963 733828526
5558 1037 133386623
5559 1092 233471407
5560 1482 333593690
5561 1092 433659733
5562 1074 533717665
5563 1074 633775541
5564 1092 733845306
5565 1092 133386310
5566 944 233474575
5567 1092 333600840
5568 1166 433680957
5569 1000 533742833
5570 944 633807783
5571 945 733877455
5572 1129 133383071
5573 1092 233490910
5574 1093 333566397
5575 1074 433634588
5576 1204 533694482
5577 1093 633752914
5578 1130 733866753
5579 1056 133389461
5580 1222 233580263
5581 1093 333685750
5582 1074 433758497
5583 1093 533824632
5584 1203 633888027
5585 1167 733969958
5586 1093 133386555
5587 1075 233472505
5588 1092 333583104
5589 1055 433687443
5590 945 533754300
5591 945 633816491
5592 1333 733984516
5593 1074 133387020
5594 1092 233470859
5595 963 333539568
5596 1074 433668074
5597 1074 533825098
5598 1074 633907048
5599 1185 733985758
5600 1074 133434336
5601 944 233519083
5602 1074 333584088
5603 963 433645076
5604 1093 533763766
5605 1148 633871772
5606 945 733994963
5607 1648 133386245
5608 982 233470732
5609 945 333532886
5610 963 433593985
5611 963 533658527
5612 1111 633781200
5613 1111 733896002
5614 1056 133384487
5615 1111 233486882
5616 1111 333564610
5617 1092 433624153
5618 1092 533688455
5619 1370 633767590
5620 1130 733970855
5621 1056 133388285
5622 945 233473013
5623 1204 333540019
5624 944 433603988
5625 1093 533670345
5626 1093 633735499
5627 1111 733799505
5628 1074 133388176
5629 963 233473144
5630 982 333538150
5631 1296 433606230
5632 1000 533680828
5633 963 633750556
5634 982 733820543
5635 1074 133387251
5636 963 233473294
5637 963 333536892
5638 963 433599380
5639 1278 533661552
5640 981 633724595
5641 1148 733784230
5642 1111 133398420
5643 1055 233508111
5644 1074 333601616
5645 1074 433671011
5646 945 533733183
5647 1352 633795411
5648 981 733859028
5649 1148 133382736
5650 1093 233490482
5651 945 333576414
5652 963 433640586
5653 963 533707129
5654 1074 633768431
5655 1278 733834455
5656 1055 133392608
5657 1093 233497854
5658 1111 333609638
5659 1074 433698755
5660 1074 533819501
5661 963 633988674
5662 1074 734055698
5663 1092 133386480
5664 945 233473300
5665 1074 333625954
5666 1092 433735053
5667 962 533874818
5668 944 633946268
5669 1092 734013496
5670 1649 133388518
5671 1092 233474580
5672 1093 333539011
5673 1074 433760462
5674 1352 533873430
5675 1111 633965325
5676 1056 734035293
5677 1129 133386372
5678 1315 233474100
5679 1074 333557439
5680 981 433632241
5681 1074 533735117
5682 1075 633851400
5683 982 733937202
5684 1056 133382929
5685 1074 233520064
5686 1278 333595348
5687 1408 433681816
5688 1130 533771933
5689 1074 633882439
5690 1074 734026389
5691 1074 133387782
5692 1074 233471936
5693 963 333538590
5694 1185 433607133
5695 1130 533671768
5696 926 633732237
5697 1166 733825706
5698 1129 133388210
5699 944 233474327
5700 944 333540592
5701 944 433600579
5702 1167 533664066
5703 944 633727313
5704 1112 733801540
5705 1093 133388915
5706 1074 233481939
5707 945 333575315
5708 963 433641469
5709 963 533715327
5710 1074 633836629
5711 1000 733906320
5712 1296 133383861
5713 963 233472663
5714 963 333539761
5715 963 433606323
5716 963 533667569
5717 944 633726316
5718 1370 733792081
5719 1111 133396974
5720 982 233525479
5721 945 333599911
5722 945 433667324
5723 963 533733830
5724 963 633798669
5725 1186 733860341
5726 1222 133402105
5727 1093 233601703
5728 963 333692394
5729 944 433763104
5730 945 533827572
5731 963 633894448
5732 1093 733976306
5733 1352 133385866
5734 1129 233537131
5735 1074 333664007
5736 963 433763957
5737 963 533841537
5738 963 633903728
5739 926 733967826
5740 1074 133387238
5741 1130 233471706
5742 1204 333630971
5743 1074 433770144
5744 1074 533862390
5745 1092 633931415
5746 1278 733997161
5747 1074 133387054
5748 1056 233473708
5749 1038 333554306
5750 1241 433671608
5751 1112 533793873
5752 1093 633896990
5753 1056 733969496
5754 1056 133385815
5755 963 233472654
5756 981 333554086
5757 1148 433616962
5758 963 533680708
5759 1074 633846974
5760 1111 733952720
5761 1074 133387354
5762 963 233477267
5763 981 333556014
5764 944 433619242
5765 1167 533682432
5766 1000 633743049
5767 1148 733848777
5768 1055 133391689
5769 963 233480121
5770 982 333574052
5771 945 433757891
5772 945 533832341
5773 1203 633927977
5774 982 734002223
5775 1223 133386079
5776 945 233469807
5777 944 333541406
5778 1000 433619134
5779 963 533692695
5780 963 633761219
5781 1129 733825003
5782 1055 133386322
5783 944 233472939
5784 944 333540963
5785 1092 433609580
5786 1075 533673270
5787 1093 633737702
5788 1074 733799949
5789 1111 133387601
5790 981 233473922
5791 963 333538242
5792 1092 433609359
5793 1241 533680235
5794 1074 633747000
5795 1092 733818543
5796 1260 133431491
5797 1092 233542516
5798 1112 333613558
5799 1092 433681731
5800 1093 533754940
5801 1074 633826853
5802 1074 733893878
5803 1056 133386215
5804 1630 233517184
5805 1074 333635875
5806 945 433706899
5807 1074 533774738
5808 1075 633841873
5809 1055 733925120
5810 1074 133389791
5811 1055 233473630
5812 1889 333691969
5813 1074 433800604
5814 1074 533890962
5815 1111 633957634
5816 1074 734097770
5817 1074 133385070
5818 1092 233500743
5819 945 333574748
5820 1370 433656421
5821 1111 533769223
5822 1093 633867654
5823 963 733942864
5824 1074 133389535
5825 1075 233474040
5826 944 333592287
5827 1112 433656570
5828 1223 533804761
5829 1074 633919619
5830 1093 734059439
5831 1056 133388999
5832 1093 233473986
5833 982 333539844
5834 1056 433603868
5835 963 533665633
5836 1388 633761769
5837 1092 733927108
5838 1093 133387556
5839 1074 233474062
5840 1074 333540753
5841 944 433607111
5842 1074 533667653
5843 981 633742826
5844 1278 733837702
5845 1130 133388965
5846 963 233477971
5847 962 333609181
5848 945 433678797
5849 963 533745044
5850 963 633810346
5851 1093 733877092
5852 1074 133393856
5853 1093 233535565
5854 1185 333633201
5855 963 433758836
5856 945 533822008
5857 963 633882588
5858 926 733946483
5859 1537 133387320
5860 1000 233474659
5861 981 333577721
5862 963 433646449
5863 981 533709899
5864 963 633770664
5865 963 733835114
5866 1075 133390340
5867 1074 233477272
5868 963 333569074
5869 982 433637598
5870 945 533696363
5871 963 633755499
5872 981 733819764
5873 1111 133420379
5874 1111 233543940
5875 1111 333631891
5876 963 433701989
5877 1130 533765920
5878 963 633888556
5879 963 733968173
5880 944 133389844
5881 1111 233513683
5882 1074 333721744
5883 1129 433812398
5884 982 533882144
5885 926 633941039
5886 981 734006878
5887 1093 133385956
5888 1148 233471999
5889 1111 333568727
5890 1074 433676492
5891 1204 533770238
5892 1111 633838207
5893 1074 733903731
5894 1093 133383643
5895 962 233467890
5896 944 333538266
5897 1129 433608679
5898 1074 533717907
5899 1315 633811246
5900 982 733882251
5901 1093 133388774
5902 925 233469836
5903 945 333533452
5904 963 433602236
5905 1074 533676056
5906 1075 633788432
5907 1149 733882123
5908 1240 133387517
5909 963 233471041
5910 963 333593732
5911 1074 433660256
5912 944 533724373
5913 1185 633796693
5914 1074 733917940
5915 1185 133391481
5916 926 233480542
5917 1093 333555344
5918 963 433625109
5919 981 533694356
5920 963 633758065
5921 1186 733869589
5922 1315 133388705
5923 981 233473711
5924 1444 333541402
5925 963 433615481
5926 926 533689283
5927 981 633753382
5928 1055 733815943
5929 1074 133389373
5930 1130 233477953
5931 1074 333553922
5932 1018 433617020
5933 963 533680433
5934 963 633751642
5935 945 733874537
5936 1093 133386930
5937 1055 233477177
5938 1111 333567257
5939 1333 433631466
5940 963 533704009
5941 1111 633774311
5942 1092 733865798
5943 1167 133381413
5944 1074 233592160
5945 963 333668536
5946 1259 433740116
5947 945 533805899
5948 1000 633887146
5949 1074 734010985
5950 1074 133384174
5951 1074 233491661
5952 1074 333595593
5953 945 433664080
5954 1130 533727530
5955 1371 633793406
5956 1093 733873634
5957 1092 133385250
5958 944 233470626
5959 1093 333582002
5960 1056 433689600
5961 1093 533760402
5962 1296 633827427
5963 1092 733907599
5964 1074 133391622
5965 1092 233481072
5966 945 333605318
5967 1111 433712509
5968 1093 533816200
5969 1055 633884021
5970 1241 733952378
5971 1074 133388846
5972 1074 233525222
5973 1185 333597246
5974 944 433661215
5975 1093 533797831
5976 1241 633902911
5977 1092 733980917
5978 1093 133387236
5979 1093 233485223
5980 1056 333560562
5981 963 433623790
5982 963 533684240
5983 1074 633811746
5984 1074 733918344
5985 1371 133385015
5986 981 233518762
5987 944 333586286
5988 945 433649847
5989 1093 533713001
5990 1056 633771951
5991 1204 733927753
5992 1092 133388554
5993 1537 233484060
5994 944 333555862
5995 963 433622182
5996 945 533682947
5997 963 633746805
5998 963 733809718
5999 1092 133388500
6000 981 233524413
6001 1204 333608085
6002 1000 433677128
6003 944 533741097
6004 1000 633804269
6005 944 733864905
6006 1074 133386020
6007 945 233470433
6008 963 333538383
6009 1389 433602907
6010 1000 533678302
6011 963 633740900
6012 944 733802925
6013 1074 133387466
6014 944 233530657
6015 1074 333604737
6016 1444 433671039
6017 1166 533735230
6018 982 633796161
6019 1222 733867667
6020 1167 133380856
6021 1093 233490584
6022 982 333580386
6023 1055 433656207
6024 1055 533722898
6025 1129 633782737
6026 1000 733852761
6027 1260 133386765
6028 1092 233487975
6029 1093 333597036
6030 962 433685783
6031 963 533753862
6032 963 633901498
6033 1222 733990818
6034 1074 133385730
6035 1111 233470273
6036 1203 333664186
6037 1075 433775691
6038 945 533918845
6039 981 633994296
6040 1092 734065172
6041 1130 133386620
6042 944 233524071
6043 1111 333598391
6044 1333 433687582
6045 1241 533918754
6046 1000 634038667
6047 962 734118044
6048 1371 133389029
6049 963 233527368
6050 981 333597541
6051 963 433717380
6052 1111 533874941
6053 1074 633987262
6054 963 734080656
6055 1111 133388327
6056 1667 233525351
6057 1111 333647950
6058 1093 433775844
6059 1093 533846109
6060 1148 633941930
6061 1185 734067010
6062 1074 133388940
6063 1352 233523297
6064 1129 333622785
6065 1000 433697050
6066 1092 533761037
6067 1074 633822487
6068 1130 733934770
6069 1074 133387071
6070 1074 233475299
6071 1130 333553286
6072 1074 433621366
6073 1315 533681390
6074 1056 633746414
6075 1074 733817124
6076 1074 133387832
6077 944 233473912
6078 963 333542528
6079 963 433618201
6080 1185 533694299
6081 926 633760286
6082 944 733824959
6083 1093 133388870
6084 1074 233475117
6085 963 333592900
6086 981 433660036
6087 963 533726319
6088 1241 633789510
6089 1315 733855108
6090 1074 133396113
6091 982 233486470
6092 926 333566624
6093 963 433637574
6094 1000 533706821
6095 945 633771252
6096 1055 733834036
6097 1167 133391651
6098 1444 233501157
6099 1093 333597107
6100 963 433664817
6101 963 533734045
6102 963 633806384
6103 1130 733874130
6104 1463 133386949
6105 1463 233483473
6106 1111 333612553
6107 1074 433726689
6108 963 533796565
6109 1056 633863089
6110 1092 733928910
6111 1370 133386803
6112 1112 233471771
6113 1093 333557592
6114 1074 433732931
6115 1093 533827455
6116 1074 633899906
6117 944 733972430
6118 1093 133386786
6119 1111 233493236
6120 945 333616186
6121 1092 433719007
6122 1092 533911513
6123 981 634005574
6124 982 734079894
6125 1074 133386121
6126 982 233470793
6127 1130 333537114
6128 926 433597212
6129 1167 533707977
6130 1167 633853464
6131 945 733950859
6132 1075 133386937
6133 963 233474814
6134 963 333539116
6135 1259 433598436
6136 982 533768349
6137 1000 633849392
6138 1167 733965601
6139 1074 133391884
6140 963 233481667
6141 963 333605191
6142 982 433669567
6143 1092 533733388
6144 1000 633799949
6145 962 733864122
6146 1092 133388941
6147 945 233480187
6148 1092 333556693
6149 1074 433615976
6150 1277 533674001
6151 1037 633738747
6152 1111 733801345
6153 1075 133389164
6154 1000 233474337
6155 963 333557972
6156 963 433626070
6157 963 533692669
6158 982 633762137
6159 1204 733828958
6160 1408 133388036
6161 944 233504487
6162 944 333571233
6163 945 433635368
6164 981 533693504
6165 945 633752176
6166 963 733813756
6167 1148 133382390
6168 1093 233487599
6169 1111 333566568
6170 963 433684907
6171 981 533807413
6172 944 633870567
6173 1315 733931257
6174 1278 133387095
6175 1092 233683527
6176 1074 333790810
6177 1074 433876705
6178 1074 534008822
6179 1074 634128679
6180 1074 734206796
6181 1074 133388041
6182 1222 233529325
6183 1130 333675941
6184 1074 433840355
6185 1074 533912212
6186 945 633987736
6187 945 734114538
6188 1093 133385820
6189 1000 233468882
6190 1370 333536369
6191 1111 433759523
6192 1074 533871936
6193 945 633962034
6194 963 734030725
6195 1074 133385118
6196 962 233471680
6197 1074 333540074
6198 1241 433654802
6199 1408 533740641
6200 1056 633847906
6201 945 733938245
6202 1111 133385490
6203 1074 233473014
6204 945 333540131
6205 1092 433610378
6206 1222 533676791
6207 1185 633759426
6208 1074 733871580
6209 1074 133386010
6210 963 233472294
6211 1277 333595022
6212 1074 433734083
6213 1092 533812441
6214 1203 633881854
6215 1371 733973470
6216 1074 133385586
6217 982 233480721
6218 945 333553449
6219 963 433629955
6220 944 533702646
6221 944 633771689
6222 1185 733847528
6223 1055 133385199
6224 1000 233533204
6225 1056 333613191
6226 1056 433689623
6227 1092 533763203
6228 1074 633841005
6229 1074 733914196
6230 1055 133384978
6231 1204 233475372
6232 1093 333555841
6233 944 433617384
6234 1093 533681982
6235 1092 633743303
6236 1167 733803901
6237 1444 133388461
6238 1130 233475800
6239 1074 333570676
6240 963 433635404
6241 945 533749928
6242 963 633813082
6243 945 733873032
6244 1093 133411166
6245 1315 233536246
6246 963 333628455
6247 945 433698220
6248 1074 533779189
6249 1408 633902787
6250 1075 733981163
6251 1111 133384594
6252 1093 233516673
6253 1352 333683364
6254 963 433774111
6255 981 533845876
6256 945 633914937
6257 963 733987498
6258 1074 133384725
6259 963 233472379
6260 1167 333554366
6261 1593 433662575
6262 982 533753803
6263 963 633833661
6264 944 733902611
6265 1074 133384467
6266 963 233525862
6267 944 333594553
6268 1167 433666521
6269 1297 533777897
6270 1093 633870699
6271 1037 733947168
6272 1074 133386821
6273 1093 233596400
6274 1111 333694462
6275 1093 433760615
6276 1130 533833325
6277 1370 633941312
6278 1260 734038299
6279 1092 133383063
6280 1018 233469606
6281 944 333578482
6282 963 433639710
6283 1092 533701401
6284 1074 633775369
6285 1296 733887042
6286 1111 133385620
6287 1056 233470218
6288 981 333538076
6289 1093 433598711
6290 1333 533656847
6291 963 633771945
6292 1111 733862691
6293 1093 133396325
6294 1111 233483831
6295 963 333565114
6296 963 433630324
6297 963 533704515
6298 945 633858113
6299 963 733929674
6300 1222 133388623
6301 1093 233479462
6302 1074 333556153
6303 1074 433620455
6304 1093 533684516
6305 1056 633739948
6306 945 733802972
6307 1055 133382125
6308 1075 233470204
6309 982 333539932
6310 926 433606327
6311 944 533673592
6312 963 633739653
6313 926 733802474
6314 1092 133387682
6315 1093 233493687
6316 1259 333625249
6317 1092 433695792
6318 944 533757705
6319 963 633815321
6320 1074 733874920
6321 1334 133386109
6322 1055 233496930
6323 1093 333602491
6324 1259 433677201
6325 1000 533743095
6326 1093 633857360
6327 1074 733942810
6328 1056 133394407
6329 1092 233489580
6330 1277 333602419
6331 1092 433708295
6332 1185 533781615
6333 981 633858158
6334 1093 733923534
6335 1204 133384631
6336 963 233470488
6337 944 333567624
6338 1167 433786370
6339 1111 533893728
6340 1222 634018104
6341 963 734087017
6342 1074 133385170
6343 1074 233468416
6344 1074 333552625
6345 1074 433617816
6346 1111 533743452
6347 1074 633847624
6348 1112 733915833
6349 1074 133384023
6350 982 233469343
6351 981 333536905
6352 963 433604040
6353 944 533667231
6354 1408 633848829
6355 1092 733958039
6356 1148 133386784
6357 1074 233470660
6358 1111 333538295
6359 963 433602634
6360 963 533665066
6361 963 633725497
6362 1111 733863966
6363 1686 133384396
6364 963 233474865
6365 963 333541334
6366 944 433614062
6367 963 533675067
6368 963 633790221
6369 981 733928783
6370 1074 133384694
6371 1129 233472793
6372 982 333539909
6373 963 433609860
6374 945 533673254
6375 944 633733538
6376 981 733797377
6377 1074 133384974
6378 1074 233471498
6379 1111 333551022
6380 1000 433616046
6381 944 533678515
6382 963 633793724
6383 1092 733859286
6384 1074 133384623
6385 944 233475259
6386 963 333555209
6387 1167 433629844
6388 1000 533692109
6389 944 633754115
6390 963 733812658
6391 1129 133385088
6392 1092 233490890
6393 981 333579229
6394 982 433650142
6395 1130 533720907
6396 1112 633846579
6397 1130 733916381
6398 1074 133382201
6399 1204 233504299
6400 1074 333616656
6401 1074 433706384
6402 1111 533778649
6403 1444 633856081
6404 1129 733926902
6405 1167 133456739
6406 1166 233847671
6407 1111 333989658
6408 1074 434155497
6409 1129 534267429
6410 1074 634387490
6411 1296 734456311
6412 1444 133384704
6413 963 233470635
6414 963 333538308
6415 1297 433642350
6416 1074 533774041
6417 963 633862769
6418 1278 733938719
6419 1074 133383872
6420 1056 233470970
6421 1056 333537513
6422 1055 433656741
6423 1185 533768636
6424 1055 633956401
6425 945 734051517
6426 1278 133383892
6427 1093 233468990
6428 1111 333533422
6429 926 433596928
6430 963 533656785
6431 1092 633739217
6432 1055 733866649
6433 1092 133383857
6434 1130 233470029
6435 1019 333540016
6436 944 433606096
6437 963 533665361
6438 982 633730422
6439 1167 733858465
6440 1075 133385191
6441 1093 233481308
6442 1278 333553092
6443 1111 433623209
6444 963 533693103
6445 963 633765442
6446 926 733827263
6447 1074 133383804
6448 963 233473384
6449 945 333554334
6450 1148 433624099
6451 945 533686012
6452 981 633752370
6453 963 733821616
6454 1167 133383824
6455 963 233473200
6456 963 333592762
6457 963 433663804
6458 1204 533726958
6459 981 633792205
6460 982 733858173
6461 1092 133391067
6462 1093 233483683
6463 945 333560059
6464 981 433637547
6465 963 533702719
6466 1611 633768021
6467 963 733835397
6468 1167 133469568
6469 1111 233609815
6470 963 333702172
6471 1074 433771196
6472 1074 533830517
6473 1093 633898430
6474 1222 733965788
6475 1240 133383107
6476 1222 233497335
6477 1352 333660692
6478 1074 433789142
6479 1074 533858611
6480 1092 633922580
6481 1055 734039271
6482 1092 133382979
6483 1111 233544262
6484 1093 333660490
6485 1074 433822625
6486 1093 533930446
6487 1074 633999137
6488 1074 734068587
6489 1333 133383295
6490 981 233470949
6491 963 333538992
6492 1074 433601664
6493 1074 533710299
6494 1093 633815879
6495 1055 733947626
6496 1407 133386297
6497 1167 233473432
6498 945 333552141
6499 945 433622906
6500 945 533685597
6501 1074 633793047
6502 1111 733902905
6503 1074 133407520
6504 1074 233495415
6505 1241 333569735
6506 1111 433636667
6507 1056 533848728
6508 1074 633928586
6509 1055 734044555
6510 944 133383522
6511 944 233468250
6512 945 333531422
6513 1260 433591446
6514 963 533657193
6515 982 633780513
6516 1112 733907278
6517 1074 133387264
6518 1093 233476307
6519 926 333550405
6520 1074 433618244
6521 1352 533696361
6522 1019 633769311
6523 945 733842539
6524 1074 133385377
6525 1056 233476290
6526 1055 333554833
6527 1093 433676320
6528 945 533736492
6529 1149 633800442
6530 1130 733865300
6531 1092 133386786
6532 945 233480106
6533 1093 333607723
6534 1074 433676673
6535 1056 533744864
6536 1093 633808981
6537 1130 733872616
6538 1149 133389398
6539 1055 233497701
6540 1074 333639484
6541 1074 433714360
6542 1074 533783607
6543 1093 633846390
6544 1056 733909525
6545 1315 133402067
6546 1055 233587406
6547 1112 333697337
6548 1056 433836732
6549 1037 533909219
6550 982 633977058
6551 944 734041620
6552 1352 133384513
6553 1000 233474704
6554 1148 333593691
6555 1074 433708474
6556 944 533797295
6557 1074 633865764
6558 1389 733984343
6559 1426 133384459
6560 1240 233473261
6561 1000 333538581
6562 1111 433625846
6563 1333 533739389
6564 1093 633829635
6565 1074 733901234
6566 1074 133384053
6567 1074 233486688
6568 1426 333556990
6569 1241 433672477
6570 1296 533760798
6571 1204 633875470
6572 1074 734018624
6573 1093 133383869
6574 982 233470023
6575 963 333540473
6576 1203 433603998
6577 1111 533665874
6578 1093 633752046
6579 1352 733861996
6580 1074 133386612
6581 1185 233479673
6582 1074 333661271
6583 945 433738999
6584 1111 533807301
6585 982 633872566
6586 1445 734015720
6587 1074 133387891
6588 963 233483582
6589 945 333564884
6590 944 433629316
6591 944 533690618
6592 1129 633755735
6593 1000 733824185
6594 1092 133385523
6595 944 233475973
6596 1463 333553664
6597 1074 433679114
6598 1111 533803286
6599 926 633861070
6600 1388 733930502
6601 1111 133390154
6602 1074 233478289
6603 1111 333555240
6604 963 433618171
6605 1074 533678047
6606 962 633739461
6607 1074 733810577
6608 1130 133395415
6609 1074 233489884
6610 1074 333576815
6611 1092 433647136
6612 963 533708382
6613 1093 633768758
6614 963 733831560
6615 1629 133393528
6616 1333 233595126
6617 1000 333687835
6618 1259 433754878
6619 1074 533816773
6620 981 633880353
6621 963 733956284
6622 1389 133382696
6623 1371 233481331
6624 1093 333589022
6625 1056 433680361
6626 963 533746515
6627 1352 633805650
6628 1111 733875064
6629 1093 133384660
6630 1092 233473796
6631 1370 333553357
6632 1074 433663418
6633 1111 533756424
6634 1130 633825189
6635 944 733885880
6636 1074 133382292
6637 963 233466131
6638 1074 333535118
6639 1333 433618050
6640 1111 533729648
6641 1092 633822376
6642 1333 733895548
6643 1111 133384164
6644 1056 233468206
6645 944 333534490
6646 926 433600421
6647 1333 533686205
6648 1074 633816637
6649 1092 733910161
6650 1074 133383110
6651 1222 233471134
6652 1074 333552621
6653 1074 433619442
6654 944 533686207
6655 1518 633778120
6656 1056 733904977
6657 1111 133384963
6658 963 233474432
6659 982 333555900
6660 963 433621610
6661 944 533739301
6662 962 633807418
6663 1388 733893683
6664 1111 133384705
6665 1093 233478285
6666 1056 333555272
6667 1093 433676537
6668 1056 533740654
6669 945 633805678
6670 963 733864703
6671 1093 133381799
6672 1333 233466472
6673 1426 333534496
6674 1074 433601280
6675 963 533663174
6676 963 633726180
6677 1093 733794130
6678 1296 133385579
6679 963 233473473
6680 963 333537331
6681 963 433603781
6682 963 533669898
6683 982 633742274
6684 1407 733803965
6685 1074 133380562
6686 1352 233481142
6687 945 333555962
6688 963 433620727
6689 944 533685548
6690 963 633746720
6691 944 733807467
6692 1074 133384434
6693 1408 233512921
6694 1297 333705871
6695 963 433795544
6696 981 533866809
6697 982 633933092
6698 963 734001950
6699 1092 133382621
6700 1112 233478552
6701 1111 333608484
6702 1278 433714545
6703 963 533789792
6704 963 633859964
6705 944 733987470
6706 1074 133382493
6707 1093 233468443
6708 1055 333531301
6709 1296 433706510
6710 1185 533876757
6711 945 633967614
6712 1148 734091527
6713 1074 133436013
6714 1074 233578871
6715 1093 333783228
6716 945 433848919
6717 1112 533930443
6718 1371 634041597
6719 1092 734134659
6720 1093 133384718
6721 1112 233470946
6722 945 333553174
6723 1055 433616088
6724 962 533677353
6725 1130 633771636
6726 1778 733884771
6727 1092 133384313
6728 1074 233474356
6729 944 333554621
6730 963 433617274
6731 944 533677410
6732 1074 633752693
6733 1129 733841755
6734 1092 133387037
6735 1092 233483654
6736 1074 333604030
6737 963 433676017
6738 963 533738356
6739 944 633799732
6740 1074 733862330
6741 1352 133387890
6742 1074 233474655
6743 1055 333551717
6744 963 433615482
6745 944 533677691
6746 1130 633744178
6747 1093 733818943
6748 982 133432873
6749 1148 233521935
6750 1111 333593533
6751 1056 433659631
6752 945 533718600
6753 963 633778254
6754 1000 733848500
6755 1074 133385801
6756 1074 233473566
6757 1463 333539553
6758 963 433600503
6759 963 533659805
6760 982 633718848
6761 981 733784632
6762 1112 133399969
6763 1074 233512642
6764 945 333603166
6765 1241 433672153
6766 963 533738307
6767 963 633801387
6768 963 733868596
6769 1093 133388508
6770 1111 233524699
6771 1056 333641334
6772 944 433728896
6773 1352 533795290
6774 1018 633860889
6775 945 733925098
6776 1074 133439954
6777 1056 233524441
6778 1148 333660262
6779 1093 433770860
6780 963 533863773
6781 1407 633942724
6782 1112 734073340
6783 1093 133385067
6784 1074 233469554
6785 1092 333534449
6786 1093 433609899
6787 1092 533734831
6788 1092 633833892
6789 1148 733910564
6790 1093 133385513
6791 1055 233477945
6792 1111 333563802
6793 1092 433639623
6794 1130 533716091
6795 1111 633826690
6796 1093 733918732
6797 1130 133421070
6798 1092 233512613
6799 944 333597952
6800 1092 433672106
6801 963 533744834
6802 1519 633876654
6803 1167 733990734
6804 1278 133390146
6805 1092 233528226
6806 944 333593602
6807 944 433658534
6808 945 533780743
6809 944 633842601
6810 1093 733923347
6811 1055 133387241
6812 1129 233473358
6813 963 333553308
6814 1111 433623369
6815 944 533692616
6816 982 633756695
6817 963 733822386
6818 1093 133387150
6819 1111 233480545
6820 1315 333554958
6821 1333 433618075
6822 1055 533684229
6823 1074 633746605
6824 1074 733809389
6825 1111 133385282
6826 962 233524566
6827 963 333596386
6828 1111 433661596
6829 981 533741083
6830 981 633803089
6831 1092 733876965
6832 1074 133402451
6833 1092 233503605
6834 1074 333583166
6835 1111 433648857
6836 1074 533718362
6837 1166 633782072
6838 963 733845892
6839 1334 133402637
6840 1278 233512847
6841 1352 333620093
6842 1389 433688099
6843 963 533753049
6844 1148 633872592
6845 1111 733943190
6846 1074 133383491
6847 1074 233476163
6848 1185 333582502
6849 1074 433690397
6850 963 533761106
6851 963 633821705
6852 1112 733884321
6853 1445 133383918
6854 944 233471628
6855 945 333541837
6856 1148 433650213
6857 1111 533758701
6858 1463 633838280
6859 1074 733905749
6860 1111 133384457
6861 963 233523852
6862 1056 333619894
6863 1074 433686956
6864 1075 533795498
6865 1074 633902152
6866 944 733978714
6867 1315 133386681
6868 1148 233474298
6869 1352 333546007
6870 963 433623365
6871 963 533742630
6872 1074 633869135
6873 1111 733974863
6874 1074 133385794
6875 1259 233526966
6876 981 333595157
6877 945 433712181
6878 944 533778391
6879 963 633843433
6880 1463 733972587
6881 1075 133384054
6882 1056 233474708
6883 1259 333553640
6884 1112 433614460
6885 963 533679300
6886 1389 633748453
6887 1074 733820089
6888 1093 133384241
6889 1074 233522840
6890 944 333592105
6891 1277 433756555
6892 1019 533845023
6893 982 633912992
6894 1000 733977646
6895 1129 133387095
6896 1056 233477489
6897 1055 333560551
6898 1055 433627038
6899 1259 533699581
6900 963 633768031
6901 945 733890110
6902 1093 133383670
6903 944 233523917
6904 1112 333611274
6905 1056 433702576
6906 1129 533836027
6907 1112 633909143
6908 1000 733974260
6909 1093 133389431
6910 1111 233498122
6911 944 333588295
6912 945 433665837
6913 1074 533733528
6914 1074 633801312
6915 1148 733867243
6916 1056 133387488
6917 1129 233488161
6918 1074 333598241
6919 926 433686894
6920 962 533750771
6921 945 633814702
6922 1074 733884652
6923 1112 133387008
6924 1333 233474996
6925 1093 333589390
6926 1093 433694322
6927 981 533781717
6928 981 633848704
6929 926 733909654
6930 1296 133383251
6931 1074 233524423
6932 1093 333597392
6933 1075 433680712
6934 1074 533790700
6935 1092 633881002
6936 1055 733948730
6937 1074 133384493
6938 1370 233475129
6939 945 333553282
6940 963 433613029
6941 1074 533750516
6942 1092 633865411
6943 963 733954472
6944 1074 133383476
6945 1074 233469075
6946 1056 333553265
6947 1093 433621808
6948 1111 533690110
6949 1093 633783079
6950 1074 733949974
6951 1056 133402311
6952 1074 233489521
6953 1074 333573082
6954 1611 433638847
6955 1092 533822742
6956 1111 633947414
6957 1148 734047494
6958 1074 133384850
6959 1093 233469448
6960 963 333543546
6961 963 433609034
6962 1166 533672225
6963 1092 633732638
6964 1092 733792477
6965 1074 133385944
6966 963 233475061
6967 1075 333564955
6968 1426 433633443
6969 945 533700948
6970 1222 633763306
6971 1129 733823812
6972 1074 133392520
6973 1055 233485211
6974 963 333603124
6975 1093 433674981
6976 1111 533748320
6977 1111 633824419
6978 1241 733892980
6979 1093 133395910
6980 1074 233496323
6981 1056 333569162
6982 1223 433635890
6983 1111 533705007
6984 1074 633771643
6985 1112 733836407
6986 1519 133448967
6987 1204 233575621
6988 1129 333667979
6989 1093 433795373
6990 1093 533866194
6991 1092 633936774
6992 1111 734001946
6993 1334 133391191
6994 1167 233500623
6995 1074 333612980
6996 945 433713745
6997 944 533784807
6998 963 633857738
6999 1000 733925911
7000 944 133385008
7001 1222 233470939
7002 1129 333556797
7003 1111 433684543
7004 963 533780734
7005 944 633853592
7006 1203 733919894
7007 963 133384417
7008 963 233472256
7009 1315 333563391
7010 1074 433775545
7011 1148 533914680
7012 1093 634007686
7013 1092 734086081
7014 1075 133384140
7015 1074 233470591
7016 963 333565541
7017 1129 433745769
7018 1203 533891997
7019 1074 634018336
7020 1056 734128897
7021 1111 133385142
7022 963 233472833
7023 963 333553394
7024 963 433620122
7025 1148 533684628
7026 1000 633810597
7027 1093 733920602
7028 1074 133384755
7029 925 233475298
7030 1074 333553785
7031 963 433620087
7032 944 533683778
7033 1333 633749580
7034 1092 733815493
7035 1074 133383923
7036 1241 233473262
7037 1055 333551620
7038 1093 433613977
7039 1093 533673742
7040 1074 633742192
7041 1222 733810976
7042 1074 133385221
7043 1111 233481560
7044 944 333553751
7045 963 433622516
7046 944 533688392
7047 963 633753120
7048 925 733872589
7049 1093 133387185
7050 945 233475765
7051 945 333568993
7052 963 433637054
7053 963 533696060
7054 963 633757510
7055 1075 733825923
7056 1314 133379706
7057 1074 233510804
7058 982 333581161
7059 962 433697538
7060 982 533815895
7061 963 633884049
7062 963 733955444
7063 944 133382578
7064 1408 233515972
7065 1149 333631070
7066 1056 433705891
7067 1074 533770582
7068 1093 633833106
7069 1074 733903964
7070 1074 133385746
7071 963 233478029
7072 1296 333636387
7073 1093 433747133
7074 945 533836361
7075 1093 633900552
7076 1074 733970947
7077 1093 133383784
7078 1093 233475660
7079 1074 333551296
7080 1352 433715672
7081 1093 533823474
7082 981 633909054
7083 1093 733977800
7084 1074 133383490
7085 1074 233468440
7086 963 333534223
7087 1075 433658099
7088 1389 533745698
7089 1111 633853574
7090 1111 733941487
7091 1074 133385843
7092 1111 233475090
7093 944 333553429
7094 944 433620268
7095 1093 533682977
7096 1611 633766483
7097 1093 733880544
7098 1074 133384474
7099 945 233472628
7100 944 333552171
7101 944 433623992
7102 963 533691775
7103 981 633758392
7104 1426 733840564
7105 1241 133384902
7106 1093 233473537
7107 1000 333550617
7108 1093 433614882
7109 1074 533678591
7110 963 633740986
7111 1074 733814640
7112 1092 133382700
7113 982 233493835
7114 1037 333656859
7115 1074 433803791
7116 1314 533874186
7117 1055 633936210
7118 1074 733996456
7119 1315 133384720
7120 963 233476337
7121 944 333555139
7122 945 433621459
7123 944 533687706
7124 963 633754397
7125 1074 733818625
7126 1093 133390240
7127 1277 233481061
7128 1130 333558733
7129 944 433620276
7130 981 533680911
7131 945 633865250
7132 963 733928978
7133 1111 133462242
7134 1055 233653155
7135 1223 333752086
7136 1092 433821074
7137 1370 533881450
7138 982 633943492
7139 944 734010091
7140 1055 133383225
7141 1056 233484397
7142 1093 333604051
7143 1074 433727631
7144 1111 533847822
7145 1074 633912864
7146 1074 733985815
7147 1093 133383152
7148 1074 233473695
7149 1093 333566145
7150 1074 433677169
7151 1129 533774194
7152 1111 633848236
7153 1037 733917409
7154 1092 133385858
7155 963 233476993
7156 981 333559721
7157 1111 433644301
7158 1093 533769732
7159 1185 633864090
7160 1130 733933873
7161 1092 133384137
7162 945 233476587
7163 945 333552796
7164 1092 433615321
7165 1148 533711975
7166 1075 633826665
7167 1129 733921801
7168 1074 133386046
7169 1093 233477959
7170 963 333554391
7171 944 433629156
7172 981 533694680
7173 1149 633784500
7174 1093 733912006
7175 1111 133383307
7176 1056 233500812
7177 944 333577096
7178 944 433642250
7179 963 533701163
7180 963 633761817
7181 1074 733846823
7182 1241 133394216
7183 1093 233496166
7184 1075 333575949
7185 1111 433637455
7186 963 533750294
7187 1000 633813170
7188 963 733885769
7189 1111 133384773
7190 1185 233476279
7191 1055 333555840
7192 926 433618420
7193 944 533678407
7194 963 633740524
7195 1074 733807974
7196 1074 133386071
7197 1074 233485928
7198 1333 333567953
7199 981 433632014
7200 944 533741390
7201 981 633808396
7202 963 733868716
7203 1055 133379869
7204 1093 233490967
7205 1074 333570547
7206 1426 433635608
7207 944 533694818
7208 963 633754823
7209 1186 733820699
7210 1055 133384315
7211 1093 233567413
7212 1092 333678697
7213 944 433750425
7214 1222 533812819
7215 963 633923306
7216 944 733984294
7217 1074 133388335
7218 963 233482100
7219 1315 333593846
7220 1093 433699685
7221 981 533767358
7222 1260 633831104
7223 1000 733905480
7224 1055 133385022
7225 982 233477879
7226 963 333555737
7227 1092 433751076
7228 1352 533864489
7229 982 633952328
7230 1056 734024537
7231 1093 133390449
7232 982 233485936
7233 963 333568368
7234 1074 433635985
7235 1481 533767398
7236 1093 633873496
7237 1074 733945891
7238 1074 133385080
7239 963 233472994
7240 1056 333555573
7241 1093 433627616
7242 982 533698140
7243 1074 633835498
7244 1092 733988189
7245 1296 133385156
7246 1259 233478662
7247 1112 333555130
7248 1074 433621414
7249 1092 533686568
7250 1092 633760870
7251 1148 733848005
7252 1074 133387306
7253 1351 233478423
7254 1000 333604428
7255 982 433677471
7256 944 533743088
7257 981 633805353
7258 963 733874822
7259 1056 133382863
7260 1093 233479239
7261 1074 333574319
7262 1000 433642436
7263 1074 533709775
7264 1092 633776151
7265 1222 733845768
7266 1074 133384420
7267 1093 233473981
7268 1074 333566339
7269 1111 433635363
7270 981 533694110
7271 1074 633757115
7272 1093 733820880
7273 1111 133384459
7274 1075 233529501
7275 963 333600174
7276 982 433671883
7277 1111 533795926
7278 981 633864617
7279 1074 733927049
7280 1111 133393775
7281 1111 233557392
7282 1074 333642305
7283 1074 433716533
7284 1074 533793391
7285 1241 633931341
7286 1130 734003587
7287 1074 133384110
7288 1074 233504134
7289 1093 333618214
7290 1074 433705312
7291 1055 533778226
7292 1185 633844620
7293 1093 733915848
7294 963 133382778
7295 1074 233472840
7296 1148 333617345
7297 1111 433746147
7298 1111 533889283
7299 982 633961381
7300 1092 734034887
7301 1092 133384669
7302 1111 233472841
7303 963 333539347
7304 1148 433693816
7305 1111 533817007
7306 1055 633949420
7307 1055 734054907
7308 1277 133386930
7309 1111 233480639
7310 1092 333563497
7311 1075 433627576
7312 1129 533758638
7313 1111 633871866
7314 963 734019390
7315 1055 133397376
7316 1611 233501530
7317 1074 333588906
7318 1129 433660856
7319 1093 533726639
7320 1093 633805515
7321 1074 733969503
7322 1074 133384174
7323 963 233524272
7324 1334 333675481
7325 1074 433773783
7326 1075 533844159
7327 981 633913369
7328 1222 734041486
7329 1074 133386249
7330 1092 233478422
7331 944 333558909
7332 1296 433678026
7333 1074 533741994
7334 981 633807019
7335 1371 733895524
7336 1074 133384547
7337 1074 233531386
7338 1407 333694948
7339 963 433813175
7340 1185 533875737
7341 1000 633937539
7342 945 734107785
7343 1093 133417808
7344 945 233511406
7345 963 333581690
7346 963 433644399
7347 963 533702535
7348 1222 633766244
7349 981 733830713
7350 1130 133391587
7351 1074 233488223
7352 1074 333565562
7353 963 433628716
7354 963 533694870
7355 945 633761486
7356 1500 733867159
7357 1074 133400311
7358 1111 233526132
7359 945 333617915
7360 981 433746884
7361 963 533814464
7362 963 633877192
7363 963 733941142
7364 1111 133417498
7365 1092 233527930
7366 1500 333732528
7367 1093 433882626
7368 945 534004243
7369 963 634065675
7370 963 734181977
7371 1333 133386481
7372 1148 233482894
7373 1092 333570456
7374 1074 433681202
7375 1111 533786726
7376 963 633865065
7377 944 733934627
7378 1074 133387112
7379 1259 233475396
7380 1278 333556383
7381 1074 433629389
7382 1093 533796061
7383 1093 633899604
7384 963 733970313
7385 1093 133384910
7386 1333 233473620
7387 1371 333569125
7388 982 433636594
7389 1093 533700155
7390 1093 633866161
7391 1093 733976574
7392 1074 133385875
7393 944 233476788
7394 945 333553664
7395 1260 433620577
7396 1000 533686676
7397 1093 633752292
7398 1093 733880261
7399 963 133386154
7400 1055 233479568
7401 963 333554962
7402 1074 433669801
7403 1686 533785751
7404 1092 633866628
7405 1056 733934818
7406 1074 133397638
7407 982 233528069
7408 1130 333596260
7409 926 433658229
7410 963 533716642
7411 1056 633779166
7412 1111 733843098
7413 1092 133384251
7414 1074 233478312
7415 1074 333568373
7416 1092 433636083
7417 963 533709033
7418 963 633775001
7419 1111 733842211
7420 1093 133385252
7421 1055 233475962
7422 1056 333565597
7423 1056 433628269
7424 1056 533698275
7425 963 633819577
7426 944 733887120
7427 1129 133380495
7428 1074 233491630
7429 1093 333575339
7430 963 433640401
7431 963 533763017
7432 1056 633842745
7433 1092 733924455
7434 1296 133434496
7435 1630 233591872
7436 1074 333704915
7437 1204 433790569
7438 1352 533925204
7439 1093 633994710
7440 963 734056123
7441 1093 133381646
7442 1352 233475096
7443 1093 333611657
7444 1074 433722459
7445 1055 533815743
7446 963 633891267
7447 945 733960254
7448 1092 133382722
7449 1093 233478820
7450 1222 333557807
7451 1481 433639387
7452 1092 533752041
7453 945 633844176
7454 945 733923552
7455 1056 133387760
7456 926 233532747
7457 963 333654494
7458 1111 433714000
7459 1093 533857135
7460 1074 633971863
7461 1055 734060591
7462 1093 133384410
7463 944 233474768
7464 963 333539458
7465 945 433602575
7466 1203 533665822
7467 1129 633763661
7468 1074 733878963
7469 1093 133384782
7470 1092 233476473
7471 1056 333551867
7472 963 433614725
7473 1074 533681768
7474 1333 633755255
7475 1223 733862816
7476 1092 133387210
7477 926 233480030
7478 963 333557258
7479 1074 433621893
7480 1074 533679695
7481 1093 633744238
7482 1167 733815725
7483 1111 133385193
7484 981 233475569
7485 945 333552537
7486 963 433614747
7487 963 533672697
7488 963 633729888
7489 982 733801912
7490 1129 133388176
7491 1056 233478774
7492 1092 333572095
7493 981 433634841
7494 963 533698050
7495 963 633756686
7496 945 733817006
7497 1185 133395140
7498 1000 233492461
7499 963 333570448
7500 944 433636176
7501 962 533717571
7502 926 633788280
7503 963 733851730
7504 1574 133393031
7505 1407 233575555
7506 944 333669376
7507 963 433739344
7508 945 533805794
7509 963 633871930
7510 963 733931991
7511 963 133384680
7512 1556 233489501
7513 1352 333618562
7514 963 433709142
7515 963 533785222
7516 963 633862228
7517 963 733928956
7518 1074 133381701
7519 1426 233475040
7520 1074 333619045
7521 1297 433786273
7522 963 533877835
7523 981 633954822
7524 963 734030920
7525 945 133387165
7526 1148 233479838
7527 944 333608584
7528 1111 433715090
7529 1352 533863836
7530 1000 633957175
7531 981 734026533
7532 1093 133421685
7533 945 233511450
7534 1112 333744437
7535 1000 433858499
7536 1093 533953208
7537 1759 634086677
7538 944 734179090
7539 1056 133387261
7540 1111 233477137
7541 963 333563569
7542 982 433629815
7543 926 533692376
7544 1092 633843364
7545 1666 733960055
7546 1074 133381522
7547 963 233597250
7548 963 333665015
7549 1093 433736502
7550 963 533804174
7551 1130 633872513
7552 963 733953186
7553 1130 133383875
7554 1130 233478788
7555 1092 333552313
7556 1074 433624300
7557 926 533688565
7558 963 633754478
7559 1092 733824132
7560 1297 133384284
7561 1018 233474957
7562 944 333554370
7563 981 433625246
7564 945 533689918
7565 945 633816998
7566 944 733883708
7567 1111 133382953
7568 1574 233490366
7569 1056 333581149
7570 1111 433652192
7571 1092 533713902
7572 1093 633779259
7573 1074 733840080
7574 1111 133383492
7575 1111 233492886
7576 1130 333567873
7577 1019 433634675
7578 1130 533704070
7579 963 633776354
7580 1092 733840767
7581 1074 133386086
7582 1092 233511555
7583 1167 333616134
7584 1130 433687881
7585 1130 533757479
7586 1074 633822133
7587 1000 733891139
7588 1055 133386940
7589 944 233471186
7590 1074 333611951
7591 1074 433732660
7592 1278 533812129
7593 1129 633882450
7594 1055 733947252
7595 1259 133383923
7596 1185 233530688
7597 945 333608804
7598 1111 433738421
7599 1111 533850186
7600 1260 633940488
7601 1093 734022827
7602 1074 133390850
7603 963 233485374
7604 963 333563713
7605 963 433627608
7606 1129 533769114
7607 1074 633883434
7608 1222 733974125
7609 1130 133384222
7610 963 233475302
7611 944 333553234
7612 963 433615869
7613 982 533680115
7614 1203 633765529
7615 1129 733878053
7616 1074 133428502
7617 1093 233517970
7618 1074 333585846
7619 1092 433650982
7620 982 533713450
7621 963 633776623
7622 1074 733852480
7623 1278 133386466
7624 1074 233477990
7625 963 333555737
7626 944 433622502
7627 963 533683896
7628 1093 633755087
7629 1055 733832445
7630 1055 133386005
7631 1241 233476418
7632 1204 333553849
7633 1056 433621781
7634 1074 533738861
7635 1092 633807793
7636 1074 733878872
7637 1278 133386599
7638 1074 233477975
7639 1222 333556296
7640 1129 433618783
7641 944 533678659
7642 1111 633740868
7643 1074 733802078
7644 1092 133388397
7645 1075 233480865
7646 963 333561538
7647 1241 433625784
7648 963 533740531
7649 963 633807185
7650 945 733922394
7651 1074 133425158
7652 1092 233640312
7653 1092 333727151
7654 1074 433794749
7655 1222 533856384
7656 963 633917464
7657 963 733985285
7658 1074 133383789
7659 1129 233645906
7660 1074 333775245
7661 982 433865213
7662 963 533934182
7663 1241 634011058
7664 982 734076934
7665 1092 133393198
7666 1074 233516907
7667 1130 333700802
7668 1129 435506808
7669 982 535721276
7670 1056 635813319
7671 1203 735889955
7672 1093 133386662
7673 963 233482724
7674 925 333564767
7675 1130 433641920
7676 1333 533754926
7677 982 633847561
7678 1074 733915771
7679 1111 133385220
7680 982 233476040
7681 963 333575620
7682 981 433643015
7683 1167 533719261
7684 1093 633829100
7685 963 733921143
7686 1371 133394647
7687 1055 233491116
7688 1407 333565881
7689 926 433628201
7690 926 533689837
7691 1222 633822583
7692 1333 733952163
7693 1130 133385167
7694 1185 233474710
7695 1018 333553864
7696 945 433625221
7697 963 533688005
7698 963 633749122
7699 1074 733825442
7700 1074 133386150
7701 963 233475563
7702 1296 333555403
7703 1111 433627612
7704 945 533694636
7705 944 633754846
7706 926 733818666
7707 1111 133464689
7708 1074 233564732
7709 925 333638312
7710 1278 433699965
7711 1093 533760341
7712 963 633819347
7713 963 733887149
7714 1092 133383450
7715 1111 233474252
7716 1074 333567035
7717 1093 433694763
7718 1592 533772788
7719 1315 633849238
7720 1074 733914132
7721 1093 133383414
7722 1111 233492994
7723 963 333615296
7724 963 433681691
7725 963 533748752
7726 1537 633814480
7727 1129 733880875
7728 1056 133383323
7729 1111 233496125
7730 1093 333604501
7731 1240 433676026
7732 1074 533741346
7733 982 633805000
7734 1148 733870950
7735 1092 133386103
7736 1055 233528831
7737 1056 333696929
7738 1092 433850435
7739 963 533923903
7740 944 633993354
7741 982 734067822
7742 1111 133384827
7743 1075 233472054
7744 1093 333550560
7745 1259 433717492
7746 1093 533827516
7747 1074 633909096
7748 1426 734008139
7749 1315 133385069
7750 1111 233522519
7751 963 333590136
7752 1092 433649568
7753 1074 533776407
7754 1074 633884727
7755 963 734056955
7756 1074 133385089
7757 1667 233476946
7758 944 333540693
7759 1074 433602773
7760 944 533668112
7761 1130 633882043
7762 1111 734010882
7763 1111 133385016
7764 945 233475429
7765 1333 333554398
7766 981 433677404
7767 944 533737650
7768 963 633799674
7769 1166 733929569
7770 1129 133389777
7771 963 233483967
7772 962 333566844
7773 1130 433633627
7774 1000 533693207
7775 945 633750953
7776 1130 733814329
7777 1074 133384833
7778 1056 233529024
7779 945 333612400
7780 1074 433684888
7781 1574 533751393
7782 1129 633815103
7783 1074 733883423
7784 1092 133384113
7785 1093 233477655
7786 945 333560457
7787 1092 433623815
7788 1074 533687858
7789 1241 633753104
7790 1093 733829813
7791 1111 133385707
7792 1074 233478342
7793 944 333555959
7794 1092 433621039
7795 1297 533679396
7796 1055 633741106
7797 1314 733801371
7798 1093 133382245
7799 1093 233498677
7800 1056 333581349
7801 1074 433649077
7802 1093 533733379
7803 1056 633793996
7804 963 733855372
7805 1093 133384339
7806 1203 233606364
7807 1111 333720184
7808 1074 433807209
7809 944 533873122
7810 1093 633931794
7811 1074 733999578
7812 1203 133384508
7813 1130 233477032
7814 1112 333624389
7815 1056 433738654
7816 1074 533825771
7817 1074 633896536
7818 1074 733964746
7819 963 133384713
7820 1222 233478904
7821 1056 333552039
7822 1297 433741785
7823 1129 533856199
7824 1092 633943723
7825 963 734014191
7826 1277 133436196
7827 1111 233526257
7828 1111 333593800
7829 1092 433654861
7830 1111 533749848
7831 1111 633870261
7832 1092 733959156
7833 1074 133385271
7834 1111 233472999
7835 963 333557671
7836 1204 433628214
7837 982 533692497
7838 1111 633796670
7839 1074 733910564
7840 1055 133385569
7841 944 233474667
7842 963 333552358
7843 1315 433627086
7844 1148 533693073
7845 1111 633753486
7846 1074 733827510
7847 1074 133385941
7848 1093 233478761
7849 982 333564674
7850 1092 433638699
7851 1074 533714741
7852 1277 633803451
7853 1129 733883105
7854 1074 133388313
7855 963 233482689
7856 982 333575268
7857 944 433640330
7858 963 533755187
7859 981 633817897
7860 1277 733895088
7861 1093 133387203
7862 1000 233479375
7863 963 333607363
7864 963 433683831
7865 963 533747244
7866 963 633819139
7867 944 733943682
7868 1093 133447758
7869 1056 233569559
7870 1203 333641972
7871 1092 433704625
7872 1074 533766574
7873 1444 633885190
7874 1111 733958972
7875 1796 133396140
7876 1111 233509663
7877 1111 333604223
7878 1074 433674877
7879 1092 533748124
7880 1000 633812148
7881 1093 733872968
7882 1074 133384547
7883 1407 233490275
7884 1148 333623466
7885 963 433718786
7886 963 533791477
7887 945 633870612
7888 963 733950211
7889 1075 133386122
7890 1092 233537258
7891 1389 333691819
7892 1111 433840177
7893 1129 533935479
7894 962 634005633
7895 963 734069657
7896 1167 133384587
7897 1092 233474241
7898 1074 333539987
7899 1444 433628160
7900 1093 533777517
7901 1111 633881023
7902 1111 733952825
7903 1167 133385662
7904 1093 233474205
7905 1055 333591396
7906 1074 433654531
7907 1203 533719204
7908 1112 633829894
7909 1093 733940437
7910 1074 133385349
7911 944 233474040
7912 1075 333573156
7913 945 433636088
7914 981 533699520
7915 1055 633759174
7916 1112 733918864
7917 1093 133386776
7918 944 233478504
7919 982 333563713
7920 963 433677793
7921 963 533739114
7922 981 633804101
7923 1241 733873106
7924 1056 133382351
7925 1093 233525857
7926 1334 333591770
7927 944 433649665
7928 963 533720837
7929 1093 633796491
7930 1093 733865552
7931 1130 133385186
7932 963 233475303
7933 926 333555234
7934 945 433668314
7935 982 533730486
7936 982 633797381
7937 945 733862794
7938 1315 133386113
7939 963 233477637
7940 963 333560587
7941 944 433623001
7942 945 533683506
7943 963 633747290
7944 963 733817610
7945 1056 133385707
7946 1296 233501472
7947 944 333572478
7948 944 433685613
7949 981 533747304
7950 962 633809347
7951 1056 733873500
7952 1074 133385208
7953 1111 233518436
7954 1241 333630164
7955 1111 434389966
7956 1111 534481435
7957 944 634545052
7958 1111 734613835
7959 1204 133386617
7960 1074 233496789
7961 1352 333644573
7962 1278 433756745
7963 963 533933917
7964 963 633998127
7965 1093 734067077
7966 1074 133382989
7967 1129 233478013
7968 945 333559185
7969 1500 433693987
7970 1278 533805900
7971 962 633892999
7972 981 733960745
7973 1074 133384490
7974 982 233472347
7975 945 333540223
7976 945 433608655
7977 1130 533691068
7978 1333 633802741
7979 944 733891691
7980 1092 133384825
7981 963 233475719
7982 963 333556354
7983 944 433622749
7984 1000 533686421
7985 1111 633767075
7986 1278 733881044
7987 1074 133383733
7988 1129 233474517
7989 1074 333555837
7990 1092 433636880
7991 1092 533700812
7992 1092 633762299
7993 1074 733841582
7994 1074 133388679
7995 982 233482462
7996 944 333554598
7997 963 433633122
7998 944 533749350
7999 944 633813041
8000 981 733874139
8001 1277 133387162
8002 1278 233485019
8003 945 333566969
8004 1130 433630438
8005 1074 533746907
8006 1074 633813949
8007 963 733874733
8008 1204 133386552
8009 1148 233483502
8010 1093 333582267
8011 1074 433644958
8012 1148 533707223
8013 1093 633779969
8014 1093 733841512
8015 1093 133413775
8016 1092 233503559
8017 1185 333569509
8018 1074 433630126
8019 1074 533693909
8020 1092 633757193
8021 1074 733877032
8022 1185 133466851
8023 1074 233584764
8024 1092 333673307
8025 1315 433740627
8026 1111 533816207
8027 1074 633881583
8028 1074 733973181
8029 1463 133385741
8030 1130 233540839
8031 1093 333646993
8032 1093 433740165
8033 1314 533859727
8034 1129 633927677
8035 944 733990794
8036 963 133384872
8037 1000 233487044
8038 1130 333631531
8039 1055 433742815
8040 963 533837413
8041 1185 633911956
8042 963 733982387
8043 1074 133381762
8044 1074 233469805
8045 944 333533903
8046 1111 433605279
8047 1093 533729988
8048 981 633825198
8049 1259 733897315
8050 1055 133383930
8051 963 233473621
8052 1166 333563386
8053 926 433635669
8054 1314 533709953
8055 1130 633837773
8056 1149 733931371
8057 1408 133386264
8058 1074 233477529
8059 944 333555387
8060 963 433614670
8061 926 533722454
8062 1074 633815682
8063 1093 733946169
8064 1259 133384914
8065 1000 233476827
8066 963 333552962
8067 945 433611190
8068 1112 533670788
8069 963 633785850
8070 1055 733872300
8071 1093 133382526
8072 1334 233476550
8073 963 333561593
8074 1407 433631988
8075 963 533745253
8076 1074 633806758
8077 1075 733874634
8078 1074 133388194
8079 1000 233480941
8080 1426 333561076
8081 963 433623933
8082 963 533685606
8083 926 633741186
8084 982 733812617
8085 1111 133383214
8086 963 233482016
8087 944 333560707
8088 1240 433622787
8089 1018 533690274
8090 926 633816705
8091 982 733891859
8092 1129 133389197
8093 1093 233498758
8094 945 333572208
8095 944 433693288
8096 1296 533784257
8097 1111 633861281
8098 1056 733927675
8099 1092 133384254
8100 1111 233494259
8101 1093 333633524
8102 926 433701215
8103 963 533762554
8104 1277 633877264
8105 1352 733942880
8106 1074 133382885
8107 963 233472464
8108 1259 333587137
8109 1296 433692661
8110 1056 533764018
8111 944 633824191
8112 1259 733887882
8113 1074 133383849
8114 1093 233480021
8115 1092 333565564
8116 1185 433678366
8117 1074 533785112
8118 981 633880711
8119 945 733962790
8120 1093 133382776
8121 963 233528856
8122 945 333606176
8123 944 433723145
8124 1130 533852632
8125 1074 634008508
8126 963 734089940
8127 1333 133387074
8128 1111 233478542
8129 963 333559937
8130 945 433618072
8131 945 533678559
8132 1074 633888306
8133 1112 734007348
8134 1074 133384649
8135 1278 233475932
8136 1018 333555790
8137 981 433625203
8138 981 533688005
8139 982 633754177
8140 1111 734006961
8141 1074 133386113
8142 1093 233478026
8143 1371 333555050
8144 1111 433617093
8145 945 533679617
8146 963 633744327
8147 1074 733806314
8148 1074 133384540
8149 1055 233473935
8150 963 333556181
8151 1056 433619798
8152 926 533680933
8153 1111 633746847
8154 1111 733821593
8155 1352 133386153
8156 1074 233476195
8157 1093 333556090
8158 1093 433637355
8159 1111 533702083
8160 1111 633764403
8161 1074 733851242
8162 1111 133386358
8163 962 233501512
8164 926 333569943
8165 1093 433764004
8166 963 533856121
8167 1334 633926460
8168 981 733997392
8169 1074 133383766
8170 1093 233496309
8171 1260 333650296
8172 1093 433716283
8173 1093 533787011
8174 1111 633963739
8175 1037 734041078
8176 1074 133383508
8177 1129 233507755
8178 1074 333615853
8179 1093 433707044
8180 1074 533776457
8181 1093 633839611
8182 1037 733918283
8183 1093 133385806
8184 963 233526478
8185 1407 333628929
8186 1093 433756434
8187 963 533897699
8188 945 633968723
8189 1093 734041544
8190 1314 133382419
8191 1092 233474258
8192 1111 333568541
8193 1055 433781084
8194 1093 533909534
8195 963 633996003
8196 1056 734068360
8197 1463 133384864
8198 1185 233475222
8199 963 333554450
8200 963 433671993
8201 1574 533769017
8202 1092 633928023
8203 1092 734021899
8204 1074 133383718
8205 944 233470909
8206 1259 333556563
8207 963 433630309
8208 982 533698796
8209 1074 633783913
8210 1075 733909900
8211 1111 133384831
8212 963 233473151
8213 944 333539676
8214 1315 433601496
8215 963 533663058
8216 963 633739656
8217 1519 733870180
8218 1074 133385777
8219 1278 233476079
8220 981 333566363
8221 944 433628813
8222 1149 533694485
8223 1000 633764380
8224 1074 733826738
8225 1056 133382853
8226 1203 233473415
8227 1074 333566069
8228 1093 433629463
8229 1093 533690765
8230 1482 633756956
8231 1093 733831499
8232 1055 133383022
8233 1111 233498065
8234 945 333569811
8235 1074 433629428
8236 963 533690730
8237 963 633755624
8238 1203 733819501
8239 1074 137596098
8240 963 237694752
8241 945 337765831
8242 945 437831485
8243 944 537905417
8244 982 637970274
8245 963 738038910
8246 1204 133469432
8247 1092 233601216
8248 944 333696870
8249 944 433824561
8250 963 533891677
8251 963 633952090
8252 1000 734017078
8253 1352 133384786
8254 1093 233490884
8255 1370 333620334
8256 1074 433770655
8257 1056 533841864
8258 1074 633905870
8259 1111 734023413
8260 1075 133385083
8261 1129 233471182
8262 963 333572984
8263 1093 433688767
8264 1093 533847791
8265 944 633916927
8266 944 734058729
8267 1093 133383714
8268 1074 233482350
8269 1278 333615744
8270 981 433682806
8271 1092 533790682
8272 1092 633895873
8273 981 734032749
8274 1056 133380086
8275 981 233529592
8276 963 333610820
8277 1223 433683140
8278 963 533747683
8279 1130 633888522
8280 1074 734047565
8281 1093 133385032
8282 944 233474834
8283 963 333555803
8284 945 433630697
8285 1260 533703147
8286 963 633763227
8287 1111 733871733
8288 1055 133384441
8289 1055 233479780
8290 1056 333561804
8291 1093 433633032
8292 963 533696427
8293 1185 633758414
8294 1222 733882679
8295 1315 133404442
8296 1130 233492392
8297 945 333564879
8298 1074 433628978
8299 945 533689446
8300 963 633763267
8301 1296 733830236
8302 1093 133388795
8303 1463 233485357
8304 1093 333563992
8305 1093 433627812
8306 1129 533700374
8307 1074 633762639
8308 1074 733838441
8309 1111 133382334
8310 963 233474210
8311 963 333600012
8312 1093 433669499
8313 1074 533761264
8314 963 633851825
8315 1093 733924905
8316 1407 133385650
8317 1259 233629119
8318 1074 333721606
8319 981 433793093
8320 926 533864210
8321 944 633927549
8322 944 734050166
8323 1111 133389429
8324 1259 233592731
8325 1112 333703588
8326 1093 433790816
8327 963 533855729
8328 1093 633935309
8329 1074 734000167
8330 1056 133385652
8331 1074 233472343
8332 1518 333604905
8333 1130 433714169
8334 1074 533801490
8335 1092 633867422
8336 1111 733932798
8337 1093 133382246
8338 945 233472696
8339 1092 333541221
8340 1407 433696708
8341 1093 533807750
8342 1093 633899682
8343 1111 734033521
8344 1055 133383285
8345 1074 233470809
8346 1074 333539592
8347 963 433604376
8348 1519 533684585
8349 1074 633845609
8350 1074 733932134
8351 1074 133384416
8352 1056 233474995
8353 945 333553371
8354 926 433612840
8355 944 533671457
8356 1333 633809981
8357 1111 733917783
8358 1093 133383824
8359 1148 233470867
8360 1408 333550502
8361 1074 433612675
8362 945 533671958
8363 981 633735075
8364 1315 733816914
8365 1130 133385066
8366 944 233476887
8367 963 333552837
8368 926 433608935
8369 1092 533668645
8370 1075 633729687
8371 1074 733792193
8372 1130 133388864
8373 981 233480018
8374 945 333554375
8375 1074 433698140
8376 1092 533789128
8377 944 633856430
8378 1074 733917546
8379 1278 133384884
8380 982 233483667
8381 963 333569192
8382 944 433643031
8383 1000 533702629
8384 944 633762283
8385 981 733824659
8386 1185 133445811
8387 1130 233538687
8388 1092 333606582
8389 944 433668162
8390 963 533728519
8391 963 633786395
8392 1056 733845086
8393 1093 133392775
8394 1092 233503485
8395 1241 333590509
8396 1130 433660922
8397 926 533721632
8398 1074 633779600
8399 1037 733843217
8400 1093 133383184
8401 1093 233484838
8402 1111 333607992
8403 1500 433699664
8404 963 533767188
8405 944 633831065
8406 963 733893978
8407 1407 133386723
8408 963 233510358
8409 1074 333598993
8410 1074 433711147
8411 1204 533810597
8412 1092 633884918
8413 1408 733948386
8414 1092 133384576
8415 1129 233478304
8416 1092 333568495
8417 1074 433696945
8418 1093 533823728
8419 1204 633968456
8420 963 734040462
8421 1000 133382077
8422 963 233470879
8423 981 333539459
8424 945 433600168
8425 1055 533674526
8426 1111 633800791
8427 1186 733897685
8428 1074 133385634
8429 1074 233476492
8430 1093 333553034
8431 1093 433617725
8432 945 533680805
8433 1074 633756885
8434 1093 733885798
8435 1111 133390043
8436 945 233477252
8437 1240 333578629
8438 945 433649708
8439 1000 533712899
8440 981 633772572
8441 1370 733855022
8442 1259 133384730
8443 1000 233473106
8444 963 333554204
8445 944 433619562
8446 1444 533684216
8447 1055 633745944
8448 1092 733806968
8449 1093 133383213
8450 1075 233476033
8451 963 333556261
8452 1000 433678286
8453 944 533743199
8454 1093 633818149
8455 1334 733892284
8456 1056 133385770
8457 1371 233474405
8458 1259 333554522
8459 981 433626065
8460 1074 533687774
8461 963 633750891
8462 1056 733810100
8463 1130 133381327
8464 1315 233491277
8465 925 333565524
8466 1074 433629974
8467 982 533688905
8468 963 633753744
8469 963 733818583
8470 1074 133387143
8471 1592 233634649
8472 1111 333755988
8473 981 433826679
8474 1260 533895536
8475 1000 633958264
8476 963 734040677
8477 945 133384996
8478 944 233474484
8479 1093 333599378
8480 1092 433705625
8481 945 533775315
8482 1185 633838747
8483 981 733911494
8484 963 133385405
8485 982 233516355
8486 963 333587120
8487 1112 433752144
8488 1093 533912798
8489 1111 633989508
8490 1129 734060310
8491 1130 133383221
8492 1092 233479394
8493 982 333567010
8494 926 433633053
8495 1112 533764577
8496 1092 633879602
8497 945 733963570
8498 944 133389797
8499 981 233479488
8500 963 333558882
8501 963 433627369
8502 982 533753245
8503 1334 633895047
8504 1112 734034812
8505 1278 133435409
8506 1148 233583248
8507 1074 333661550
8508 945 433786611
8509 981 533862284
8510 963 633982345
8511 1056 734071221
8512 1092 133382948
8513 1130 233471916
8514 963 333537274
8515 1056 433608224
8516 1092 533685082
8517 1074 633758884
8518 1074 733827167
8519 1037 133383949
8520 1074 233473066
8521 1149 333538886
8522 1111 433603318
8523 926 533723194
8524 982 633794255
8525 944 733864206
8526 1074 133384691
8527 1074 233479142
8528 963 333617981
8529 1185 433686505
8530 963 533749640
8531 925 633809850
8532 963 733870966
8533 1055 133384897
8534 1055 233475995
8535 1000 333555093
8536 1166 433622451
8537 1129 533697864
8538 945 633761721
8539 1130 733827338
8540 1056 133413009
8541 1130 233525015
8542 1111 333665687
8543 963 433737656
8544 945 533799828
8545 1222 633862649
8546 1092 733926192
8547 1074 133384955
8548 1074 233524850
8549 1111 333648078
8550 963 433732158
8551 944 533796201
8552 963 633855725
8553 1297 733978508
8554 1075 133384827
8555 1093 233473518
8556 1092 333609617
8557 1092 433725104
8558 1093 533816239
8559 1185 633884208
8560 1111 733950214
8561 1093 133388366
8562 1092 233476002
8563 1093 333565470
8564 1389 433662587
8565 1111 533779000
8566 963 633868524
8567 1074 733938197
8568 1333 133383535
8569 1000 233471781
8570 944 333551472
8571 944 433611848
8572 1056 533735168
8573 1371 633913933
8574 1314 734017273
8575 1315 133385999
8576 1407 233477505
8577 944 333553733
8578 963 433612146
8579 925 533671226
8580 1148 633749083
8581 1074 733860607
8582 944 133432797
8583 944 233520840
8584 1519 333589623
8585 1093 433714684
8586 1018 533815320
8587 963 633884659
8588 1056 734047405
8589 1074 133385039
8590 1093 233476230
8591 1038 333555550
8592 1149 433622778
8593 1093 533683099
8594 963 633744938
8595 944 733803796
8596 944 133435652
8597 945 233525620
8598 944 333593682
8599 1074 433706724
8600 1500 533771378
8601 963 633835347
8602 1074 733898019
8603 1093 133386153
8604 1056 233478733
8605 963 333565165
8606 962 433624745
8607 944 533688269
8608 1074 633749478
8609 1093 733814243
8610 1055 133396007
8611 963 233488531
8612 945 333565092
8613 963 433625209
8614 944 533688252
8615 944 633748665
8616 1167 733805356
8617 1315 133457101
8618 1074 233592810
8619 1074 333695038
8620 944 433769785
8621 1055 533892439
8622 1092 633958963
8623 1093 734023394
8624 1074 133384621
8625 1111 233502275
8626 1093 333622762
8627 1075 433729008
8628 944 533799959
8629 1093 633916112
8630 1074 733980396
8631 1371 133384363
8632 1000 233473350
8633 945 333541578
8634 1074 433655121
8635 1093 533761941
8636 1074 633831299
8637 1092 733896342
8638 1074 133383550
8639 1185 233528944
8640 963 333591524
8641 944 433649956
8642 1074 533762184
8643 1111 633868004
8644 1111 733941510
8645 1093 133383977
8646 1093 233471223
8647 1630 333540414
8648 1111 433600716
8649 1074 533658889
8650 1111 633826765
8651 1111 733931419
8652 1074 133385756
8653 1056 233495836
8654 1055 333570120
8655 1444 433629700
8656 1111 533689594
8657 963 633761008
8658 1166 733891699
8659 1426 133462573
8660 1055 233584135
8661 1130 333667881
8662 1260 433800035
8663 1056 533874004
8664 1111 633941584
8665 1056 734003293
8666 1092 133381854
8667 1093 233523674
8668 1093 333593643
8669 1074 433657149
8670 926 533718803
8671 1260 633791123
8672 1111 733855555
8673 1111 133384226
8674 1093 233475139
8675 963 333565164
8676 944 433626466
8677 963 533697120
8678 982 633760977
8679 1203 733823576
8680 1111 133382636
8681 1055 233478142
8682 1074 333571851
8683 1074 433633653
8684 926 533692622
8685 962 633748202
8686 1056 733807911
8687 1112 133396989
8688 1111 233510199
8689 1093 333601649
8690 1093 433669803
8691 1092 533731346
8692 963 633790296
8693 1074 733851135
8694 1278 133387010
8695 1223 233496256
8696 1148 333604021
8697 1111 433690212
8698 1074 533756070
8699 1074 633818094
8700 963 733889248
8701 1074 133383919
8702 1296 233475166
8703 1056 333594708
8704 1130 433709436
8705 1352 533796072
8706 1092 633860448
8707 981 733925324
8708 1074 133389365
8709 963 233479112
8710 1055 333556099
8711 1074 433741549
8712 1092 533852759
8713 1093 633941153
8714 1259 734008011
8715 1074 133382737
8716 1056 233473928
8717 945 333554267
8718 1056 433619402
8719 1130 533699630
8720 1111 633809025
8721 1092 733901920
8722 963 133384461
8723 1093 233479818
8724 963 333555713
8725 1037 433623848
8726 1074 533696817
8727 1093 633789563
8728 1111 733968847
8729 1074 133384870
8730 1056 233475153
8731 1111 333555974
8732 963 433626942
8733 1056 533757781
8734 1482 633824972
8735 1093 733921626
8736 1074 133384927
8737 962 233526044
8738 1093 333652290
8739 1037 433744648
8740 1074 533818024
8741 1092 633875937
8742 1260 733936905
8743 1074 133383632
8744 1074 233477527
8745 982 333570236
8746 945 433640445
8747 963 533710729
8748 944 633770698
8749 1241 733832907
8750 1074 133393245
8751 963 233534584
8752 1093 333609404
8753 1074 433688410
8754 944 533759731
8755 944 633821792
8756 1074 733884316
8757 1648 133390709
8758 1093 233490363
8759 1240 333570684
8760 1111 433652338
8761 1074 533716954
8762 945 633777682
8763 1074 733841262
8764 1129 133395637
8765 1537 233507439
8766 1204 333650463
8767 1074 433723006
8768 1426 533790234
8769 1074 633906851
8770 1075 733977004
8771 1074 133386750
8772 1166 233487200
8773 1278 333612650
8774 982 433705896
8775 981 533778180
8776 963 633849537
8777 981 733907895
8778 1055 133383307
8779 1055 233470831
8780 1222 333609670
8781 1444 433736787
8782 963 533828404
8783 982 633895224
8784 1092 733959693
8785 1111 133384919
8786 1055 233471444
8787 944 333552079
8788 1334 433706862
8789 1297 533833553
8790 963 633927689
8791 982 734000583
8792 1093 133381718
8793 1111 233476447
8794 982 333567934
8795 1333 433746163
8796 1111 533894688
8797 1259 634026583
8798 1093 734121311
8799 1055 133386429
8800 1093 233475453
8801 1092 333552423
8802 1111 433614188
8803 945 533677009
8804 1537 633762682
8805 1351 733891911
8806 1149 133383472
8807 945 233472367
8808 1074 333538762
8809 944 433649101
8810 982 533708458
8811 1074 633765668
8812 1186 733854599
8813 1074 133386937
8814 1074 233504961
8815 1074 333583097
8816 1186 433651602
8817 963 533714664
8818 963 633783206
8819 945 733846860
8820 1352 133383216
8821 981 233473963
8822 982 333555283
8823 963 433672419
8824 963 533735647
8825 963 633799541
8826 944 733857195
8827 1074 133382959
8828 1222 233500261
8829 1111 333571692
8830 1074 433642568
8831 945 533701222
8832 963 633764598
8833 982 733833474
8834 1185 133381053
8835 1075 233490095
8836 1185 333565564
8837 1111 433680107
8838 1074 533741613
8839 1093 633804933
8840 1055 733922513
8841 1074 133385610
8842 1130 233511541
8843 1074 333617029
8844 1148 433700164
8845 1018 533772392
8846 944 633946046
8847 1000 734024626
8848 1055 133385630
8849 1111 233475839
8850 1185 333607401
8851 1092 433821277
8852 1222 533904394
8853 1074 633971251
8854 1111 734037590
8855 1075 133387594
8856 944 233482452
8857 962 333566199
8858 1093 433755352
8859 1093 533866543
8860 1130 633942623
8861 1426 734011592
8862 1074 133383115
8863 944 233472102
8864 945 333556570
8865 963 433727835
8866 1092 533852286
8867 1074 633960791
8868 1223 734040630
8869 1093 133383005
8870 1055 233525974
8871 1408 333600072
8872 1074 433666356
8873 1426 533779417
8874 1074 633932886
8875 1074 734043262
8876 1111 133388377
8877 1129 233501272
8878 1092 333569037
8879 1093 433629709
8880 945 533695696
8881 981 633758906
8882 1074 733891523
8883 1296 133385490
8884 1074 233472662
8885 1111 333544779
8886 944 433618507
8887 981 533680698
8888 963 633742500
8889 963 733808024
8890 1074 133384658
8891 1240 233475701
8892 1093 333542669
8893 1444 433620342
8894 945 533738588
8895 1000 633802094
8896 926 733864840
8897 1074 133384141
8898 1092 233477795
8899 1370 333555523
8900 1129 433626288
8901 1074 533699460
8902 1186 633777484
8903 1074 733846564
8904 1111 133383828
8905 1241 233474963
8906 1074 333555080
8907 1334 433643752
8908 1074 533714258
8909 981 633792542
8910 944 733862455
8911 1092 133401774
8912 1055 233514280
8913 1074 333598545
8914 1074 433666124
8915 1315 533734278
8916 945 633801432
8917 1149 733866493
8918 1074 133383961
8919 1148 233510300
8920 1093 333624120
8921 963 433711126
8922 1129 533787521
8923 1297 633865952
8924 963 733932921
8925 962 133387685
8926 963 233474598
8927 1186 333631640
8928 1111 433753998
8929 1074 533876615
8930 1667 634285398
8931 1241 734512515
8932 1074 133420890
8933 926 233511118
8934 1000 333585012
8935 1074 433686777
8936 1092 533889524
8937 1389 633979326
8938 1167 734045868
8939 1074 133383002
8940 963 233505341
8941 1408 333583717
8942 981 433650964
8943 1093 533728969
8944 1426 633854716
8945 1074 733947703
8946 1130 133384392
8947 944 233472380
8948 944 333539478
8949 944 433600558
8950 944 533713656
8951 1093 633799365
8952 1074 733911908
8953 1297 133385949
8954 963 233476214
8955 945 333570090
8956 945 433637392
8957 963 533707491
8958 963 633793200
8959 1148 733868984
8960 1074 133386636
8961 1315 233478401
8962 1074 333572684
8963 1056 433640690
8964 1185 533703844
8965 1074 633772850
8966 1093 733843966
8967 1056 133404730
8968 944 233496569
8969 1278 333573093
8970 945 433638784
8971 1075 533698382
8972 982 633782240
8973 1074 733855931
8974 1111 133383769
8975 1055 233472793
8976 1000 333554076
8977 1223 433618989
8978 1111 533679977
8979 963 633793501
8980 1074 733868266
8981 1111 133394622
8982 1093 233488331
8983 1055 333575152
8984 1093 433639435
8985 1519 533702515
8986 1093 633763632
8987 1074 733830230
8988 1092 133400198
8989 1167 233543388
8990 1055 333638913
8991 1074 433709900
8992 1130 533777461
8993 1167 633855133
8994 1092 733922121
8995 1074 133384051
8996 1222 233504057
8997 1074 333952062
8998 1278 434045772
8999 944 534121648
9000 963 634244135
9001 1297 734314844
9002 963 133383145
9003 963 233570503
9004 1389 333663156
9005 1074 433779218
9006 1129 533896020
9007 963 633970951
9008 944 734034124
9009 1112 133387109
9010 962 233481949
9011 945 333586769
9012 962 433655516
9013 1074 533822466
9014 1093 633925823
9015 963 733997977
9016 1278 133385907
9017 1129 233486191
9018 981 333621530
9019 944 433689721
9020 1074 533755078
9021 1074 633866751
9022 1074 733989090
9023 1074 133383131
9024 1314 233473804
9025 1111 333557346
9026 963 433649685
9027 963 533714265
9028 945 633773715
9029 1074 733884314
9030 1074 133384707
9031 963 233480490
9032 1112 333558866
9033 982 433619057
9034 944 533693415
9035 981 633801458
9036 945 733862889
9037 1056 133385634
9038 1074 233475251
9039 963 333556164
9040 1611 433623596
9041 982 533687935
9042 945 633748533
9043 1092 733814132
9044 1092 133383266
9045 962 233474420
9046 1093 333555703
9047 1093 433626153
9048 1278 533699677
9049 982 633767294
9050 1056 733879818
9051 1056 133386545
9052 1056 233476421
9053 982 333554260
9054 963 433618414
9055 963 533682772
9056 1148 633748555
9057 981 733817913
9058 1111 133383584
9059 1056 233503515
9060 1204 333590984
9061 1111 433661138
9062 1074 533727292
9063 1055 633793020
9064 1148 733861396
9065 1093 133384770
9066 1074 233492239
9067 1074 333600504
9068 1111 433689454
9069 1074 533757590
9070 1296 633823725
9071 1056 733887508
9072 945 133433568
9073 981 233524630
9074 1149 333613209
9075 1112 433725474
9076 1074 533816036
9077 963 633886615
9078 1055 733951103
9079 1278 133385922
9080 1037 233599946
9081 944 333687767
9082 1185 433881865
9083 1074 533992760
9084 1092 634081062
9085 1111 734157845
9086 1074 133383090
9087 1129 233470559
9088 944 333590176
9089 1111 433670811
9090 1129 533858891
9091 1056 633970878
9092 1148 734117810
9093 1075 133386869
9094 1111 233476931
9095 1148 333580844
9096 1112 433647664
9097 963 533709133
9098 1130 633849805
9099 1130 733964052
9100 1056 133387130
9101 963 233476099
9102 944 333551068
9103 1352 433633055
9104 981 533697079
9105 1074 633758770
9106 1056 733851831
9107 1092 133387632
9108 1093 233475915
9109 944 333560662
9110 945 433621741
9111 1223 533687617
9112 963 633764623
9113 1093 733834573
9114 1074 133384337
9115 1334 233476620
9116 945 333553237
9117 982 433616909
9118 944 533680804
9119 1129 633747662
9120 1018 733864612
9121 1241 133386171
9122 925 233476511
9123 982 333559442
9124 944 433622522
9125 944 533686454
9126 982 633747848
9127 1352 733814076
9128 1092 133397414
9129 1092 233497864
9130 963 333578518
9131 944 433639301
9132 963 533700010
9133 944 633761220
9134 963 733825503
9135 1148 133390915
9136 1056 233504198
9137 1093 333593241
9138 1092 433657932
9139 1074 533717530
9140 1074 633782610
9141 1296 733914727
9142 1333 133383842
9143 1167 233492329
9144 1055 333598372
9145 944 433693026
9146 1093 533763179
9147 945 633828259
9148 1092 733897228
9149 1092 133386047
9150 1315 233477071
9151 1111 333570836
9152 1092 433676601
9153 981 533769218
9154 945 633836371
9155 981 733914859
9156 1074 133385715
9157 1185 233471720
9158 1148 333540263
9159 1240 433666732
9160 1111 533789312
9161 963 633880299
9162 945 733951545
9163 1111 133385401
9164 1315 233476592
9165 963 333555487
9166 1352 433618289
9167 1112 533699146
9168 1093 633811041
9169 982 733913028
9170 1093 133387088
9171 945 233485686
9172 1075 333568525
9173 963 433681198
9174 1204 533745092
9175 1130 633824061
9176 1112 733953659
9177 1093 133392386
9178 982 233482410
9179 963 333561083
9180 944 433626774
9181 926 533688168
9182 1370 633806563
9183 1092 733951976
9184 1055 133385851
9185 945 233473041
9186 1055 333553529
9187 944 433627627
9188 945 533691021
9189 1297 633756101
9190 1482 733870940
9191 1074 133385037
9192 1093 233474487
9193 1074 333553604
9194 963 433634591
9195 945 533696282
9196 982 633763584
9197 963 733828757
9198 1111 133384872
9199 944 233472415
9200 944 333540143
9201 944 433607093
9202 963 533675024
9203 1111 633742456
9204 1092 733810314
9205 1537 133383818
9206 1092 233490120
9207 981 333565070
9208 963 433630076
9209 944 533690637
9210 963 633752328
9211 1129 733812519
9212 1056 133386097
9213 1352 233502251
9214 1111 333611701
9215 944 433682966
9216 1093 533925805
9217 1056 634014162
9218 963 734080298
9219 1074 133383598
9220 963 233470696
9221 1314 333651147
9222 1074 433811893
9223 982 533884065
9224 963 633950793
9225 1185 734018521
9226 945 133385340
9227 1000 233471420
9228 945 333539555
9229 1574 433661820
9230 1074 533765770
9231 982 633837757
9232 1259 733901615
9233 1074 133384508
9234 963 233472477
9235 1130 333574445
9236 1074 433642729
9237 1333 533845216
9238 1111 633951111
9239 1000 734024005
9240 1111 133383083
9241 963 233469830
9242 944 333561743
9243 944 433628545
9244 945 533695106
9245 1426 633897612
9246 1093 734014562
9247 1074 133386196
9248 963 233475627
9249 1093 333582744
9250 1093 433656046
9251 1074 533719774
9252 1074 633778187
9253 1685 733912378
9254 1259 133387605
9255 963 233475425
9256 981 333555320
9257 963 433624103
9258 1074 533686683
9259 1055 633772337
9260 963 733917194
9261 1092 133374958
9262 963 233452297
9263 944 333509895
9264 944 433565364
9265 944 533610981
9266 1074 633676338
9267 1093 733895010
9268 1426 133387422
9269 982 233476983
9270 963 333560582
9271 1093 433627828
9272 1093 533698574
9273 944 633765599
9274 1111 733833771
9275 1092 133386220
9276 1333 233475670
9277 1000 333567083
9278 945 433629292
9279 1074 533691224
9280 1074 633749711
9281 1074 733815458
9282 1111 133389129
9283 1074 233501486
9284 1297 333589510
9285 1093 433652127
9286 1111 533715151
9287 1055 633779250
9288 1130 733846218
9289 1407 133385167
9290 1297 233512413
9291 1111 333617771
9292 1222 433706240
9293 963 533772153
9294 1111 633848418
9295 1111 733910738
9296 1074 133382854
9297 1000 233470452
9298 1111 333606754
9299 1075 433722259
9300 1389 533809524
9301 1093 633874493
9302 1056 733932758
9303 1074 133384207
9304 963 233473009
9305 1093 333541125
9306 1408 433638816
9307 1148 533771711
9308 1667 633860698
9309 1055 733927815
9310 1056 133383189
9311 1130 233474436
9312 1074 333567664
9313 1074 433633558
9314 1166 533784305
9315 1093 633927792
9316 1130 734020964
9317 1092 133384339
9318 963 233471604
9319 944 333555332
9320 1093 433624763
9321 944 533688269
9322 1111 633842034
9323 1111 733950632
9324 1093 133385951
9325 963 233475087
9326 963 333606611
9327 926 433673024
9328 963 533739696
9329 963 633798184
9330 1167 733920078
9331 1278 133387045
9332 1018 233477644
9333 982 333556390
9334 963 433621803
9335 963 533685865
9336 963 633746907
9337 963 733807524
9338 1055 133384510
9339 1185 233474071
9340 1093 333563799
9341 1111 433682379
9342 1074 533745996
9343 1074 633813650
9344 1074 733885952
9345 1055 133385234
9346 982 233473591
9347 1093 333553893
9348 1352 433625825
9349 963 533689682
9350 944 633752522
9351 1092 733883009
9352 1129 133391902
9353 963 233486574
9354 944 333564710
9355 1074 433634289
9356 944 533702221
9357 944 633766653
9358 926 733827399
9359 1037 133443014
9360 1445 233594038
9361 944 333686063
9362 1092 433761254
9363 1185 533823759
9364 982 633887283
9365 1092 733957697
9366 1056 133383330
9367 1130 233514206
9368 1074 333644083
9369 963 433737273
9370 963 533814261
9371 1111 633881896
9372 982 733943383
9373 1056 133386276
9374 944 233474634
9375 1315 333576213
9376 1296 433724719
9377 963 533819058
9378 945 633890786
9379 1315 733956310
9380 1074 133382222
9381 1148 233469024
9382 1241 333539844
9383 1075 433638220
9384 1074 533756541
9385 1093 633862880
9386 1074 733935552
9387 1074 133383001
9388 945 233468414
9389 1074 333565161
9390 981 433641426
9391 981 533710135
9392 1111 633818252
9393 1056 733926350
9394 1296 133383095
9395 1111 233472860
9396 1278 333542051
9397 963 433611538
9398 963 533680173
9399 963 633741957
9400 1185 733906277
9401 1056 133383670
9402 1278 233471491
9403 1093 333551867
9404 1111 433628539
9405 1112 533733915
9406 1111 633804829
9407 1111 733875464
9408 1074 133385783
9409 945 233472640
9410 1222 333555146
9411 1000 433620818
9412 963 533683713
9413 963 633755756
9414 1056 733822261
9415 982 133384469
9416 963 233475938
9417 945 333578925
9418 1111 433641820
9419 1000 533703566
9420 1000 633855683
9421 1074 733926763
9422 1074 133384952
9423 944 233474347
9424 1092 333553612
9425 1074 433617710
9426 1296 533764512
9427 1000 633865629
9428 1111 733944042
9429 1130 133399157
9430 1074 233515144
9431 1092 333587502
9432 1074 433654174
9433 944 533715717
9434 1148 633778093
9435 1093 733842728
9436 1093 133383750
9437 1482 233543237
9438 1092 333653076
9439 1074 433741618
9440 1074 533808549
9441 982 633873906
9442 1500 733938319
9443 1278 133386117
9444 1315 233528789
9445 1130 333623461
9446 1093 433733077
9447 945 533820101
9448 963 633887940
9449 982 733957631
9450 1111 133386691
9451 944 233472271
9452 945 333538443
9453 1074 433689338
9454 1075 533799880
9455 926 633887868
9456 1130 733957003
9457 1296 133383526
9458 1130 233471550
9459 1130 333552222
9460 963 433620876
9461 1075 533753474
9462 1074 633868610
9463 1092 733962153
9464 1111 133391972
9465 1222 233481403
9466 1148 333573835
9467 1074 433646415
9468 944 533714180
9469 1092 633793056
9470 1093 733906172
9471 1056 133438917
9472 1074 233527627
9473 1129 333594781
9474 1000 433658546
9475 1111 533720422
9476 963 633779557
9477 1297 733920803
9478 981 133385419
9479 963 233473128
9480 982 333540467
9481 1241 433604954
9482 1129 533667664
9483 1093 633729762
9484 963 733791638
9485 1092 133434939
9486 1074 233524666
9487 1111 333654209
9488 1111 433730733
9489 1352 533798591
9490 1000 633861634
9491 1092 733977010
9492 1074 133385310
9493 1055 233479038
9494 944 333568118
9495 963 433690938
9496 963 533759629
9497 1130 633826523
9498 1000 733889955
9499 1092 133397033
9500 1111 233707390
9501 963 333808340
9502 963 433873679
9503 945 533936962
9504 1074 634004431
9505 1296 734074344
9506 1056 133448255
9507 1055 233569576
9508 945 333728507
9509 944 433792902
9510 944 533855204
9511 963 633918913
9512 963 733978585
9513 1092 133384941
9514 1092 233525391
9515 1129 333631730
9516 1000 433722495
9517 944 533793167
9518 1111 633875413
9519 1112 733952548
9520 1352 133386923
9521 1148 233484503
9522 1075 333586545
9523 1092 433758292
9524 963 533909149
9525 982 633983155
9526 963 734048735
9527 1074 133384998
9528 1204 233472633
9529 1000 333554732
9530 1241 433691626
9531 1074 533827984
9532 945 633924026
9533 945 733991217
9534 1093 133383036
9535 1074 233471264
9536 1259 333552881
9537 981 433669850
9538 1074 533766929
9539 1074 633885268
9540 982 733981218
9541 1056 133382741
9542 1000 233525284
9543 1093 333610919
9544 1148 433676832
9545 963 533736578
9546 1407 633815029
9547 1129 733944942
9548 1074 133386761
9549 945 233475803
9550 945 333599679
9551 945 433656870
9552 1222 533718728
9553 944 633778752
9554 1130 733870535
9555 1093 133384947
9556 1074 233477138
9557 1407 333559625
9558 982 433637371
9559 963 533762914
9560 1167 633832679
9561 982 733902851
9562 1093 133387596
9563 1056 233480065
9564 963 333618719
9565 1074 433692854
9566 1148 533778156
9567 1037 633840014
9568 1167 733900686
9569 1093 133403616
9570 1111 233496307
9571 963 333569313
9572 944 433629189
9573 963 533693343
9574 944 633873719
9575 1074 733954021
9576 1111 133380932
9577 1111 233485086
9578 963 333626110
9579 1074 433698579
9580 1092 533759585
9581 963 633817998
9582 1055 733885911
9583 1166 133385119
9584 1093 233565976
9585 1092 333673334
9586 982 433798617
9587 963 533877623
9588 945 633940684
9589 963 734002819
9590 1093 133388768
9591 1278 233474792
9592 1092 333598039
9593 1074 433705081
9594 963 533783254
9595 963 633846982
9596 1074 733914728
9597 1111 133385973
9598 1074 233476071
9599 1278 333599984
9600 1130 433723934
9601 1056 533833625
9602 963 633907650
9603 1112 733978377
9604 1092 133386197
9605 963 233476888
9606 963 333565467
9607 1482 433690084
9608 1074 533880146
9609 1074 634035244
9610 1093 734126657
9611 1056 133434106
9612 1055 233524538
9613 945 333647747
9614 926 433711457
9615 1148 533770500
9616 1129 633849265
9617 1074 733965956
9618 1371 133386256
9619 1074 233481114
9620 963 333565305
9621 945 433633292
9622 926 533696668
9623 1241 633759581
9624 1222 733893550
9625 1074 133386555
9626 945 233475560
9627 1074 333597622
9628 963 433742146
9629 944 533805226
9630 1407 633873084
9631 1278 733952219
9632 1056 133387538
9633 1038 233481636
9634 1351 333556087
9635 1055 433623815
9636 1075 533804505
9637 963 633896752
9638 944 733969869
9639 1074 133386355
9640 963 233475934
9641 982 333573014
9642 963 433643964
9643 1093 533715822
9644 944 633840476
9645 1019 733909963
9646 1667 133386430
9647 982 233473806
9648 982 333555071
9649 963 433620614
9650 982 533684305
9651 1111 633749626
9652 1055 733816039
9653 1074 133421339
9654 1315 233537271
9655 1075 333626480
9656 1074 433700208
9657 944 533762159
9658 944 633823794
9659 1075 733883151
9660 1074 133389804
9661 1389 233524273
9662 1259 333637797
9663 963 433726747
9664 944 533799142
9665 963 633873055
9666 1408 733942820
9667 1093 133386454
9668 1407 233477738
9669 1259 333624670
9670 1333 433756898
9671 1111 533868181
9672 1092 633937854
9673 963 734059804
9674 1352 133383364
9675 1092 233470518
9676 1074 333540190
9677 1148 433677326
9678 1314 533787665
9679 981 633878356
9680 963 733949528
9681 963 133382588
9682 945 233470038
9683 1000 333541211
9684 945 433655568
9685 1111 533735685
9686 1278 633849765
9687 945 733944178
9688 1074 133384275
9689 1074 233471392
9690 1093 333567805
9691 1074 433638015
9692 945 533705631
9693 1259 633840082
9694 1352 733953087
9695 1056 133386517
9696 944 233475116
9697 944 333562992
9698 963 433684201
9699 981 533748207
9700 963 633806750
9701 1111 733886329
9702 1092 133385871
9703 1130 233475339
9704 1093 333556308
9705 944 433620740
9706 1111 533686097
9707 981 633751677
9708 1074 733813183
9709 1278 133382779
9710 1111 233471656
9711 1056 333553661
9712 944 433682093
9713 1389 533747617
9714 1111 633821012
9715 981 733889777
9716 1092 133383522
9717 1204 233472527
9718 1074 333552607
9719 1093 433618224
9720 1111 533686933
9721 1111 633810569
9722 1055 733880686
9723 1074 133394690
9724 1000 233491344
9725 1148 333583072
9726 963 433652207
9727 944 533716324
9728 1111 633781274
9729 1111 733849706
9730 1166 133405340
9731 1222 233569123
9732 1148 333698666
9733 1259 433764672
9734 981 533823733
9735 981 633885276
9736 945 734007633
9737 1092 133386286
9738 945 233474254
9739 1093 333583149
9740 1074 433691025
9741 1129 533799957
9742 1000 633869129
9743 963 733940339
9744 1074 133384769
9745 1074 233472367
9746 1074 333556373
9747 1074 433662879
9748 1056 533771440
9749 1222 633844094
9750 1130 733912507
9751 1093 133385030
9752 982 233472091
9753 945 333541819
9754 944 433664066
9755 1203 533828257
9756 1092 633933096
9757 1481 734027509
9758 1056 133384513
9759 1093 233472445
9760 1111 333560562
9761 1055 433635253
9762 1056 533758314
9763 1111 633936598
9764 1074 734042344
9765 1111 133387682
9766 945 233471428
9767 944 333540360
9768 963 433605329
9769 963 533728371
9770 963 633794414
9771 1129 733922846
9772 1352 133392276
9773 1130 233505374
9774 1074 333577899
9775 963 433653238
9776 1074 533714836
9777 1074 633777971
9778 1056 733834051
9779 1092 133388537
9780 1037 233474968
9781 1315 333567807
9782 963 433641980
9783 963 533709374
9784 926 633775528
9785 1148 733842682
9786 1092 133384909
9787 1093 233474581
9788 1666 333540550
9789 963 433611426
9790 981 533671876
9791 944 633730641
9792 963 733787461
9793 1074 133383799
9794 962 233471009
9795 1111 333565014
9796 1130 433634001
9797 1056 533699692
9798 925 633760680
9799 1093 733820444
9800 1259 133379893
9801 1166 233491288
9802 1111 333577608
9803 1074 433640910
9804 1222 533707083
9805 1000 633774811
9806 1074 733843631
9807 1056 133386617
9808 1111 233625660
9809 1055 333735277
9810 1093 433862745
9811 1074 533938214
9812 1334 634002238
9813 1111 734078151
9814 1074 133384693
9815 963 233472847
9816 1093 333587463
9817 1093 433701802
9818 1074 533818493
9819 1056 633889536
9820 1148 733954709
9821 1074 133384583
9822 944 233469978
9823 926 333538817
9824 1388 433622823
9825 1074 533786736
9826 1129 633878149
9827 1445 733952543
9828 1074 133384733
9829 1074 233472683
9830 1389 333539985
9831 981 433602639
9832 1130 533684274
9833 1074 633821780
9834 1204 733914730
9835 1278 133385401
9836 982 233569814
9837 963 333636357
9838 1074 433771400
9839 1055 533853924
9840 1612 633977855
9841 1111 734094898
9842 944 133385458
9843 1204 233474093
9844 981 333563525
9845 1074 433634994
9846 1092 533713407
9847 1000 633814931
9848 1092 733922474
9849 1093 133389200
9850 1240 233479336
9851 1407 333566823
9852 1000 433635551
9853 963 533697353
9854 944 633760729
9855 963 733822605
9856 1074 133383961
9857 963 233475078
9858 1093 333556973
9859 1074 433643331
9860 963 533702244
9861 963 633760750
9862 944 733818867
9863 1093 133384724
9864 944 233473582
9865 1075 333567865
9866 963 433630057
9867 1223 533699451
9868 982 633763772
9869 1093 733825352
9870 1092 133390376
9871 1074 233487548
9872 1148 333566517
9873 1074 433630042
9874 963 533693196
9875 1296 633753609
9876 1111 733810522
9877 1092 133447990
9878 1074 233585088
9879 1092 333680779
9880 1093 433759673
9881 945 533839512
9882 945 633955851
9883 1574 734027783
9884 1111 133384324
9885 1149 233484163
9886 1092 333595410
9887 1074 433690193
9888 963 533759125
9889 945 633822038
9890 1074 733879377
9891 1222 133386474
9892 1296 233478054
9893 1056 333630541
9894 1093 433753806
9895 963 533847182
9896 944 633966188
9897 963 734079508
9898 1333 133383994
9899 981 233474352
9900 944 333554376
9901 1093 433637307
9902 1093 533768424
9903 944 633859708
9904 1000 733928547
9905 1074 133386181
9906 1093 233475297
9907 1093 333568488
9908 963 433637494
9909 1186 533729592
9910 1371 633878283
9911 1389 733973789
9912 1055 133384164
9913 981 233475392
9914 1259 333555805
9915 1000 433620940
9916 1093 533691020
9917 1259 633806304
9918 1185 733931643
9919 1074 133385352
9920 1277 233775506
9921 981 333937771
9922 1185 434020647
9923 1130 534090708
9924 963 634205862
9925 1297 734274627
9926 1055 133383873
9927 1074 233472897
9928 1074 333557995
9929 944 433628872
9930 1240 533693489
9931 1111 633762439
9932 1056 733834611
9933 1129 133384394
9934 1240 233473011
9935 1074 333555017
9936 944 433625504
9937 945 533687491
9938 1315 633754904
9939 963 733816725
9940 1111 133384637
9941 944 233476013
9942 981 333568445
9943 963 433633839
9944 1056 533695808
9945 944 633758740
9946 1278 733825301
9947 1093 133383046
9948 1074 233488274
9949 981 333583002
9950 963 433654248
9951 963 533720569
9952 963 633784223
9953 1112 733912765
9954 1055 133385770
9955 1204 233634516
9956 1074 333805337
9957 1111 433939120
9958 945 534006774
9959 962 634122910
9960 945 734242137
9961 1611 133385475
9962 981 233475407
9963 1129 333612709
9964 1093 433726066
9965 1092 533822702
9966 1056 633894744
9967 1074 734009769
9968 1092 133384477
9969 1112 233470723
9970 1092 333540637
9971 1093 433623661
9972 1056 533737296
9973 945 633825876
9974 944 733896216
9975 1074 133385980
9976 1129 233475782
9977 1111 333621639
9978 1092 433748590
9979 1074 533834373
9980 1093 633940786
9981 1074 734107478
9982 945 133383019
9983 963 233521303
9984 944 333593420
9985 1130 433654740
9986 1129 533717802
9987 1111 633801697
9988 1093 733916665
9989 1074 133387374
9990 944 233481806
9991 926 333564571
9992 945 433627743
9993 1241 533692397
9994 981 633758107
9995 1056 733840575
9996 1074 133386580
9997 944 233478253
9998 1056 333564647
9999 1296 433646616
10000 1093 533709566
10001 1333 633783998
10002 1093 733848966
10003 963 133384915
10004 963 233474051
10005 944 333600279
10006 963 433666303
10007 1093 533731290
10008 1074 633797740
10009 1240 733856413
10010 1093 133385417
10011 945 233474904
10012 1092 333575114
10013 1074 433641268
10014 1056 533703551
10015 981 633774131
10016 1093 733844766
10017 1129 133391382
10018 963 233484406
10019 1111 333565282
10020 1074 433631195
10021 1167 533698553
10022 1074 633760614
10023 963 733825620
10024 1389 133463198
10025 1074 233639389
10026 1111 333784691
10027 945 433857271
10028 945 533918869
10029 1260 633987560
10030 963 734061770
10031 1074 133386274
10032 1277 233487484
10033 1093 333593489
10034 963 433688088
10035 1259 533759538
10036 1018 633839192
10037 981 733907642
10038 1148 133382350
10039 1074 233471097
10040 1796 333565158
10041 1222 433677034
10042 1112 533860854
10043 1092 633946064
10044 1223 734061921
10045 1111 133405444
10046 1056 233494024
10047 944 333574308
10048 1370 433654869
10049 1129 533822301
10050 944 633928066
10051 963 734015757
10052 1056 133481835
10053 945 233573433
10054 1037 333701365
10055 963 433772722
10056 1574 535964450
10057 1074 636137475
10058 1130 736233832
10059 1093 133387225
10060 945 233479434
10061 1092 333567070
10062 1056 433631890
10063 963 533694563
10064 1500 633851476
10065 1148 733982833
10066 1074 133385486
10067 926 233473639
10068 1241 333605330
10069 963 433673521
10070 926 533736675
10071 963 633805958
10072 1611 733889112
10073 981 133386524
10074 963 233561104
10075 1074 333690054
10076 945 433759726
10077 945 533822935
10078 944 633883775
10079 1111 733946151
10080 1056 133386025
10081 1055 233477290
10082 1092 333564555
10083 1074 433634542
10084 1092 533696159
10085 1093 633755775
10086 1074 733815077
10087 1482 133385803
10088 1111 233474976
10089 1074 333570852
10090 1074 433646135
10091 945 533712159
10092 944 633773795
10093 944 733833819
10094 1352 133384563
10095 1315 233496810
10096 1074 333570278
10097 963 433636414
10098 926 533695678
10099 1075 633758017
10100 1074 733827949
10101 1056 133384823
10102 1093 233494940
10103 1370 333602205
10104 963 433675711
10105 1000 533738087
10106 944 633800981
10107 963 733866616
10108 1093 133383046
10109 945 233470922
10110 1074 333612910
10111 1371 433725730
10112 1074 533808551
10113 1130 633874112
10114 1092 733941266
10115 1093 133384159
10116 1093 233469183
10117 1092 333537393
10118 1111 433668158
10119 1333 533773812
10120 1112 633853002
10121 1093 733924934
10122 1074 133385253
10123 963 233475240
10124 1111 333563431
10125 1333 433650882
10126 1111 533789128
10127 1278 633898874
10128 1093 733974565
10129 1352 133384847
10130 963 233478501
10131 1000 333568544
10132 962 433638717
10133 963 533757241
10134 1204 633897691
10135 1334 734042011
10136 1074 133387627
10137 1000 233475244
10138 1074 333550435
10139 1407 433609737
10140 945 533667557
10141 982 633733507
10142 1130 733816476
10143 1056 133385369
10144 962 233473709
10145 945 333538103
10146 963 433600683
10147 944 533658689
10148 982 633724009
10149 1074 733786830
10150 1259 133384575
10151 982 233472395
10152 1111 333541827
10153 1093 433605481
10154 1074 533667246
10155 982 633731307
10156 1056 733792498
10157 1130 133383132
10158 1352 233473286
10159 1074 333561199
10160 1351 433632798
10161 1074 533696526
10162 1093 633756624
10163 1093 733818148
10164 1111 133384060
10165 1093 233476047
10166 1148 333556368
10167 1296 433626207
10168 963 533696212
10169 926 633757866
10170 963 733820131
10171 1167 133381895
10172 1092 233496753
10173 1018 333581555
10174 1259 433657542
10175 1000 533725122
10176 1074 633787627
10177 1111 733860744
10178 1074 133386341
10179 1093 233923180
10180 1092 334033612
10181 1093 434172858
10182 1315 534273679
10183 981 634342796
10184 1074 734406875
10185 1129 133385065
10186 963 233473811
10187 1093 333649817
10188 1463 433770693
10189 1092 533858162
10190 1222 633925112
10191 963 734065581
10192 1111 133386159
10193 1074 233529406
10194 1092 333600782
10195 1149 433755898
10196 1093 533874182
10197 1093 633962206
10198 1185 734034471
10199 1074 133385420
10200 1093 233473666
10201 981 333555080
10202 963 433620363
10203 1148 533712443
10204 1055 633970097
10205 1111 734063121
10206 1092 133383570
10207 1074 233472057
10208 1093 333593766
10209 1074 433665272
10210 1074 533784185
10211 1056 633880950
10212 1092 733992882
10213 1611 133385738
10214 1129 233473522
10215 1203 333561935
10216 944 433647774
10217 963 533775872
10218 1093 633840174
10219 1148 733969513
10220 1056 133394443
10221 1241 233487708
10222 963 333564992
10223 945 433630960
10224 1092 533694744
10225 1074 633762861
10226 1130 733825366
10227 1074 133387019
10228 963 233474821
10229 1277 333571012
10230 982 433649739
10231 963 533735171
10232 944 633912992
10233 963 733982127
10234 1093 133384890
10235 963 233472748
10236 1074 333542939
10237 1148 433609426
10238 1111 533690543
10239 963 633920900
10240 963 734092128
10241 1074 133397021
10242 963 233490342
10243 981 333568255
10244 963 433634612
10245 1296 533697692
10246 1000 633766809
10247 963 733835741
10248 1148 133398430
10249 1093 233532213
10250 963 333687052
10251 1093 433764632
10252 945 533831619
10253 1166 633899681
10254 963 733959001
10255 1074 133382746
10256 1074 233503807
10257 1130 333763424
10258 1111 433858967
10259 1055 533925306
10260 1074 633987515
10261 1130 734048095
10262 1074 133386951
10263 945 233474623
10264 1241 333584592
10265 1112 433702875
10266 1093 533807733
10267 1093 633924683
10268 1074 734002244
10269 1129 133385860
10270 963 233473310
10271 981 333555964
10272 945 433631395
10273 1074 533740271
10274 1093 633846888
10275 981 733926505
10276 1296 133385139
10277 1111 233472126
10278 1074 333538983
10279 963 433606563
10280 944 533668884
10281 1093 633773500
10282 1092 733878099
10283 963 133383880
10284 1185 233471497
10285 1000 333539910
10286 963 433601786
10287 981 533667644
10288 945 633726649
10289 1111 733838692
10290 1056 133383492
10291 1259 233470628
10292 1351 333537393
10293 982 433600972
10294 1074 533664552
10295 963 633732206
10296 1093 733795415
10297 1093 133384419
10298 1037 233476073
10299 944 333557820
10300 1222 433642399
10301 1093 533708127
10302 944 633768744
10303 1055 733831120
10304 1111 133382050
10305 1241 233492574
10306 1092 333569617
10307 982 433635974
10308 982 533708813
10309 1074 633835060
10310 963 733910325
10311 1074 133385755
10312 963 233536242
10313 945 333619118
10314 945 433687568
10315 982 533748611
10316 1148 633820061
10317 981 733893160
10318 1166 133381090
10319 1056 233492410
10320 945 333582249
10321 963 433652403
10322 1074 533724872
10323 982 633849544
10324 1260 733925716
10325 1056 133432739
10326 1093 233537152
10327 1074 333652584
10328 944 433792164
10329 944 533867836
10330 963 633958768
10331 944 734026996
10332 1092 133383889
10333 1055 233524950
10334 1093 333608196
10335 1074 433720739
10336 1093 533810133
10337 1093 633946546
10338 963 734014848
10339 1130 133386945
10340 981 233477377
10341 1111 333691253
10342 963 433834351
10343 1075 533909819
10344 1093 633977584
10345 1111 734048460
10346 1426 133434835
10347 1148 233525322
10348 963 333613735
10349 963 433680889
10350 1092 533755802
10351 963 633827530
10352 1092 733897721
10353 1074 133433928
10354 1056 233570304
10355 1130 333639180
10356 963 433759890
10357 1074 533843432
10358 945 633907160
10359 1092 733968907
10360 1056 133433466
10361 963 233521824
10362 982 333589496
10363 1241 433659131
10364 963 533722452
10365 944 633783310
10366 963 733904334
10367 1074 133383616
10368 1092 233501418
10369 1111 333576053
10370 963 433641763
10371 1259 533706620
10372 1092 633781941
10373 981 733845854
10374 945 133433543
10375 963 233524327
10376 962 333603481
10377 944 433679005
10378 963 533740325
10379 1222 633803072
10380 981 733861596
10381 1111 133382082
10382 963 233469087
10383 1093 333537593
10384 944 433599488
10385 1092 533658901
10386 982 633716406
10387 1149 733773745
10388 1074 133386139
10389 1408 233478181
10390 1092 333573132
10391 1093 433644137
10392 945 533709976
10393 945 633769704
10394 963 733828895
10395 1092 133384881
10396 1074 233472053
10397 1296 333539596
10398 1093 433600842
10399 1056 533663792
10400 945 633727298
10401 963 733786341
10402 1444 133384790
10403 1000 233472573
10404 1074 333538171
10405 1352 433600825
10406 945 533662053
10407 981 633728411
10408 944 733784176
10409 1074 133434606
10410 1296 233523260
10411 1092 333594247
10412 1111 433657901
10413 1056 533719721
10414 1092 633781042
10415 1093 733837103
10416 1093 133381311
10417 1093 233524539
10418 1092 333614045
10419 1055 433748958
10420 1129 533819260
10421 1074 633887395
10422 1092 733947901
10423 1352 133388183
10424 1092 233474726
10425 1000 333554694
10426 1148 433618015
10427 1000 533676280
10428 963 633736341
10429 1092 733797088
10430 1129 133383018
10431 982 233471153
10432 982 333538566
10433 945 433606831
10434 1389 533669337
10435 963 633729028
10436 944 733787719
10437 1093 133386260
10438 944 233471581
10439 1389 333632605
10440 1093 433698388
10441 982 533762912
10442 1204 633821640
10443 1000 733881535
10444 1075 133382687
10445 926 233520434
10446 1056 333591180
10447 1074 433656519
10448 963 533718599
10449 1093 633788697
10450 1260 733855999
10451 1056 133435133
10452 1074 233520843
10453 1092 333600071
10454 1074 433679910
10455 1055 533739934
10456 963 633801680
10457 1074 733861223
10458 1130 133383783
10459 963 233526844
10460 945 333594368
10461 1093 433658744
10462 945 533715935
10463 963 633778145
10464 963 733836391
10465 1352 133383266
10466 1000 233473605
10467 945 333540962
10468 945 433604801
10469 945 533663881
10470 945 633724757
10471 963 733838152
10472 963 133384582
10473 1297 233476217
10474 944 333598631
10475 963 433662877
10476 982 533727697
10477 1092 633938500
10478 981 734031487
10479 963 133389509
10480 944 233484497
10481 1315 333589910
10482 1037 433660841
10483 1333 533724403
10484 944 633784464
10485 1055 733843044
10486 1000 133386548
10487 1074 233488924
10488 1092 333583541
10489 1240 433656269
10490 982 533724811
10491 963 633793317
10492 963 733911341
10493 1093 133390401
10494 963 233477351
10495 982 333580764
10496 982 433649696
10497 1259 533711276
10498 963 633775022
10499 982 733895972
10500 1278 133384773
10501 944 233475075
10502 1074 333599747
10503 945 433665827
10504 963 533727981
10505 1371 633797005
10506 1000 733919937
10507 1056 133385182
10508 982 233473169
10509 963 333559434
10510 944 433631051
10511 963 533695946
10512 945 633757377
10513 1130 733823253
10514 1093 133388665
10515 1259 233478634
10516 1111 333600658
10517 945 433673904
10518 945 533735799
10519 944 633794305
10520 963 733854014
10521 1111 133384926
10522 1074 233477043
10523 1074 333569937
10524 1074 433644443
10525 1093 533710171
10526 1407 633783455
10527 1074 733862794
10528 1278 133385650
10529 963 233470618
10530 1351 333540995
10531 1093 433616167
10532 963 533680728
10533 1075 633737141
10534 944 733794092
10535 1111 133386115
10536 1388 233473843
10537 1111 333589052
10538 1074 433662039
10539 963 533725582
10540 963 633783940
10541 944 733847742
10542 1074 133383209
10543 1074 233469493
10544 1149 333542683
10545 1111 433612115
10546 1278 533675491
10547 1000 633749682
10548 944 733813466
10549 1130 133385118
10550 963 233470587
10551 963 333537019
10552 1204 433608802
10553 1074 533677660
10554 963 633744258
10555 963 733805190
10556 1074 133384231
10557 963 233468866
10558 963 333534983
10559 963 433651285
10560 1296 533715717
10561 1130 633776519
10562 982 733840265
10563 1074 133385233
10564 945 233469886
10565 963 333538651
10566 945 433607379
10567 963 533669163
10568 1259 633736243
10569 1000 733795100
10570 1056 133383123
10571 1074 233467221
10572 1074 333534264
10573 944 433653844
10574 963 533722701
10575 926 633786485
10576 1278 733849213
10577 1074 133383532
10578 963 233470000
10579 1074 333567525
10580 1074 433649493
10581 1204 533716573
10582 981 633785709
10583 982 733847640
10584 1092 133383867
10585 963 233470576
10586 945 333535415
10587 963 433604865
10588 981 533668797
10589 963 633730914
10590 945 733792160
10591 1296 133385498
10592 981 233476059
10593 963 333553787
10594 926 433616848
10595 963 533680632
10596 963 633749378
10597 982 733809143
10598 945 133384036
10599 1278 233472338
10600 981 333541455
10601 963 433607164
10602 1000 533672633
10603 926 633736435
10604 963 733797052
10605 1093 133384019
10606 926 233471303
10607 1167 333535456
10608 981 433598407
10609 982 533663412
10610 963 633728918
10611 944 733791202
10612 1074 133385891
10613 944 233475730
10614 1093 333556976
10615 982 433626982
10616 1130 533688969
10617 1112 633758845
10618 963 733821536
10619 1408 133383855
10620 1074 233469324
10621 1093 333542515
10622 944 433610910
10623 1185 533681508
10624 1092 633744551
10625 963 733809501
10626 1111 133386172
10627 981 233480252
10628 1093 333556276
10629 945 433668337
10630 1000 533728658
10631 1111 633789423
10632 1111 733859873
10633 1093 133386766
10634 945 233474438
10635 1111 333559981
10636 1444 433633450
10637 1055 533694956
10638 1056 633837961
10639 1148 733907819
10640 1074 133384508
10641 926 233472070
10642 945 333542075
10643 945 433657525
10644 1092 533721365
10645 963 633783870
10646 1111 733850487
10647 1093 133385991
10648 982 233471571
10649 963 333536873
10650 963 433631360
10651 963 533695866
10652 944 633756835
10653 1000 733821044
10654 1277 133383234
10655 963 233471906
10656 1445 333537300
10657 1056 433603065
10658 963 533666775
10659 963 633726762
10660 944 733787453
10661 1093 133386883
10662 1185 233471111
10663 1018 333592617
10664 1093 433662085
10665 963 533725758
10666 1092 633788523
10667 1111 733851769
10668 1074 133384440
10669 981 233473520
10670 1704 333554896
10671 1203 433631402
10672 1074 533744630
10673 1092 633808469
10674 963 733923345
10675 1092 133382942
10676 944 233488040
10677 1074 333557360
10678 1204 433622033
10679 981 533685224
10680 1055 633752600
10681 1092 733826402
10682 1074 133385295
10683 945 233471504
10684 963 333538621
10685 1074 433600034
10686 1297 533711836
10687 1092 633849435
10688 1074 733986088
10689 1092 133385630
10690 963 233487950
10691 963 333566308
10692 1185 433630832
10693 1075 533693578
10694 1223 633752380
10695 1093 733809497
10696 1074 133397650
10697 1074 233497674
10698 981 333567791
10699 944 433634334
10700 945 533693728
10701 963 633755345
10702 1204 733810999
10703 1074 133383281
10704 1167 233473342
10705 926 333552200
10706 963 433619076
10707 1055 533679508
10708 945 633740976
10709 945 733802593
10710 1111 133387542
10711 926 233472307
10712 944 333540350
10713 982 433603929
10714 944 533713602
10715 1000 633780311
10716 963 733900354
10717 1314 133418118
10718 945 233502475
10719 1463 333574870
10720 1056 433696357
10721 1093 533830029
10722 945 633900109
10723 1074 733964689
10724 1055 133385990
10725 1204 233474310
10726 1130 333559427
10727 1093 433687062
10728 1149 533755512
10729 1092 633819722
10730 1093 733879042
10731 1074 133386269
10732 981 233472145
10733 1334 333558854
10734 963 433685619
10735 945 533759532
10736 963 633826742
10737 963 733885562
10738 1185 133391122
10739 981 233473869
10740 1092 333560060
10741 1056 433633232
10742 981 533693701
10743 944 633813651
10744 1000 733879786
10745 1074 133386031
10746 963 233481907
10747 1148 333572691
10748 1056 433646585
10749 1241 533714035
10750 982 633781152
10751 1093 733844880
10752 1074 133384847
10753 1055 233474409
10754 1093 333541044
10755 1055 433609624
10756 1056 533671222
10757 1222 633786302
10758 1111 733846900
10759 1389 133402145
10760 1074 233488521
10761 1055 333659842
10762 963 433761662
10763 1056 533836353
10764 1092 633903526
10765 1130 734025994
10766 1111 133385813
10767 1074 233472838
10768 1074 333557047
10769 1074 433625553
10770 944 533683892
10771 1074 633749490
10772 963 733809736
10773 1148 133383648
10774 1056 233469802
10775 1055 333552771
10776 982 433622980
10777 1019 533696578
10778 982 633762084
10779 963 733831442
10780 1222 133387372
10781 982 233475544
10782 1241 333561383
10783 1074 433639296
10784 963 533702283
10785 1055 633763697
10786 944 733827832
10787 1055 133384318
10788 1074 233474675
10789 963 333556755
10790 925 433620261
10791 963 533680803
10792 944 633739050
10793 944 733798241
10794 1056 133383504
10795 1259 233471991
10796 1259 333552775
10797 1111 433618151
10798 944 533682249
10799 944 633796718
10800 982 733857538
10801 1074 133386876
10802 1092 233478030
10803 1111 333563424
10804 1037 433629522
10805 1222 533689121
10806 1148 633800478
10807 1093 733866317
10808 1093 133386210
10809 945 233473753
10810 982 333540166
10811 945 433603820
10812 1148 533669604
10813 963 633780017
10814 963 733840245
10815 1093 133385304
10816 963 233472440
10817 963 333558427
10818 944 433630692
10819 945 533693475
10820 1204 633757296
10821 1000 733818505
10822 1074 133383824
10823 926 233468756
10824 981 333593114
10825 945 433661656
10826 963 533726014
10827 963 633789057
10828 1241 733850655
10829 1075 133385418
10830 926 233471202
10831 963 333539485
10832 944 433602010
10833 945 533664867
10834 945 633721891
10835 963 733780971
10836 1112 133384438
10837 1074 233570333
10838 1093 333643024
10839 1112 433708344
10840 944 533766406
10841 963 633825745
10842 944 733884788
10843 1278 133386292
10844 1000 233478390
10845 1149 333567562
10846 1075 433632401
10847 963 533692370
10848 1092 633751802
10849 1111 733826326
10850 1056 133386219
10851 1167 233468299
10852 1148 333539416
10853 944 433614792
10854 963 533673964
10855 982 633731451
10856 945 733841920
10857 1093 133383387
10858 963 233473300
10859 1185 333551251
10860 982 433616219
10861 944 533678392
10862 963 633739934
10863 963 733797440
10864 1092 133385204
10865 944 233472858
10866 963 333538697
10867 1111 433599462
10868 982 533656930
10869 963 633722788
10870 926 733781090
10871 1111 133385872
10872 963 233472896
10873 1074 333538587
10874 963 433599223
10875 1093 533661469
10876 1203 633720716
10877 944 733782944
10878 1074 133382170
10879 963 233471176
10880 1074 333556552
10881 962 433622762
10882 963 533688897
10883 1111 633756273
10884 1000 733817519
10885 1074 133384802
10886 1075 233469844
10887 1074 333535295
10888 1074 433602578
10889 1092 533676973
10890 944 633760775
10891 1204 733934132
10892 1092 133385952
10893 963 233474531
10894 963 333540407
10895 944 433601932
10896 963 533664363
10897 1056 633834202
10898 982 733932467
10899 1092 133387657
10900 944 233474218
10901 944 333541650
10902 944 433614804
10903 963 533746346
10904 945 633815963
10905 963 733878061
10906 1518 133385992
10907 1130 233474182
10908 963 333538040
10909 944 433595046
10910 1056 533655255
10911 944 633716909
10912 963 733835970
10913 1075 133386363
10914 1148 233473221
10915 982 333541708
10916 963 433664288
10917 963 533734497
10918 981 633803281
10919 963 733871305
10920 1093 133381402
10921 944 233471778
10922 1185 333537728
10923 1092 433653697
10924 1074 533717721
10925 963 633784930
10926 945 733843195
10927 963 133385848
10928 926 233478520
10929 944 333557082
10930 1092 433625421
10931 963 533685445
10932 1019 633753450
10933 945 733816456
10934 1037 133385312
10935 962 233470300
10936 944 333533787
10937 963 433615607
10938 1111 533674946
10939 945 633747470
10940 981 733826643
10941 1074 133415999
10942 963 233500894
10943 1426 333567084
10944 945 433689812
10945 1093 533748651
10946 1240 633825250
10947 1111 733901811
10948 1055 133383223
10949 1371 233527654
10950 1074 333664512
10951 1074 433734129
10952 1111 533792616
10953 963 633963436
10954 1074 734027238
10955 1092 133385169
10956 982 233488211
10957 1074 333568495
10958 1111 433632982
10959 1111 533694025
10960 945 633804419
10961 1093 733870573
10962 1463 133387133
10963 963 233472787
10964 1055 333574867
10965 963 433648706
10966 1075 533709248
10967 1019 633781217
10968 945 733849704
10969 1370 133387153
10970 1222 233474770
10971 1093 333568109
10972 1092 433633763
10973 1092 533698176
10974 963 633762645
10975 1055 733828817
10976 1074 133387284
10977 1259 233472142
10978 981 333536370
10979 944 433596431
10980 945 533656288
10981 982 633728479
10982 944 733795300
10983 1092 133385175
10984 945 233472180
10985 1222 333540964
10986 982 433655784
10987 1093 533739290
10988 1111 633807444
10989 944 733865431
10990 1092 133386195
10991 944 233473756
10992 982 333541187
10993 1296 433611619
10994 981 533735810
10995 944 633801927
10996 1075 733866432
10997 1130 133386344
10998 944 233474887
10999 963 333559615
11000 963 433639361
11001 1741 533766589
11002 926 633836836
11003 945 733899156
11004 1111 133389179
11005 963 233481462
11006 1111 333555561
11007 1055 433619937
11008 945 533679294
11009 1204 633738726
11010 981 733803880
11011 1055 133385329
11012 944 233471205
11013 963 333540784
11014 944 433607772
11015 963 533663296
11016 945 633725042
11017 1111 733785715
11018 1074 133387682
11019 926 233474169
11020 944 333554379
11021 945 433619236
11022 982 533680760
11023 945 633742951
11024 963 733814198
11025 1129 133383554
11026 944 233470004
11027 982 333570713
11028 963 433641386
11029 981 533704410
11030 963 633768008
11031 981 733831218
11032 1334 133413092
11033 1111 233502376
11034 1130 333595789
11035 1093 433675961
11036 1093 533738411
11037 944 633881195
11038 945 733946367
11039 1074 133393149
11040 1352 233480803
11041 981 333560235
11042 963 433622555
11043 963 533679265
11044 963 633737733
11045 963 733796350
11046 1074 133383262
11047 944 233472731
11048 1241 333554625
11049 981 433620298
11050 963 533676748
11051 963 633733735
11052 981 733791204
11053 1111 133382615
11054 963 233472010
11055 945 333538571
11056 1204 433602558
11057 1000 533664564
11058 1074 633796699
11059 1111 733866835
11060 1092 133386543
11061 1074 233472345
11062 1074 333574795
11063 962 433649764
11064 1111 533719973
11065 963 633780960
11066 981 733846577
11067 1092 133383785
11068 944 233469717
11069 1000 333541907
11070 1074 433615691
11071 1111 533685882
11072 1315 633750443
11073 1000 733811801
11074 1092 133384509
11075 944 233479811
11076 963 333567853
11077 963 433642637
11078 981 533726902
11079 963 633790259
11080 1222 733851321
11081 1092 133386214
11082 1074 233487034
11083 1074 333581929
11084 1074 433655842
11085 1093 533718644
11086 1000 633778909
11087 1074 733837248
11088 1111 133389067
11089 1111 233478332
11090 1426 333558986
11091 1130 433627695
11092 1074 533688368
11093 1056 633757651
11094 1055 733817009
11095 1611 133384495
11096 963 233473648
11097 1093 333557543
11098 1111 433658845
11099 1074 533754295
11100 1093 633827023
11101 1075 733943695
11102 963 133385366
11103 1241 233476779
11104 1074 333556433
11105 963 433624772
11106 944 533681186
11107 1092 633810062
11108 1074 733911327
11109 1074 133384775
11110 982 233473892
11111 1148 333552250
11112 945 433616570
11113 1111 533680446
11114 944 633738304
11115 1315 733795402
11116 1092 133385555
11117 945 233471486
11118 1000 333566992
11119 1259 433630183
11120 963 533692429
11121 963 633762620
11122 963 733821033
11123 945 133384278
11124 945 233473117
11125 1019 333553030
11126 944 433616777
11127 1204 533679171
11128 963 633740751
11129 963 733800590
11130 1093 133387335
11131 945 233472637
11132 963 333542161
11133 944 433606723
11134 945 533671858
11135 1148 633752975
11136 1000 733881962
11137 1092 133386726
11138 963 233473935
11139 1111 333542515
11140 963 433606113
11141 963 533670841
11142 1074 633734939
11143 1204 733796260
11144 1259 133384727
11145 945 233470103
11146 1296 333536646
11147 1074 433606837
11148 962 533668880
11149 945 633727496
11150 945 733791409
11151 1111 133385099
11152 944 233471364
11153 982 333536351
11154 1092 433602357
11155 944 533661585
11156 1037 633727294
11157 963 733788522
11158 1315 133382915
11159 982 233468680
11160 963 333533704
11161 963 433599006
11162 944 533661438
11163 945 633721388
11164 944 733784894
11165 1185 133384176
11166 1223 233470070
11167 1112 333554298
11168 963 433623489
11169 945 533690902
11170 963 633753112
11171 1111 733817895
11172 1075 133382788
11173 963 233490516
11174 1222 333572652
11175 981 433635102
11176 945 533699737
11177 963 633762873
11178 945 733823693
11179 1093 133388845
11180 945 233475536
11181 1093 333590394
11182 1352 433709177
11183 963 533789405
11184 963 633856485
11185 1093 733927472
11186 1055 133378162
11187 963 233475001
11188 944 333553229
11189 1000 433617031
11190 982 533676925
11191 981 633740746
11192 963 733800492
11193 1074 133397700
11194 1093 233486076
11195 1074 333562860
11196 1092 433631551
11197 981 533695390
11198 1129 633767544
11199 1074 733827864
11200 1037 133385257
11201 982 233474485
11202 945 333541787
11203 944 433603571
11204 944 533665169
11205 1074 633746527
11206 1241 733816421
11207 1055 133385870
11208 1074 233490005
11209 1075 333569529
11210 963 433654813
11211 945 533716596
11212 982 633789065
11213 963 733857812
11214 1111 133389371
11215 963 233480470
11216 945 333553938
11217 963 433627240
11218 945 533695283
11219 963 633757937
11220 944 733816332
11221 1296 133386558
11222 1000 233533286
11223 981 333607403
11224 963 433674742
11225 982 533733803
11226 944 633796050
11227 944 733855537
11228 1056 133406263
11229 1222 233500806
11230 945 333577404
11231 963 433642873
11232 944 533700601
11233 963 633761366
11234 963 733818372
11235 1074 133432580
11236 1130 233520011
11237 1148 333683406
11238 1019 433745004
11239 945 533804269
11240 963 633860497
11241 945 733923299
11242 1092 133382415
11243 963 233471198
11244 1426 333540259
11245 1185 433607969
11246 944 533665197
11247 1111 633728499
11248 1093 733786801
11249 1111 133435120
11250 1111 233523070
11251 945 333596872
11252 945 433666785
11253 1148 533729736
11254 1407 633800575
11255 963 733878432
11256 1074 133390974
11257 1148 233632942
11258 1000 333876189
11259 982 433963157
11260 944 534028719
11261 1111 634090058
11262 963 734206952
11263 1056 133385938
11264 1055 233524333
11265 944 333594172
11266 945 433660455
11267 1426 533722868
11268 945 633783596
11269 1130 733844713
11270 1056 133387884
11271 1055 233475538
11272 1074 333542081
11273 1167 433608308
11274 1074 533670833
11275 945 633728579
11276 1389 733785492
11277 1148 133388108
11278 1074 233526965
11279 981 333595471
11280 982 433659254
11281 1111 533721538
11282 944 633782877
11283 963 733841734
11284 1260 133385831
11285 962 233471282
11286 1092 333538343
11287 1074 433614367
11288 1056 533677465
11289 1093 633740767
11290 944 733802014
11291 1074 133385722
11292 1259 233477376
11293 982 333557196
11294 944 433626128
11295 963 533694263
11296 1092 633813269
11297 963 733875219
11298 1074 133384464
11299 944 233468692
11300 1241 333530216
11301 981 433595537
11302 1075 533658690
11303 963 633723011
11304 1093 733782887
11305 1111 133385391
11306 963 233472619
11307 963 333538829
11308 1222 433600094
11309 1000 533662266
11310 963 633724531
11311 944 733786611
11312 1093 133388874
11313 1074 233476584
11314 944 333555923
11315 945 433619817
11316 1259 533681416
11317 1093 633778847
11318 1074 733899946
11319 1074 133383487
11320 945 233470511
11321 945 333591035
11322 945 433656078
11323 944 533716288
11324 1129 633798923
11325 963 733859040
11326 1056 133381229
11327 963 233467994
11328 1296 333534000
11329 1093 433594857
11330 945 533652122
11331 982 633709998
11332 1129 733769412
11333 1056 133386101
11334 963 233473014
11335 1093 333539779
11336 1074 433606600
11337 963 533665994
11338 1074 633729037
11339 1074 733788746
11340 1129 133390288
11341 945 233483108
11342 1055 333610077
11343 1055 433679583
11344 945 533739199
11345 944 633798020
11346 963 733856100
11347 1574 133416530
11348 982 233503387
11349 982 333580226
11350 926 433655954
11351 963 533717664
11352 926 633779873
11353 944 733838972
11354 1074 133384902
11355 1222 233526500
11356 944 333602858
11357 1000 433669456
11358 944 533726369
11359 944 633789023
11360 963 733860288
11361 1092 133385811
11362 944 233477002
11363 1129 333594952
11364 1018 433661828
11365 944 533734593
11366 1074 633911543
11367 963 733987345
11368 1074 133387423
11369 963 233473651
11370 1204 333568268
11371 1241 433637107
11372 1148 533728002
11373 1074 633789174
11374 944 733844921
11375 1111 133387518
11376 1000 233473135
11377 981 333553011
11378 944 433616609
11379 1074 533675393
11380 981 633739695
11381 963 733803848
11382 1074 133385483
11383 944 233472692
11384 944 333539920
11385 963 433603426
11386 962 533686469
11387 1241 633752011
11388 982 733814850
11389 1093 133381614
11390 963 233468990
11391 1074 333545755
11392 1056 433611594
11393 945 533672285
11394 963 633736995
11395 1129 733794612
11396 1056 133383523
11397 963 233469770
11398 982 333543868
11399 926 433621318
11400 926 533678861
11401 963 633741811
11402 963 733798354
11403 1445 133386395
11404 1185 233474308
11405 1074 333553870
11406 1056 433623079
11407 1055 533687548
11408 1111 633753683
11409 1074 733815244
11410 1259 133384286
11411 1000 233472791
11412 926 333539982
11413 1075 433606117
11414 963 533675623
11415 963 633736129
11416 944 733794135
11417 1092 133410102
11418 1259 233498256
11419 1093 333622465
11420 1074 433689712
11421 963 533753569
11422 1463 633819297
11423 945 733883173
11424 1092 133386437
11425 1000 233473331
11426 1093 333552874
11427 981 433620991
11428 963 533682274
11429 963 633746317
11430 982 733806545
11431 1074 133383994
11432 981 233469555
11433 1093 333603227
11434 1092 433676863
11435 945 533744035
11436 926 633809467
11437 926 733955472
11438 1038 133382254
11439 981 233467594
11440 1352 333532099
11441 945 433596364
11442 1333 533654611
11443 1148 633717450
11444 1111 733775215
11445 1093 133386293
11446 945 233475002
11447 944 333540712
11448 963 433614847
11449 944 533674853
11450 1148 633792544
11451 982 733861512
11452 1500 133423443
11453 982 233594837
11454 944 333730195
11455 963 433864441
11456 944 533941040
11457 982 634009434
11458 1222 734127829
11459 1092 133385111
11460 963 233466672
11461 963 333531678
11462 981 433646554
11463 963 533706874
11464 926 633767454
11465 963 733827090
11466 1111 133385409
11467 1075 233472025
11468 945 333537253
11469 963 433602092
11470 1093 533671894
11471 963 633803604
11472 944 733871480
11473 1463 133384577
11474 981 233468842
11475 945 333533125
11476 944 433601094
11477 981 533732174
11478 945 633855253
11479 926 733922944
11480 1075 133384726
11481 1240 233472288
11482 981 333537349
11483 1075 433597169
11484 1092 533658805
11485 963 633718885
11486 944 733782335
11487 1055 133387358
11488 944 233481419
11489 1389 333606350
11490 963 433680523
11491 982 533747158
11492 981 633821627
11493 963 733882818
11494 1074 133384155
11495 1074 233476161
11496 1444 333560482
11497 1204 433642691
11498 1092 533720197
11499 1092 633785110
11500 1130 733844967
11501 1092 133385694
11502 963 233486774
11503 926 333575242
11504 1352 433641526
11505 1241 533708920
11506 1352 633781648
11507 963 733845432
11508 1092 133394492
11509 963 233493812
11510 982 333574429
11511 963 433646361
11512 944 533709663
11513 1240 633777965
11514 981 733840989
11515 982 133397678
11516 926 233486017
11517 1296 333560023
11518 963 433619936
11519 963 533677960
11520 963 633738911
11521 1075 733799064
11522 1056 133384124
11523 1074 233470686
11524 1093 333535858
11525 944 433600623
11526 945 533658406
11527 1037 633722079
11528 1056 733885140
11529 1241 133386885
11530 1315 233478502
11531 1074 333557193
11532 1370 433622384
11533 944 533735112
11534 963 633815395
11535 963 733877567
11536 1500 133383683
11537 1000 233467800
11538 963 333541472
11539 1000 433603552
11540 963 533660132
11541 944 633716934
11542 1000 733776495
11543 1074 133382536
11544 1333 233466357
11545 1111 333532751
11546 1093 433598905
11547 963 533660448
11548 1093 633718935
11549 982 733779033
11550 1074 133387371
11551 1093 233472247
11552 1222 333538586
11553 963 433601777
11554 944 533659005
11555 1074 633715363
11556 1111 733781442
11557 1074 133386965
11558 1074 233472193
11559 1260 333539254
11560 1129 433603279
11561 981 533718229
11562 963 633793512
11563 1074 733868036
11564 1370 133388356
11565 1074 233529435
11566 1074 333600404
11567 981 433672373
11568 1167 533736897
11569 1112 633794291
11570 1074 733850353
11571 1092 133394487
11572 1074 233480048
11573 1186 333604405
11574 1111 433677652
11575 1259 533791454
11576 1297 633854700
11577 981 733911799
11578 1074 133386247
11579 1055 233471698
11580 1093 333595555
11581 945 433678857
11582 944 533743752
11583 1056 633817887
11584 1055 733878745
11585 1075 133385304
11586 926 233474440
11587 1055 333583316
11588 1092 433710544
11589 1000 533778920
11590 963 633841037
11591 945 733905357
11592 1112 133395787
11593 1074 233488145
11594 1074 333625799
11595 963 433696879
11596 944 533757866
11597 982 633822612
11598 963 733881766
11599 1314 133432382
11600 1093 233523165
11601 1055 333594671
11602 1074 433746788
11603 962 533889553
11604 1111 633959799
11605 1092 734028916
11606 1093 133386290
11607 1148 233473741
11608 944 333539154
11609 944 433603141
11610 963 533664147
11611 981 633729745
11612 944 733787195
11613 1055 133381922
11614 1000 233470594
11615 1278 333537877
11616 1111 433610161
11617 1056 533674981
11618 1092 633740932
11619 945 733799659
11620 1074 133387293
11621 981 233475003
11622 945 333537471
11623 1130 433599014
11624 963 533659798
11625 963 633722377
11626 944 733782161
11627 1055 133395221
11628 963 233487152
11629 1074 333574880
11630 981 433639868
11631 1129 533702818
11632 1000 633770768
11633 981 733831885
11634 1074 133386056
11635 981 233472747
11636 1056 333640789
11637 963 433710295
11638 945 533769819
11639 1166 633844603
11640 963 733908164
11641 1074 133396483
11642 1074 233482433
11643 963 333554865
11644 944 433615852
11645 944 533675284
11646 945 633734030
11647 1111 733793351
11648 1093 133389003
11649 944 233527435
11650 963 333598385
11651 963 433662742
11652 963 533723600
11653 962 633785421
11654 963 733856037
11655 1167 133394171
11656 944 233486233
11657 963 333554812
11658 944 433625318
11659 945 533681305
11660 1093 633789644
11661 944 733848113
11662 1315 133385506
11663 1130 233475660
11664 1074 333557684
11665 944 433622338
11666 1056 533679010
11667 963 633740757
11668 963 733815596
11669 1111 133384230
11670 1556 233472717
11671 963 333544112
11672 1092 433612210
11673 1222 533681327
11674 1056 633793221
11675 1055 733852005
11676 1092 133385954
11677 1111 233473330
11678 1259 333543854
11679 1111 433612730
11680 1222 533674606
11681 1093 633733926
11682 944 733790914
11683 944 133382344
11684 963 233469238
11685 926 333537429
11686 1241 433602898
11687 944 533672719
11688 1074 633770854
11689 962 733867749
11690 1148 133389012
11691 963 233488481
11692 1092 333568635
11693 944 433648548
11694 1112 533713090
11695 963 633772522
11696 963 733832046
11697 1092 133389199
11698 963 233476501
11699 963 333553636
11700 1093 433621290
11701 1092 533684722
11702 1240 633800098
11703 963 733861289
11704 1074 133388793
11705 963 233477373
11706 1092 333555638
11707 981 433629273
11708 1148 533694853
11709 945 633756784
11710 1278 733816438
11711 1093 133383998
11712 945 233470522
11713 1111 333558602
11714 945 433625589
11715 963 533690595
11716 1093 633751693
11717 1000 733812273
11718 1129 133386778
11719 963 233470987
11720 981 333540882
11721 926 433608554
11722 982 533669615
11723 963 633732380
11724 945 733791571
11725 1296 133389094
11726 1278 233474155
11727 963 333557476
11728 1055 433618519
11729 1204 533678487
11730 1056 633733993
11731 1074 733793406
11732 1074 133386003
11733 1222 233472972
11734 1426 333539459
11735 963 433607335
11736 926 533671063
11737 981 633777254
11738 1055 734039056
11739 1056 133385930
11740 963 233471418
11741 1370 333536164
11742 981 433602448
11743 963 533663861
11744 963 633729589
11745 1111 733862928
11746 1092 133387525
11747 963 233487771
11748 982 333564647
11749 1167 433630634
11750 1111 533746344
11751 945 633812701
11752 963 733872633
11753 1092 133389304
11754 963 233474310
11755 963 333542963
11756 982 433612765
11757 1408 533682493
11758 1000 633750481
11759 945 733814708
11760 1093 133383046
11761 926 233468126
11762 1074 333532595
11763 1093 433614378
11764 1074 533677550
11765 1259 633745167
11766 1000 733812951
11767 1093 133386325
11768 1111 233474979
11769 1074 333581318
11770 1093 433651898
11771 963 533718885
11772 982 633782650
11773 1185 733849619
11774 1074 133432531
11775 1111 233525425
11776 1111 333591153
11777 963 433654937
11778 981 533721887
11779 1074 633791263
11780 963 733851880
11781 1185 133394069
11782 1111 233484964
11783 1222 333555136
11784 1075 433617308
11785 1093 533696462
11786 1055 633811672
11787 944 733937659
11788 1296 133386163
11789 1056 233472743
11790 1074 333537749
11791 945 433601828
11792 963 533663038
11793 963 633724655
11794 944 733788753
11795 1074 133383646
11796 1241 233468596
11797 1130 333536676
11798 944 433602960
11799 1092 533667447
11800 944 633729897
11801 1093 733796254
11802 1093 133384314
11803 1074 233473968
11804 1240 333554678
11805 1074 433621609
11806 963 533686800
11807 982 633749972
11808 963 733918478
11809 1111 133383390
11810 1111 233472044
11811 1112 333539586
11812 1130 433604129
11813 1000 533665357
11814 963 633733067
11815 982 733802961
11816 1093 133382243
11817 944 233466749
11818 1055 333534514
11819 963 433595371
11820 1334 533653599
11821 1389 633717605
11822 1093 733784481
11823 1074 133382874
11824 963 233470917
11825 944 333538701
11826 944 433606651
11827 926 533664805
11828 1130 633730514
11829 963 733793409
11830 1074 133385043
11831 963 233470752
11832 981 333537332
11833 963 433604967
11834 963 533674417
11835 1074 633734497
11836 1037 733884151
11837 1092 133390137
11838 963 233481420
11839 1000 333557389
11840 963 433622228
11841 945 533682437
11842 963 633744480
11843 981 733803838
11844 1092 133391620
11845 1000 233478755
11846 963 333559779
11847 945 433630970
11848 1074 533809291
11849 945 633931722
11850 963 733995543
11851 1277 133390140
11852 981 233475590
11853 1056 333553762
11854 963 433620712
11855 1074 533680144
11856 1092 633737872
11857 963 733795433
11858 1055 133383234
11859 1130 233473221
11860 945 333545708
11861 982 433613973
11862 944 533673757
11863 963 633729781
11864 963 733790731
11865 1074 133387476
11866 963 233478889
11867 1240 333557321
11868 981 433619882
11869 963 533677258
11870 962 633742542
11871 982 733842658
11872 1408 133433218
11873 963 233519316
11874 963 333581044
11875 1111 433644198
11876 963 533702834
11877 963 633762413
11878 944 733852697
11879 1074 133386183
11880 1093 233473077
11881 1259 333539194
11882 1056 433607755
11883 1278 533676965
11884 982 633741563
11885 963 733811680
11886 1074 133395406
11887 963 233499708
11888 981 333571955
11889 981 433641294
11890 963 533699374
11891 1222 633756639
11892 982 733818144
11893 1112 133391037
11894 963 233476506
11895 1074 333552475
11896 1092 433616555
11897 1092 533677894
11898 1297 633737751
11899 1019 733794275
11900 1074 133392095
11901 963 233476878
11902 945 333541939
11903 963 433603889
11904 963 533663784
11905 963 633720882
11906 945 733835610
11907 1056 133382633
11908 1426 233467491
11909 1074 333531441
11910 945 433589909
11911 963 533647452
11912 945 633711476
11913 981 733772723
11914 1278 133397227
11915 1018 233482585
11916 1352 333556424
11917 944 433620059
11918 982 533677398
11919 963 633738330
11920 981 733799521
11921 1074 133384803
11922 1148 233472049
11923 963 333565221
11924 981 433625968
11925 981 533684511
11926 1092 633748924
11927 1055 733865800
11928 1074 133383082
11929 963 233468514
11930 1241 333531649
11931 981 433594044
11932 963 533657586
11933 981 633723148
11934 982 733784764
11935 1093 133383324
11936 1074 233468904
11937 1056 333533187
11938 1148 433594397
11939 1000 533652921
11940 1093 633709834
11941 944 733769155
11942 1129 133392011
11943 963 233482128
11944 1093 333562022
11945 982 433627639
11946 1074 533687404
11947 1111 633747873
11948 1463 733888101
11949 1092 133385346
11950 963 233474925
11951 1092 333556450
11952 1074 433709678
11953 1092 533797054
11954 1278 633858300
11955 1426 733924584
11956 1093 133384995
11957 944 233472705
11958 963 333540822
11959 963 433601494
11960 963 533661629
11961 963 633719468
11962 1130 733778381
11963 1074 133388552
11964 944 233475521
11965 1037 333559619
11966 1074 433684607
11967 962 533750372
11968 945 633812303
11969 926 733869327
11970 1130 133384572
11971 963 233468245
11972 944 333541399
11973 945 433665256
11974 944 533733429
11975 944 633793694
11976 963 733851699
11977 1314 133386241
11978 981 233472006
11979 1074 333541326
11980 1111 433606128
11981 1074 533680208
11982 1019 633744176
11983 1074 733809923
11984 1074 133410520
11985 1241 233498414
11986 1092 333570902
11987 1092 433638426
11988 963 533700487
11989 944 633760030
11990 963 733817850
11991 1093 133385058
11992 1074 233472101
11993 1055 333538107
11994 1112 433598723
11995 1093 533660099
11996 963 633716605
11997 1056 733773944
11998 1055 133384393
11999 982 233468787
12000 926 333536719
12001 1167 433610280
12002 981 533669453
12003 963 633725477
12004 926 733780816
12005 1111 133390746
12006 963 233484659
12007 944 333578591
12008 944 433645893
12009 1130 533707991
12010 981 633764719
12011 945 733822428
12012 1075 133386432
12013 945 233474734
12014 963 333542407
12015 944 433605857
12016 1074 533667585
12017 1278 633726850
12018 1000 733786374
12019 1130 133386267
12020 945 233471106
12021 963 333539279
12022 1093 433691451
12023 982 533788864
12024 963 633860129
12025 1240 733977950
12026 1092 133392232
12027 963 233483700
12028 1000 333557243
12029 963 433619138
12030 945 533679995
12031 1093 633748575
12032 1092 733829581
12033 1129 133385789
12034 1111 233472683
12035 1093 333555300
12036 1093 433697806
12037 1055 533766201
12038 1111 633836077
12039 1056 733897082
12040 1352 133386531
12041 982 233481666
12042 1112 333557079
12043 1352 433624826
12044 945 533689109
12045 945 633750078
12046 944 733809121
12047 1055 133390218
12048 1463 233477816
12049 1093 333553525
12050 963 433622846
12051 963 533684259
12052 963 633748431
12053 982 733810974
12054 1074 133386478
12055 1074 233473966
12056 1130 333539823
12057 981 433601940
12058 1074 533674316
12059 945 633737525
12060 944 733794698
12061 1055 133385406
12062 963 233472986
12063 1074 333569788
12064 1092 433646349
12065 1129 533717040
12066 1074 633779768
12067 1074 733894996
12068 1075 133384592
12069 1241 233469746
12070 944 333536308
12071 1074 433607184
12072 1278 533676782
12073 945 633739380
12074 945 733799497
12075 1074 133390427
12076 963 233480266
12077 963 333557050
12078 1074 433621500
12079 944 533684506
12080 1370 633742882
12081 1000 733802128
12082 1074 133383651
12083 1074 233471509
12084 1092 333539533
12085 945 433606779
12086 963 533672192
12087 963 633748568
12088 1130 733814148
12089 1093 133383967
12090 1333 233468973
12091 1074 333535571
12092 963 433595281
12093 963 533657823
12094 1074 633718903
12095 1074 733783946
12096 1093 133384117
12097 1075 233467511
12098 1056 333535480
12099 945 433611967
12100 1111 533674492
12101 963 633734664
12102 963 733796688
12103 1686 133386803
12104 981 233473772
12105 1074 333552759
12106 1074 433616580
12107 1074 533681882
12108 963 633748961
12109 1130 733809041
12110 1093 133434471
12111 1204 233521514
12112 1129 333618705
12113 1093 433694081
12114 1092 533756735
12115 963 633818277
12116 963 733881857
12117 1093 133382991
12118 945 233468404
12119 1204 333538669
12120 981 433596786
12121 963 533655329
12122 963 633721408
12123 944 733783914
12124 1074 133385418
12125 1074 233476202
12126 963 333554170
12127 1148 433617287
12128 963 533676441
12129 1111 633759706
12130 1093 733821415
12131 1055 133391068
12132 1074 233478833
12133 926 333554912
12134 945 433616640
12135 1148 533685257
12136 981 633747874
12137 1092 733813565
12138 1092 133436421
12139 1056 233525482
12140 945 333598654
12141 944 433661142
12142 944 533721666
12143 1389 633787005
12144 982 733846473
12145 1074 133393348
12146 1389 233477761
12147 963 333553470
12148 963 433616902
12149 945 533677815
12150 963 633743895
12151 1000 733806364
12152 1204 133383516
12153 963 233471707
12154 963 333538953
12155 963 433602977
12156 963 533664742
12157 963 633725656
12158 1093 733833124
12159 1074 133390758
12160 1093 233478893
12161 1056 333552714
12162 1074 433618164
12163 944 533676744
12164 963 633736805
12165 1055 733796348
12166 1704 133385074
12167 963 233471932
12168 944 333536012
12169 944 433600240
12170 963 533661171
12171 944 633721270
12172 944 733778257
12173 1129 133386039
12174 1111 233472545
12175 944 333535884
12176 1092 433614982
12177 982 533682969
12178 963 633743827
12179 926 733802610
12180 1111 133386670
12181 1093 233522527
12182 1092 333588552
12183 1130 433650094
12184 944 533715341
12185 945 633775328
12186 1056 733835241
12187 1056 133382375
12188 945 233471084
12189 963 333535812
12190 1092 433607726
12191 963 533673083
12192 963 633734478
12193 945 733791687
12194 1074 133389099
12195 963 233526104
12196 1370 333592944
12197 1074 433660375
12198 1111 533731325
12199 1130 633794053
12200 1092 733850948
12201 1074 133393341
12202 926 233477958
12203 945 333538204
12204 1056 433599617
12205 963 533659567
12206 1630 633715184
12207 981 733772153
12208 1074 133385472
12209 981 233510441
12210 945 333579761
12211 1074 433644489
12212 963 533701847
12213 944 633764075
12214 1259 733838247
12215 1093 133387529
12216 944 233476887
12217 926 333552133
12218 1092 433614954
12219 1074 533681645
12220 963 633745224
12221 945 733816804
12222 1130 133385956
12223 963 233473518
12224 1037 333541412
12225 963 433602344
12226 944 533664387
12227 963 633729559
12228 944 733793843
12229 1259 133393717
12230 1000 233479556
12231 926 333541506
12232 1093 433629771
12233 1111 533701814
12234 1093 633766838
12235 945 733916251
12236 1037 133383163
12237 1297 233470613
12238 981 333637749
12239 944 433766884
12240 945 533942334
12241 1019 634012506
12242 945 734078086
12243 1241 133386109
12244 944 233472115
12245 1537 333541732
12246 981 433680534
12247 963 533746243
12248 982 633809952
12249 944 733866977
12250 1074 133386018
12251 944 233473246
12252 963 333590789
12253 1167 433650461
12254 982 533709022
12255 963 633771898
12256 945 733830126
12257 1092 133383279
12258 1074 233471877
12259 1074 333550309
12260 1055 433617222
12261 1296 533681672
12262 1019 633757844
12263 945 733887442
12264 1074 133445817
12265 944 233543490
12266 963 333628273
12267 1074 433753908
12268 1074 533817507
12269 1259 633885827
12270 1111 733964240
12271 1111 133433874
12272 1074 233523676
12273 963 333643941
12274 945 433709039
12275 945 533824119
12276 1074 633893347
12277 1092 733952557
12278 1093 133388931
12279 944 233475363
12280 1055 333552332
12281 1074 433729930
12282 963 533822769
12283 963 633884700
12284 963 733945984
12285 1111 133394803
12286 1149 233487438
12287 963 333559296
12288 1111 433674635
12289 1074 533740622
12290 963 633800443
12291 963 733858430
12292 1259 133388990
12293 1000 233478255
12294 1000 333553816
12295 982 433616099
12296 963 533675624
12297 963 633732815
12298 962 733793080
12299 1093 133383454
12300 1240 233468664
12301 981 333532410
12302 1074 433593934
12303 1074 533651847
12304 944 633707372
12305 926 733765451
12306 963 133383900
12307 1000 233468313
12308 1075 333537874
12309 944 433597547
12310 945 533655571
12311 944 633712540
12312 982 733768360
12313 1092 133386198
12314 944 233473685
12315 945 333540709
12316 1148 433603882
12317 1259 533665665
12318 963 633725004
12319 963 733782880
12320 1241 133386514
12321 926 233472057
12322 1000 333537414
12323 945 433653716
12324 1093 533767018
12325 945 633828413
12326 963 733889456
12327 1093 133391349
12328 1055 233478281
12329 1130 333553249
12330 1074 433617514
12331 945 533679964
12332 1092 633739915
12333 981 733799180
12334 963 133388332
12335 944 233473560
12336 963 333539454
12337 945 433655182
12338 1000 533721855
12339 963 633785860
12340 1074 733844440
12341 1092 133435982
12342 1074 233521561
12343 963 333585400
12344 963 433651147
12345 1093 533713930
12346 963 633780214
12347 1111 733839034
12348 1278 133387094
12349 944 233478063
12350 944 333567476
12351 963 433632426
12352 963 533697339
12353 1000 633762604
12354 982 733821980
12355 1259 133390540
12356 1112 233475249
12357 963 333537755
12358 963 433618409
12359 945 533678618
12360 1055 633738365
12361 962 733798260
12362 1093 133384430
12363 1426 233669881
12364 1000 333758886
12365 963 433882559
12366 944 533952509
12367 982 634015107
12368 1148 734091280
12369 1075 133381950
12370 963 233467289
12371 1130 333532647
12372 1000 433597801
12373 963 533662751
12374 1092 633727535
12375 1093 733792540
12376 1074 133387193
12377 963 233472884
12378 1074 333539630
12379 1611 433606969
12380 1463 533667512
12381 1111 633729073
12382 944 733791116
12383 1055 133385065
12384 945 233470533
12385 944 333537539
12386 944 433600008
12387 1019 533663328
12388 982 633724741
12389 926 733783932
12390 1074 133392214
12391 944 233484720
12392 945 333550429
12393 963 433613213
12394 981 533689293
12395 1537 633820150
12396 945 733886748
12397 1074 133385308
12398 963 233470351
12399 944 333533542
12400 945 433602214
12401 945 533679201
12402 981 633856189
12403 1574 733924639
12404 1074 133385402
12405 944 233471575
12406 1074 333534858
12407 1425 433596031
12408 1056 533710740
12409 963 633782949
12410 963 733843029
12411 1092 133438219
12412 982 233527576
12413 926 333593860
12414 944 433670495
12415 944 533730223
12416 981 633791303
12417 945 733854808
12418 1333 133384109
12419 1111 233475948
12420 1074 333541176
12421 944 433604108
12422 963 533716613
12423 982 633782378
12424 963 733851199
12425 1148 133387555
12426 1259 233472746
12427 1352 333539196
12428 963 433598461
12429 944 533661004
12430 1000 633725083
12431 963 733793571
12432 1074 133387334
12433 981 233470655
12434 1204 333538364
12435 963 433731777
12436 926 533793135
12437 963 633853437
12438 963 733914998
12439 1074 133382002
12440 944 233468286
12441 982 333553921
12442 1870 433711612
12443 963 533830525
12444 1111 633906327
12445 1074 734026777
12446 1056 133393170
12447 1056 233485750
12448 944 333554034
12449 1334 433614576
12450 1222 533723934
12451 1130 633788699
12452 1093 733848927
12453 1093 133394227
12454 1074 233490048
12455 944 333569350
12456 1093 433648133
12457 1074 533715806
12458 1315 633786034
12459 981 733846484
12460 1074 133385803
12461 1055 233525235
12462 944 333590926
12463 945 433654209
12464 1055 533719567
12465 1055 633777943
12466 1148 733838597
12467 1093 133389860
12468 1074 233482051
12469 963 333564261
12470 963 433638174
12471 963 533699642
12472 963 633759926
12473 963 733820265
12474 1296 133387362
12475 1074 233471442
12476 1074 333537614
12477 1056 433602842
12478 963 533665700
12479 945 633725872
12480 963 733785322
12481 1704 133387734
12482 945 233474184
12483 981 333569968
12484 926 433642159
12485 945 533706479
12486 963 633767003
12487 963 733831028
12488 963 133391791
12489 1019 233479630
12490 963 333552673
12491 963 433611123
12492 963 533676277
12493 944 633738135
12494 963 733800029
12495 1074 133386182
12496 1000 233476817
12497 1055 333569397
12498 1130 433631254
12499 945 533688945
12500 963 633745192
12501 944 733804068
12502 1055 133392980
12503 944 233555319
12504 944 333627510
12505 1148 433691830
12506 982 533750280
12507 963 633816286
12508 944 733878829
12509 1093 133384518
12510 945 233467709
12511 963 333526807
12512 963 433583239
12513 1204 533641652
12514 963 633702325
12515 963 733762386
12516 1278 133407446
12517 1074 233516544
12518 1074 333583217
12519 1055 433698130
12520 1056 533765783
12521 1241 633832937
12522 963 733895313
12523 1055 133387744
12524 1074 233470546
12525 1129 333535663
12526 926 433596724
12527 1074 533658915
12528 1056 633714772
12529 1204 733774556
12530 1092 133398801
12531 944 233481992
12532 1074 333566072
12533 1074 433625337
12534 1074 533686250
12535 945 633743107
12536 963 733802817
12537 1222 133385636
12538 1074 233467456
12539 963 333538369
12540 944 433602172
12541 963 533662566
12542 1074 633724516
12543 1074 733788133
12544 1296 133387286
12545 1130 233471569
12546 963 333563908
12547 945 433631858
12548 981 533689753
12549 1074 633751629
12550 963 733810227
12551 1093 133391157
12552 1204 233476904
12553 1018 333537984
12554 963 433601489
12555 963 533663014
12556 1074 633723408
12557 945 733785562
12558 1092 133386752
12559 1056 233469257
12560 1148 333535948
12561 981 433597732
12562 963 533659756
12563 963 633771595
12564 963 733836878
12565 1111 133387438
12566 1092 233470407
12567 1074 333534783
12568 1297 433598529
12569 1130 533668572
12570 1056 633731633
12571 1093 733798213
12572 1092 133395440
12573 1056 233487149
12574 926 333563155
12575 944 433635957
12576 1222 533692944
12577 981 633754746
12578 1074 733905085
12579 1130 133392330
12580 963 233481206
12581 963 333554990
12582 1074 433621292
12583 1093 533682871
12584 1111 633740525
12585 1000 733800327
12586 1055 133386739
12587 1092 233471319
12588 1315 333537287
12589 963 433595941
12590 944 533657688
12591 1056 633718656
12592 1278 733777384
12593 1074 133385926
12594 963 233472024
12595 1204 333538511
12596 963 433604313
12597 944 533665430
12598 945 633722250
12599 945 733781293
12600 1111 133391353
